Time,HV Battery SOC (%),HV Battery Power (kW),HV Battery Current (A),G-Force (1),Vehicle Speed (km/hr) (km/hr)
00:00:00.0000,70,0,0,-0,0
00:00:00.0000,70,0,0,-0,0
00:00:00.1000,70,0,0,-0,0
00:00:00.2000,70,0,0,-0,0
00:00:00.3000,70,0,0,-0,0
00:00:00.4000,70,0,0,-0,0
00:00:00.5000,70,0,0,-0,0
00:00:00.6000,70,0,0,-0,0
00:00:00.7000,70,0,0,-0,0
00:00:00.7999,70,0,0,-0,0
00:00:00.9000,70,0,0,-0,0
00:00:01.0000,70,0,0,-0,0
00:00:01.1000,70,0,0,-0,0
00:00:01.2000,70,0,0,-0,0
00:00:01.3000,70,0,0,-0,0
00:00:01.4000,70,0,0,-0,0
00:00:01.5000,70,0,0,-0,0
00:00:01.6000,70,0,0,-0,0
00:00:01.7000,70,0,0,-0,0
00:00:01.8000,70,0,0,-0,0
00:00:01.9000,70,0,0,-0,0
00:00:02.0000,70,0,0,-0,0
00:00:02.1000,70,0,0,-0,0
00:00:02.2000,70,0,0,-0,0
00:00:02.3000,70,0,0,-0,0
00:00:02.4000,70,0,0,-0,0
00:00:02.5000,70,0,0,-0,0
00:00:02.6000,70,0,0,-0,0
00:00:02.7000,70,0,0,-0,0
00:00:02.8000,70,0,0,-0,0
00:00:02.9000,70,0,0,-0,0
00:00:03.0000,70,0,0,-0,0
00:00:03.1000,70,0,0,-0,0
00:00:03.2000,70,0,0,-0,0
00:00:03.3000,70,0,0,-0,0
00:00:03.4000,70,0,0,-0,0
00:00:03.5000,70,0,0,-0,0
00:00:03.6000,70,0,0,-0,0
00:00:03.7000,70,0,0,-0,0
00:00:03.8000,70,0,0,-0,0
00:00:03.9000,70,0,0,-0,0
00:00:04.0000,70,0,0,-0,0
00:00:04.1000,70,0,0,-0,0
00:00:04.1999,70,0,0,-0,0
00:00:04.2999,70,0,0,-0,0
00:00:04.3999,70,0,0,-0,0
00:00:04.5000,70,0,0,-0,0
00:00:04.6000,70,0,0,-0,0
00:00:04.6999,70,0,0,-0,0
00:00:04.7999,70,0,0,-0,0
00:00:04.8999,70,0,0,-0,0
00:00:05.0000,70,0,0,-0,0
00:00:05.1000,70,0,0,-0,0
00:00:05.1999,70,0,0,-0,0
00:00:05.2999,70,0,0,-0,0
00:00:05.3999,70,0,0,-0,0
00:00:05.5000,70,0,0,-0,0
00:00:05.6000,70,0,0,-0,0
00:00:05.6999,70,0,0,-0,0
00:00:05.7999,70,0,0,-0,0
00:00:05.8999,70,0,0,-0,0
00:00:06.0000,70,0,0,-0,0
00:00:06.1000,70,0,0,-0,0
00:00:06.1999,70,0,0,-0,0
00:00:06.2999,70,0,0,-0,0
00:00:06.3999,70,0,0,-0,0
00:00:06.5000,70,0,0,-0,0
00:00:06.6000,70,0,0,-0,0
00:00:06.6999,70,0,0,-0,0
00:00:06.7999,70,0,0,-0,0
00:00:06.8999,70,0,0,-0,0
00:00:07.0000,70,0,0,-0,0
00:00:07.1000,70,0,0,-0,0
00:00:07.1999,70,0,0,-0,0
00:00:07.2999,70,0,0,-0,0
00:00:07.3999,70,0,0,-0,0
00:00:07.5000,70,0,0,-0,0
00:00:07.6000,70,0,0,-0,0
00:00:07.6999,70,0,0,-0,0
00:00:07.7999,70,0,0,-0,0
00:00:07.8999,70,0,0,-0,0
00:00:08.0000,70,0,0,-0,0
00:00:08.1000,70,0,0,-0,0
00:00:08.2000,70,0,0,-0,0
00:00:08.2999,70,0,0,-0,0
00:00:08.3999,70,0,0,-0,0
00:00:08.5000,70,0,0,-0,0
00:00:08.6000,70,0,0,-0,0
00:00:08.7000,70,0,0,-0,0
00:00:08.7999,70,0,0,-0,0
00:00:08.8999,70,0,0,-0,0
00:00:09.0000,70,0,0,-0,0
00:00:09.1000,70,0,0,-0,0
00:00:09.2000,70,0,0,-0,0
00:00:09.2999,70,0,0,-0,0
00:00:09.3999,70,0,0,-0,0
00:00:09.5000,70,0,0,-0,0
00:00:09.6000,70,0,0,-0,0
00:00:09.7000,70,0,0,-0,0
00:00:09.7999,70,0,0,-0,0
00:00:09.8999,70,0,0,-0,0
00:00:10.0000,70,0,0,-0,0
00:00:10.0000,70,3.89726533549324e-23,1.14625451043919e-22,1.49563199683643e-17,2.75951879307526e-20
00:00:10.0000,70,2.99955716280489e-15,8.82222694942616e-15,4.19311361821202e-09,5.93734969181484e-12
00:00:10.0000,70,4.7026396699165e-14,1.38312931468132e-13,1.66025127315799e-08,2.94461148642887e-11
00:00:10.0001,70,2.88027649904536e-13,8.47140146778047e-13,4.1087995269313e-08,8.76257439246953e-11
00:00:10.0001,70,9.75309148207975e-13,2.86855631825875e-12,7.56076507762069e-08,1.78599868601632e-10
00:00:10.0002,70,5.87401977948244e-12,1.72765287631836e-11,1.8554722646983e-07,5.4041344244844e-10
00:00:10.0003,70,5.3426215165994e-11,1.57135926958806e-10,5.59561409725449e-07,2.26739049138428e-09
00:00:10.0006,70,1.00357235795633e-09,2.95168340575391e-09,2.42496233730667e-06,1.66269168399913e-08
00:00:10.0007,70,4.0855049464789e-09,1.20161910190556e-08,4.89251513514803e-06,4.08869685475122e-08
00:00:10.0009,70,1.25019501259204e-08,3.67704415468247e-08,8.55806774929766e-06,8.50380159256181e-08
00:00:10.0011,70,3.15276770626673e-08,9.27284619490215e-08,1.35896864846562e-05,1.5738098578449e-07
00:00:10.0013,70,6.91195114948875e-08,2.03292680867316e-07,2.01205407412158e-05,2.6715393653426e-07
00:00:10.0015,70,1.36343044049185e-07,4.0100895308584e-07,2.82573257228835e-05,4.24372735144747e-07
00:00:10.0017,70,2.47708338615891e-07,7.28553937105561e-07,3.80854941899439e-05,6.39679779274865e-07
00:00:10.0019,69.9999999999999,4.8377536079276e-07,1.422868708214e-06,5.32203554003032e-05,1.01881261142194e-06
00:00:10.0022,69.9999999999998,9.80255033719466e-07,2.88310304035137e-06,7.57501612902666e-05,1.67313680316239e-06
00:00:10.0025,69.9999999999996,1.80731839548463e-06,5.31564233966067e-06,0.000102846379664817,2.57777229292676e-06
00:00:10.0028,69.9999999999992,3.521338667823e-06,1.03568784347735e-05,0.000143539351114772,4.14828130183127e-06
00:00:10.0033,69.9999999999981,7.09582432375911e-06,2.0870071540468e-05,0.000203727588380102,6.86945985182261e-06
00:00:10.0038,69.9999999999953,1.44737843051467e-05,4.25699538386667e-05,0.000290907638650131,1.15268333372239e-05
00:00:10.0044,69.9999999999886,2.9852998596794e-05,8.78029370493942e-05,0.000417689557814837,1.95891886588895e-05
00:00:10.0052,69.9999999999709,6.31729048163283e-05,0.000185802661224495,0.000607422662286972,3.41003151621447e-05
00:00:10.0063,69.9999999999207,0.000139990470121483,0.000411736676827892,0.000903843178610754,6.18013589489402e-05
00:00:10.0077,69.9999999997628,0.000331750438502636,0.000975736583831282,0.00139054205155409,0.000118654826247924
00:00:10.0096,69.999999999204,0.000852444741849061,0.00250719041720312,0.00222678431586943,0.000244437465965317
00:00:10.0116,69.9999999979711,0.00179476980682093,0.00527873472594391,0.00322705301135104,0.000433417061930528
00:00:10.0135,69.9999999956189,0.00330486932609557,0.00972020390028108,0.0043716920445526,0.000696105610954841
00:00:10.0155,69.9999999915703,0.00552661289009209,0.0162547437943885,0.00564023959443835,0.00104178557258028
00:00:10.0174,69.9999999851222,0.00859448573858787,0.0252778992311408,0.00701156426787706,0.0014782969884296
00:00:10.0194,69.9999999754578,0.0126276827922332,0.0371402435065681,0.0084648594401763,0.00201202125503328
00:00:10.0213,69.9999999616616,0.0177253774182521,0.0521334629948591,0.00998278276039543,0.00264803755200966
00:00:10.0238,69.9999999366525,0.0257908286596671,0.0758553784107855,0.0119758423976856,0.00360422287667168
00:00:10.0272,69.9999998845972,0.0399631988814106,0.117538820239443,0.0148379620612288,0.00520929733193254
00:00:10.0311,69.9999997913844,0.0610244610700514,0.179483709029563,0.0182892454542643,0.00752253765323668
00:00:10.0351,69.9999996555705,0.0866208813617109,0.254767298122679,0.0217456939369945,0.0103161035543777
00:00:10.0390,69.999999469663,0.115983729197939,0.341128615288056,0.0251098168853565,0.0135842505557839
00:00:10.0430,69.9999992278,0.148020638917015,0.435354820344162,0.0283033289194764,0.017309079231782
00:00:10.0469,69.999998926293,0.181430280824737,0.533618473013933,0.0312611522954477,0.0214624778241904
00:00:10.0509,69.9999985639027,0.214822706139846,0.631831488646607,0.0339312587261045,0.0260080870709569
00:00:10.0561,69.9999979983872,0.256335275809823,0.753927281793596,0.0369339161889691,0.0324943296029245
00:00:10.0613,69.9999973397467,0.29282036475298,0.861236366920529,0.0393229464443964,0.0394737755981439
00:00:10.0675,69.9999964453978,0.327255369947917,0.962515793964461,0.0413587710796102,0.0483604064406846
00:00:10.0738,69.9999954695157,0.349530030690193,1.02802950202998,0.0424999952726964,0.0575983125716981
00:00:10.0800,69.999994447155,0.359312092406593,1.0568002717841,0.0428168092654031,0.0669994902511647
00:00:10.0863,69.9999934124681,0.357722583299724,1.05212524499919,0.0424190255814938,0.0763944915729697
00:00:10.0925,69.9999923950369,0.346911410074865,1.02032767669078,0.0414436077051172,0.0856408879897445
00:00:10.0988,69.9999914175926,0.329559900469112,0.969293824909153,0.0400418605332928,0.0946279446815912
00:00:10.1050,69.9999904951099,0.308425988114958,0.907135259161642,0.0383677036814151,0.103278457695276
00:00:10.1113,69.999989635044,0.286001385193317,0.841180544686228,0.0365676793494251,0.111548227972513
00:00:10.1175,69.9999888383577,0.26430664061627,0.777372472400795,0.0347730246922844,0.119423587567997
00:00:10.1238,69.999988100961,0.244815496356341,0.720045577518649,0.0330939542640766,0.126917431009665
00:00:10.1300,69.9999874152371,0.228477956414446,0.671993989454253,0.0316161489857173,0.134064228991154
00:00:10.1363,69.9999867714281,0.215802644815859,0.634713661223115,0.03039931838905,0.140914492292039
00:00:10.1439,69.9999860203492,0.205478191944483,0.604347623366126,0.029309776622791,0.149025915778866
00:00:10.1516,69.9999852961861,0.200714526855752,0.590336843693389,0.028674643753019,0.1569035591422
00:00:10.1593,69.9999845801781,0.201036217706772,0.591282993255212,0.028465858705001,0.164665359966884
00:00:10.1670,69.9999838554725,0.205761066140616,0.605179606295928,0.0286225821541961,0.172418131449758
00:00:10.1747,69.9999831079063,0.214053213158318,0.629568273995052,0.0290621190118229,0.180249527258392
00:00:10.1824,69.9999823264964,0.22496320913889,0.661656497467325,0.0296914830136301,0.188223595963696
00:00:10.1900,69.9999815037497,0.23747463944568,0.698454821899058,0.0304178320200956,0.196379385233235
00:00:10.1977,69.9999806357748,0.250568766959524,0.73696696164566,0.0311569097842332,0.204732086231657
00:00:10.2054,69.9999797221414,0.263303754474252,0.774422807277213,0.0318391006559876,0.213276128828871
00:00:10.2131,69.9999787654662,0.274894254594799,0.808512513514115,0.0324130090172662,0.221989580908297
00:00:10.2233,69.9999774320569,0.287616476737727,0.845930813934492,0.0329566421595021,0.233813847808847
00:00:10.2369,69.9999755974181,0.299036809375539,0.879520027575114,0.033275810308516,0.249624686679306
00:00:10.2504,69.9999737085055,0.304853299708035,0.896627352082457,0.0332046300677836,0.265497651772829
00:00:10.2640,69.9999717942057,0.30672858314728,0.902142891609646,0.0328714842668058,0.281281394280669
00:00:10.2775,69.9999698720842,0.306876298593274,0.902577348803746,0.0324308407971176,0.296887925573355
00:00:10.2910,69.9999679468819,0.30733073531688,0.903913927402587,0.0320201240126993,0.312296969920568
00:00:10.3046,69.9999660128338,0.30948166175243,0.910240181624795,0.0317310009954944,0.327542064379689
00:00:10.3181,69.9999640579577,0.313926645108892,0.923313662084977,0.0315996816463232,0.342687266995246
00:00:10.3369,69.9999612838144,0.323434563212433,0.951278127095391,0.031638050970709,0.363675682174984
00:00:10.3557,69.9999584176942,0.335382500833189,0.986419120097615,0.0318272248327441,0.384732231676873
00:00:10.3744,69.9999554471909,0.34786543347312,1.02313362786212,0.0320383815824235,0.405912160314314
00:00:10.3932,69.9999523736189,0.359380408162181,1.057001200477,0.0321784134165293,0.42720269434652
00:00:10.4120,69.9999492072197,0.36929603586052,1.08616481135447,0.0322143100854948,0.448550479163364
00:00:10.4405,69.9999442568324,0.382193752411274,1.12409927179786,0.0321384856689006,0.480894318708068
00:00:10.4690,69.9999391388502,0.394332543854389,1.15980159957173,0.0320218489569343,0.51315401830387
00:00:10.5000,69.9999333771169,0.408575790346047,1.20169350101778,0.0319604760039582,0.548176218853912
00:00:10.5004,69.9999332920305,0.408843621670931,1.20248124020862,0.0319631236809089,0.548683792893834
00:00:10.5008,69.9999332068714,0.409247895440958,1.2036702807087,0.0319735908208347,0.5491914849958
00:00:10.5015,69.999933077499,0.410311585941359,1.20679878218047,0.0320152360472429,0.549961992848087
00:00:10.5022,69.9999329476797,0.412042966747159,1.21189107866811,0.0320949297409755,0.550733986596199
00:00:10.5029,69.9999328171914,0.414538875975391,1.21923198816291,0.0322179279508812,0.551508428091466
00:00:10.5036,69.9999326857877,0.417841139688603,1.22894452849589,0.0323861959967098,0.552286376063801
00:00:10.5045,69.9999325122744,0.423382905975162,1.24524384110342,0.0326740188309396,0.55330996542506
00:00:10.5058,69.9999322552643,0.433881039377162,1.27612070405048,0.0332246647693014,0.554816780518867
00:00:10.5077,69.9999318658763,0.454312357321649,1.33621281565191,0.034293776849495,0.557073899955737
00:00:10.5104,69.9999312719599,0.493663653150561,1.45195192103106,0.0363103014816583,0.560445475371649
00:00:10.5140,69.9999303673197,0.565969900928241,1.6646173556713,0.039845038368405,0.565397465961549
00:00:10.5177,69.9999293213348,0.659805715343646,1.94060504512837,0.044132449262777,0.570854867770807
00:00:10.5214,69.9999280983158,0.774499710438513,2.27794032481915,0.0489895937746104,0.576902579061514
00:00:10.5251,69.9999266638693,0.908772260320809,2.67285958917885,0.0542430701606062,0.583603926739055
00:00:10.5287,69.9999249864763,1.06057433112429,3.11933626801262,0.059731457161378,0.591000373993403
00:00:10.5324,69.9999230388596,1.22703072676337,3.60891390224521,0.0653061969383444,0.599113042944064
00:00:10.5361,69.9999207992936,1.40449865170401,4.13087838736474,0.0708325644767681,0.607944582188111
00:00:10.5407,69.9999175339069,1.6370162010768,4.81475353257884,0.0775387083474298,0.620084971504018
00:00:10.5453,69.9999137696716,1.87100155636994,5.50294575402925,0.0837789378992845,0.633282290267086
00:00:10.5500,69.9999095138157,2.09698688756325,6.16760849283308,0.0893920343983609,0.647447762902395
00:00:10.5559,69.9999034255977,2.35905733205536,6.93840391780989,0.0954417836785149,0.666712256571912
00:00:10.5618,69.9998966819653,2.57889010484803,7.58497089661184,0.100136219051784,0.687095076375803
00:00:10.5677,69.999889410888,2.74618319880607,8.07700940825314,0.103419443851177,0.708310635494348
00:00:10.5736,69.9998817611518,2.85612468438983,8.40036671879363,0.105320050505888,0.730068733263964
00:00:10.5795,69.9998738874441,2.9093579148348,8.55693504363177,0.105939259343279,0.752092366247957
00:00:10.5854,69.9998659366858,2.91114310843321,8.56218561303886,0.105434540138017,0.774131310005797
00:00:10.5913,69.9998580372237,2.87007042086007,8.44138359076493,0.104002252951558,0.795971998868754
00:00:10.5973,69.9998502916792,2.79662627715196,8.22537140338813,0.101860821469735,0.817443870546556
00:00:10.6032,69.9998427735451,2.70185099847266,7.9466205837431,0.0992352876826334,0.838422379223812
00:00:10.6091,69.9998355270798,2.59624844790832,7.63602484678918,0.0963438485653478,0.858829010487268
00:00:10.6150,69.9998285697219,2.48902612662994,7.32066507832336,0.0933867972458129,0.878628745488059
00:00:10.6221,69.999820515186,2.36808518832756,6.96495643625753,0.0899762338414697,0.901818871745821
00:00:10.6293,69.9998128295185,2.26497435197121,6.66168927050356,0.0869604866055431,0.92420146472832
00:00:10.6365,69.9998054449388,2.18558983285842,6.42820539076006,0.084508166478043,0.945896016715619
00:00:10.6454,69.9997965420972,2.12404362136333,6.24718712165684,0.0823828725465557,0.972179105980954
00:00:10.6543,69.9997878096572,2.1030861232526,6.18554742133117,0.0812960773329968,0.99795737833378
00:00:10.6632,69.9997790900985,2.11896353048037,6.23224567788345,0.0811579789086662,1.02353840581019
00:00:10.6721,69.9997702455919,2.16517212290911,6.36815330267386,0.0817874531493138,1.04919011845835
00:00:10.6810,69.9997611684512,2.23341373256074,6.5688639192963,0.0829503836840017,1.07511642469957
00:00:10.6899,69.9997517866951,2.31455492482577,6.80751448478169,0.0843982961082741,1.10144628180101
00:00:10.6988,69.9997420654563,2.39959361932514,7.05762829213277,0.0859008894851519,1.12823409968331
00:00:10.7077,69.9997320045131,2.48058585193574,7.29584074098746,0.0872695292198649,1.15546890113694
00:00:10.7186,69.99971934895,2.56477737941463,7.54346288063125,0.0885607046439159,1.18911851333081
00:00:10.7317,69.9997035494206,2.63879480363125,7.76116118715073,0.0894516646884302,1.23036284670047
00:00:10.7479,69.9996836262891,2.68862036923831,7.90770696834799,0.0896042612272283,1.28146987640869
00:00:10.7614,69.9996668198174,2.7023399851163,7.94805877975382,0.0891203614987734,1.323984526976
00:00:10.7749,69.9996499601275,2.70295618701788,7.94987113828787,0.0883631782187892,1.36621848576939
00:00:10.7883,69.9996330951309,2.70194911405355,7.94690915898103,0.0875905764531775,1.40809929684878
00:00:10.8018,69.9996162104383,2.70792275648513,7.96447869554451,0.0869927182948631,1.4496608588614
00:00:10.8182,69.9995955818413,2.73057982935799,8.03111714517055,0.0866287738949992,1.49988874883697
00:00:10.8409,69.9995665952757,2.7864007553714,8.19529633932763,0.0866855643388414,1.56933368561145
00:00:10.8635,69.9995369524869,2.85816860297566,8.40637824404606,0.0870982675856298,1.63894211237622
00:00:10.8862,69.9995065743888,2.93000810284009,8.61767089070615,0.0875115508474181,1.70884973558703
00:00:10.9089,69.9994755081572,2.99130625083537,8.7979595612805,0.08770279066772,1.77898249571239
00:00:10.9316,69.9994438627756,3.04030241073312,8.94206591392095,0.0876448322001123,1.84917005653667
00:00:10.9386,69.999433992961,3.05316900074511,8.97990882572092,0.0875827341669621,1.87082023774708
00:00:10.9455,69.9994240965375,3.06348679961296,9.0102552929793,0.0874699159381318,1.89242562294844
00:00:10.9525,69.9994141664055,3.0686641476348,9.02548278716118,0.0872535285952065,1.91396404682688
00:00:10.9642,69.9993975527732,3.07389885173932,9.04087897570387,0.0868285786732045,1.94976239381323
00:00:10.9759,69.9993809052598,3.0801676125913,9.05931650762147,0.0864325823507468,1.9853974764232
00:00:10.9876,69.9993642273354,3.0885007018394,9.0838255936453,0.0860853774126798,2.02093034361919
00:00:11.0000,69.9993464668197,3.10166774911797,9.12255220328814,0.0858117202905464,2.05853873643003
00:00:11.0008,69.9993452011537,3.10344978502094,9.12779348535571,0.0858097592891949,2.06120925880377
00:00:11.0017,69.9993439343145,3.10687615220006,9.13787103588252,0.0858413710483608,2.06388031001995
00:00:11.0031,69.9993419016791,3.11755443340229,9.16927774530084,0.0859977289147714,2.06816076057541
00:00:11.0045,69.999339859698,3.13521048757934,9.22120731640981,0.0862954457957507,2.07245264243962
00:00:11.0059,69.9993378038865,3.15997602421063,9.29404713003128,0.0867359203162525,2.07676287095717
00:00:11.0074,69.9993357297237,3.19154999555329,9.38691175162732,0.0873113727324823,2.08109832858968
00:00:11.0101,69.9993315772817,3.27154735814898,9.62219811220288,0.0887897210660319,2.08972756487135
00:00:11.0156,69.9993230744776,3.48669960165763,10.2549988284048,0.0927583556212309,2.10714078865102
00:00:11.0210,69.9993139481685,3.7685462119979,11.0839594470526,0.0978388237339808,2.12541763946713
00:00:11.0264,69.9993040570127,4.10024876066672,12.0595551784315,0.10361075613969,2.14472407995762
00:00:11.0318,69.9992932977208,4.46397373776707,13.1293345228443,0.109686550419835,2.16515732297407
00:00:11.0373,69.9992816121522,4.84139007561796,14.239382575347,0.115726042661413,2.18674520601102
00:00:11.0427,69.9992689882292,5.21438391439987,15.3364232776467,0.121442747222925,2.2094548243266
00:00:11.0481,69.9992554578568,5.56605480521512,16.3707494271033,0.126607664783193,2.2332035177135
00:00:11.0535,69.9992410923441,5.88178934945275,17.2993804395669,0.131051117575205,2.2578703191734
00:00:11.0589,69.9992259954895,6.15018268558872,18.0887726046727,0.134662165651043,2.28330733208182
00:00:11.0659,69.999205917282,6.41217560007795,18.8593400002293,0.137977992586973,2.31655959053727
00:00:11.0747,69.9991794519075,6.61098041611877,19.4440600474082,0.140173001371704,2.35970600821179
00:00:11.0835,69.9991524605098,6.66867774596103,19.613758076356,0.140337243886176,2.40322623201998
00:00:11.0923,69.9991254540207,6.61152951856041,19.4456750545895,0.138882508313992,2.44656220013361
00:00:11.1011,69.9990988238818,6.47596517209366,19.0469563885108,0.136321077157984,2.4892911574073
00:00:11.1099,69.9990728117397,6.30070097517494,18.5314734563969,0.133187424739292,2.53115085887778
00:00:11.1186,69.9990475114532,6.12045291198323,18.0013320940683,0.129970669436199,2.57203696552581
00:00:11.1274,69.999022892052,5.96219303162647,17.5358618577249,0.127066322109566,2.61198177147982
00:00:11.1362,69.9989988312742,5.84378521716909,17.1876035799091,0.124749456123861,2.65112137606539
00:00:11.1450,69.9989751514963,5.77431308579323,16.9832737817448,0.123167859823796,2.68965766861728
00:00:11.1571,69.9989428094608,5.75915895470808,16.938702807965,0.122210534762704,2.74212469058478
00:00:11.1692,69.9989103354537,5.82381384900625,17.1288642617831,0.122456078758256,2.79443178464203
00:00:11.1813,69.9988773569651,5.94495125264773,17.4851507430816,0.123531274530269,2.84700189053714
00:00:11.1934,69.9988436371149,6.09444580748297,17.924840610244,0.12499649158647,2.90009505631359
00:00:11.2055,69.9988090898676,6.24538265074402,18.3687725021883,0.12644885769309,2.95379571809154
00:00:11.2176,69.9987737607253,6.37702499636562,18.7559558716636,0.127594714345354,3.00804152530628
00:00:11.2297,69.9987377851917,6.47767153279955,19.0519750964693,0.128281093510208,3.06267508681756
00:00:11.2450,69.9986916923917,6.55873557758006,19.2903987575884,0.128488512691017,3.13194323460435
00:00:11.2603,69.9986451585083,6.59979269408023,19.4111549825889,0.128137893056119,3.20118338194422
00:00:11.2756,69.9985983917541,6.62012318218684,19.4709505358436,0.127507725954959,3.27017592402578
00:00:11.2909,69.9985514712374,6.63930248933143,19.5273602627395,0.126872669455961,3.33884177105996
00:00:11.3061,69.9985043612118,6.6713124724957,19.6215072720462,0.126424783694459,3.4072239625464
00:00:11.3214,69.9984569562629,6.72207666594665,19.7708137233725,0.126241352326596,3.47543758301873
00:00:11.3457,69.998380871421,6.83285637340508,20.0966363923679,0.12636691638934,3.58358480185772
00:00:11.3699,69.998303466625,6.96127691667051,20.4743438725603,0.126725047157979,3.69191492699142
00:00:11.3941,69.9982246711831,7.08554124786488,20.8398271996026,0.12701807396057,3.80049566789902
00:00:11.4184,69.9981445785017,7.19455587211945,21.1604584474101,0.127103674298114,3.90922738629828
00:00:11.4501,69.9980378791523,7.31968265170214,21.5284783873592,0.126983947727354,4.0517250389291
00:00:11.4819,69.9979293466343,7.4403005126193,21.8832368018215,0.126811394013964,4.19408565303053
00:00:11.5000,69.9978668968981,7.51163743665244,22.0930512842719,0.12675222275739,4.27487164128476
00:00:11.5014,69.9978618088205,7.52018814231447,22.118200418572,0.126782722050749,4.28141800297697
00:00:11.5029,69.9978567128124,7.53454906311221,22.1604384209183,0.126887019423932,4.28796801862431
00:00:11.5050,69.9978492131265,7.56965830992526,22.2637009115449,0.127217718629519,4.29759215471336
00:00:11.5072,69.997841670151,7.62154290037761,22.4163026481694,0.127759172752122,4.30724940667105
00:00:11.5093,69.997834068102,7.68910196147919,22.6150057690565,0.128495283331484,4.31695480817291
00:00:11.5127,69.9978217255608,7.82528635946984,23.0155481160878,0.130014718451942,4.33264134026088
00:00:11.5189,69.9977989308435,8.1373467734725,23.9333728631544,0.133531091296051,4.36134187860246
00:00:11.5251,69.9977751558493,8.51544093524784,25.0454145154348,0.137762488323567,4.39088037726752
00:00:11.5312,69.9977502583561,8.93098289873854,26.2675967609957,0.142327864071903,4.4213665302643
00:00:11.5374,69.9977241690983,9.35654393309875,27.5192468620551,0.146889187406014,4.45283838920151
00:00:11.5436,69.9976968930125,9.7672991255114,28.7273503691512,0.151166160610767,4.48526687647658
00:00:11.5497,69.9976685008851,10.1421938889895,29.8299820264397,0.154942142381587,4.51856822238273
00:00:11.5559,69.9976391168929,10.4649393857724,30.7792334875657,0.158065931801078,4.5526182783701
00:00:11.5639,69.997599532014,10.7906366556605,31.7371666342956,0.161026367774766,4.59795922642307
00:00:11.5743,69.9975470838952,11.0430415509377,32.4795339733462,0.162978950214937,4.65735501758057
00:00:11.5847,69.9974938349375,11.1208152505052,32.7082801485449,0.163053698315086,4.71713098815655
00:00:11.5951,69.9974405158101,11.0623892035856,32.5364388340754,0.161691164805782,4.7766908880996
00:00:11.6055,69.9973876528111,10.9199924632248,32.1176248918377,0.159448918272521,4.8356108936487
00:00:11.6159,69.9973355241326,10.7470785196487,31.6090544695551,0.156890552107803,4.89366909450593
00:00:11.6263,69.9972841743668,10.5886677879911,31.1431405529149,0.154495332968806,4.95083285003672
00:00:11.6367,69.9972334656612,10.4760900135374,30.8120294515805,0.152602202465081,5.00721861291597
00:00:11.6471,69.9971831451399,10.4256796140614,30.6637635707688,0.1513896145444,5.06303775890156
00:00:11.6606,69.9971175831885,10.4547418009743,30.7492405911008,0.15084195729933,5.13541062597381
00:00:11.6742,69.9970515753259,10.5718193779704,31.0935864057953,0.151242144571814,5.20773724083651
00:00:11.6878,69.9969843482717,10.7447644675993,31.6022484341155,0.152222357694499,5.28073561582042
00:00:11.7014,69.9969159978862,10.9357888426724,32.1640848313895,0.153372896573615,5.35422632780402
00:00:11.7150,69.9968465041013,11.1131273968771,32.6856688143444,0.154358486193722,5.42821650019728
00:00:11.7287,69.9967760066566,11.2570049755413,33.1088381633568,0.154980629484796,5.50258670673055
00:00:11.7458,69.9966864795406,11.3833949616038,33.4805734164817,0.155192776030997,5.59616029002453
00:00:11.7677,69.9965705595755,11.4832469470265,33.7742557265484,0.154828790895923,5.71606467157376
00:00:11.7896,69.9964537190003,11.5556166439805,33.9871077764133,0.154196086889408,5.83562123795814
00:00:11.8115,69.9963360303617,11.6416580752745,34.2401708096309,0.153714072328641,5.95478099408659
00:00:11.8334,69.9962172857651,11.7606020850112,34.5900061323858,0.15357005428637,6.07371025671486
00:00:11.8616,69.9960626400799,11.9509781546332,35.1499357489212,0.153758249316517,6.22659663511245
00:00:11.8897,69.995905475546,12.1537432276764,35.7463036108129,0.154061070456425,6.37969250300189
00:00:11.9179,69.9957457928733,12.342930514815,36.3027368082795,0.154223989507102,6.53299220766267
00:00:11.9461,69.9955837783046,12.5122550631685,36.8007501857898,0.154192756159997,6.68635424179324
00:00:11.9937,69.9953047547607,12.7861990647449,37.6064678374849,0.154024394002926,6.94567900049066
00:00:12.0000,69.9952678299201,12.8212447223911,37.7095433011502,0.15399575722371,6.97955951215221
00:00:12.0024,69.9952531749904,12.8415080601312,37.769141353327,0.154044379049288,6.99297809456513
00:00:12.0049,69.9952384893269,12.874242272485,37.8654184484854,0.154209744382136,7.00640632945886
00:00:12.0079,69.9952206619333,12.9333295656334,38.0392046048042,0.154591340946448,7.02267791272677
00:00:12.0109,69.9952027395558,13.0121573834468,38.2710511277847,0.15515530741729,7.03899910511111
00:00:12.0151,69.9951771481435,13.1512474995822,38.6801397046536,0.156203871678852,7.06222991695302
00:00:12.0233,69.995126674197,13.4822388445239,39.6536436603645,0.158775951354147,7.10775886734746
00:00:12.0314,69.9950748633402,13.8625499192556,40.7722056448695,0.161750993519063,7.15408133350873
00:00:12.0396,69.9950216152504,14.2503854331203,41.9128983327068,0.164739299159255,7.20125291765976
00:00:12.0478,69.9949669639418,14.6104031976496,42.971774110734,0.167427813958076,7.24923585610626
00:00:12.0560,69.9949110590275,14.9164931798827,43.8720387643609,0.169598833214373,7.29791598105691
00:00:12.0663,69.994839430894,15.2014723056695,44.710212663734,0.17141730295772,7.35979133751595
00:00:12.0798,69.994743695639,15.4056183466238,45.3106421959524,0.172299722281797,7.44182368766489
00:00:12.0933,69.9946471719786,15.4471099599608,45.432676352826,0.171776419205878,7.52395651326822
00:00:12.1069,69.9945506653005,15.3859734529888,45.2528630970258,0.170381916511433,7.60566126485096
00:00:12.1204,69.9944546047049,15.2905066971735,44.9720785210985,0.168707220605938,7.68666186459543
00:00:12.1339,69.9943590378803,15.2180112574617,44.7588566395933,0.167244417139058,7.76693386949441
00:00:12.1474,69.9942637270441,15.2037182515321,44.7168183868591,0.166293735775948,7.84663947042856
00:00:12.1610,69.9941682885962,15.2585975344084,44.8782280423775,0.1659436196389,7.92603436479162
00:00:12.1801,69.9940324847185,15.4283397237621,45.3774697757709,0.166237057000028,8.03815832828782
00:00:12.1992,69.9938949680725,15.6563008342865,46.0479436302545,0.167012850288901,8.15061184570178
00:00:12.2183,69.9937554875549,15.8848948971049,46.720279109132,0.167777318733089,8.26354892374102
00:00:12.2374,69.9936141830266,16.0758378614134,47.2818760629807,0.168215169624549,8.37687208559306
00:00:12.2565,69.9934714012917,16.2193418209765,47.7039465322838,0.16825560570306,8.49035630336979
00:00:12.2846,69.9932592130149,16.381314803354,48.1803376569235,0.167913943040162,8.65727729004908
00:00:12.3128,69.9930448996941,16.5345974350501,48.631168926618,0.167510824146146,8.8238745385061
00:00:12.3409,69.9928283497659,16.716801762848,49.1670640083766,0.167348646650729,8.99022297128488
00:00:12.3690,69.9926092241513,16.9305275550293,49.795669279498,0.167439920944615,9.15653377067884
00:00:12.4097,69.9922875337236,17.2512739266777,50.7390409608168,0.167659565886962,9.39709857103729
00:00:12.4503,69.9919600330824,17.5556180975595,51.6341708751751,0.167744511838284,9.63783854492398
00:00:12.5000,69.9915526435147,17.9036365017946,52.657754417043,0.167664735245643,9.93180160076879
00:00:12.5679,69.9909814731363,18.3828348696275,54.0671613812574,0.167577807543427,10.3343395742439
00:00:12.6359,69.9903949280456,18.8765600851065,55.5192943679603,0.167599690169032,10.7368334191572
00:00:12.7359,69.9895041358768,19.6044657706497,57.6601934430873,0.167640205992478,11.3288140687872
00:00:12.8359,69.9885798546099,20.3259547874979,59.782219963229,0.167630896450128,11.9208157324134
00:00:12.9359,69.9876221479946,21.047227157514,61.9036092868059,0.167617783198727,12.5127938771503
00:00:13.0000,69.986991653141,21.5106750928989,63.2666914497027,0.16762032273744,12.8916542919347
00:00:13.0026,69.9869651042866,21.5195714203332,63.2928571186272,0.167551612615229,12.9074292586401
00:00:13.0053,69.9869385583458,21.5079186920249,63.2585843883085,0.167347230880309,12.9231907540237
00:00:13.0079,69.9869120416895,21.4725207766547,63.1544728725138,0.166986233886116,12.9389255100228
00:00:13.0106,69.9868855818769,21.4151301643243,62.9856769538951,0.166480253674221,12.9546196653283
00:00:13.0150,69.9868421551875,21.2824936789371,62.5955696439327,0.16539541113716,12.9803690347712
00:00:13.0236,69.986758554596,20.9363638092996,61.5775406155871,0.162702367602383,13.0299326948113
00:00:13.0321,69.9866764305649,20.5277760738321,60.3758119818592,0.159593014752672,13.0786287369121
00:00:13.0407,69.9865958898545,20.1225408356238,59.1839436341876,0.156503600325505,13.1264026296988
00:00:13.0492,69.9865168275156,19.771578810201,58.1517023829442,0.153777812069677,13.173307882526
00:00:13.0578,69.9864389719891,19.5082801573537,57.3772945804521,0.151645542902645,13.2194843390704
00:00:13.0686,69.9863415036661,19.3243171500262,56.8362269118417,0.149963414784583,13.2772265795931
00:00:13.0826,69.9862168546395,19.3182585628718,56.8184075378582,0.149372058694405,13.3508713216932
00:00:13.0965,69.9860916265913,19.5155922279394,57.39880067041,0.150156364806752,13.4245436122066
00:00:13.1104,69.9859648158749,19.8295352734246,58.3221625688959,0.151710792956448,13.498756423904
00:00:13.1243,69.9858359598935,20.1688582416018,59.320171298829,0.153411869766774,13.5737384071555
00:00:13.1382,69.9857051098547,20.4610679373358,60.1796115803995,0.15477849049658,13.6494539551822
00:00:13.1521,69.9855726753042,20.6659316804024,60.7821520011835,0.155554792449653,13.7256883082166
00:00:13.1690,69.9854107951986,20.7930011544513,61.1558857483863,0.155693068959788,13.8184010609983
00:00:13.1859,69.9852482642971,20.8238683692209,61.2466716741791,0.155204510690222,13.9110270886041
00:00:13.2028,69.9850855967654,20.8151350051664,61.2209853093129,0.154464501594408,14.0033122322299
00:00:13.2197,69.9849229087859,20.818806241549,61.2317830633794,0.153812432587782,14.095202397381
00:00:13.2365,69.9847600033324,20.8659251185427,61.3703679957137,0.153447547043467,14.1867986623241
00:00:13.2589,69.9845429504651,20.9999425606191,61.7645369429975,0.153428454558979,14.3081584364313
00:00:13.2866,69.9842727331037,21.2260498218181,62.429558299465,0.153791247978335,14.4581238084234
00:00:13.3142,69.9839996904317,21.4558626457738,63.1054783699231,0.154170090450791,14.6084058230197
00:00:13.3418,69.9837240040615,21.6478850141695,63.670250041675,0.154304214003805,14.758911915818
00:00:13.3755,69.9833849812959,21.8363128064441,64.2244494307181,0.1541800199737,14.9423829474162
00:00:13.4166,69.9829677228015,22.0559508738173,64.8704437465215,0.153969812546064,15.1658474414384
00:00:13.4577,69.982545966848,22.3004931276542,65.5896856695712,0.1539167970337,15.3891610023157
00:00:13.5000,69.9821066001642,22.5748830583865,66.3967148776073,0.153999812732205,15.6191312634081
00:00:13.5014,69.9820915217397,22.5794110423678,66.4100324775524,0.153973258522779,15.6269763570705
00:00:13.5028,69.9820764440478,22.5722419608297,66.3889469436168,0.153875708880522,15.6348183637867
00:00:13.5051,69.9820528506498,22.5294133168539,66.2629803436879,0.153531192553556,15.647085529971
00:00:13.5074,69.982029322257,22.4483503244949,66.024559777926,0.152954636299786,15.6593158498752
00:00:13.5096,69.9820058964498,22.3321718128989,65.6828582732321,0.152164607322336,15.6714919079981
00:00:13.5131,69.9819697135077,22.0932318353878,64.9800936334935,0.150580213181689,15.6903018397826
00:00:13.5197,69.9819036076553,21.5113818257183,63.2687700756421,0.146785163107023,15.7246935254445
00:00:13.5262,69.9818394330191,20.8106954061069,61.2079276650202,0.142238904728367,15.7581262531679
00:00:13.5328,69.9817774260281,20.0655025822523,59.0161840654479,0.137387159584728,15.7904832610153
00:00:13.5394,69.98171763253,19.3389135000728,56.8791573531554,0.132619558422864,15.8217361981813
00:00:13.5459,69.9816599284802,18.6800653532428,54.9413686860083,0.128250890883928,15.8519379678597
00:00:13.5525,69.9816040605243,18.1237944399702,53.3052777646183,0.12451419442369,15.881205622497
00:00:13.5604,69.9815379613122,17.6155248638187,51.8103672465255,0.121033197222158,15.9158456406276
00:00:13.5705,69.9814567377984,17.2514302188277,50.7395006436109,0.118425545288619,15.9583937334199
00:00:13.5805,69.9813765509646,17.1739652932316,50.5116626271517,0.117679654338243,16.0003427761785
00:00:13.5906,69.9812962048499,17.3331511651796,50.9798563681752,0.118468439902405,16.0422840412531
00:00:13.6006,69.9812147684129,17.6581411492342,51.9357092624534,0.120317328227131,16.084674944916
00:00:13.6107,69.9811316521753,18.0703983425698,53.1482304193229,0.122704417297696,16.1277996492904
00:00:13.6207,69.9810466173121,18.4959809810753,54.3999440619861,0.125149058848955,16.1717667465503
00:00:13.6308,69.9809597329633,18.8751252761477,55.5150743416109,0.127274193581858,16.2165340945879
00:00:13.6408,69.9808712980561,19.168105596844,56.3767811671882,0.128838470749383,16.2619503583451
00:00:13.6509,69.9807817456512,19.3569936163406,56.9323341657075,0.129740474354405,16.3078030885747
00:00:13.6652,69.9806527755592,19.4590715805198,57.2325634721171,0.129977172385456,16.3736340299465
00:00:13.6796,69.9805235900419,19.4125156912249,57.0956343859556,0.129291951187732,16.4393664546943
00:00:13.6940,69.9803949077094,19.2909978197921,56.7382288817414,0.1281473381451,16.5046613021815
00:00:13.7083,69.9802669962335,19.1662806633993,56.3714137158804,0.126989484508332,16.5693947288081
00:00:13.7227,69.9801397252921,19.0897485245919,56.1463191899762,0.12613645539984,16.6336315161766
00:00:13.7371,69.9800127181081,19.084592736833,56.1311551083322,0.125729912112404,16.6975523625523
00:00:13.7575,69.9798320083963,19.1843024970022,56.4244191088301,0.125816497371707,16.7881597626248
00:00:13.7778,69.9796500650418,19.3569471400859,56.9321974708408,0.126348567149699,16.8789649159471
00:00:13.7982,69.9794665242326,19.5372750072889,57.4625735508498,0.126920710049453,16.9701352487912
00:00:13.8186,69.9792815002372,19.6799236782505,57.8821284654427,0.127257239206743,17.0616137733512
00:00:13.8390,69.9790953699225,19.7725369911595,58.1545205622337,0.127287581597106,17.1532229834308
00:00:13.8693,69.9788177228963,19.8595342280435,58.4103947883632,0.127028728634688,17.2891337520067
00:00:13.8995,69.9785388069567,19.9412473356005,58.6507274576486,0.126742189020774,17.424793323067
00:00:13.9298,69.9782584614116,20.0554413150263,58.9865921030184,0.126653017602772,17.5602778074248
00:00:13.9669,69.9779121801928,20.2322012438402,59.5064742465887,0.126762066673686,17.7264314270138
00:00:14.0000,69.97760178959,20.3954639130444,59.9866585677776,0.126892934112284,17.8742585557776
00:00:14.0011,69.9775912954496,20.3967422372427,59.9904183448315,0.126872486175231,17.8792385531751
00:00:14.0022,69.9775808030519,20.3881347338017,59.9651021582404,0.126793925297393,17.8842166722982
00:00:14.0037,69.9775664878406,20.3536688867924,59.8637320199777,0.126553144819868,17.8910071686094
00:00:14.0052,69.977552206771,20.2913750421938,59.6805148299817,0.126148715705356,17.8977803062743
00:00:14.0067,69.9775379788638,20.201898675944,59.417349046894,0.125584196570027,17.9045275454126
00:00:14.0088,69.9775185057868,20.0383334559075,58.936274870316,0.124568445832426,17.9137619498706
00:00:14.0135,69.9774758424727,19.5364043587273,57.4600128197862,0.121486459971772,17.9339972155067
00:00:14.0194,69.9774235726209,18.6902087815092,54.9712022985564,0.116304706168567,17.958801053439
00:00:14.0253,69.9773737984367,17.6950043929064,52.0441305673717,0.110176894597346,17.9824345627694
00:00:14.0312,69.9773268046847,16.6389824255406,48.9381836045311,0.103610026855655,18.0047546146072
00:00:14.0371,69.9772826637163,15.5967440120587,45.8727765060551,0.0970507551823124,18.0257130086951
00:00:14.0430,69.9772412636314,14.6273101789956,43.0215005264577,0.0908714551659595,18.0453475731733
00:00:14.0490,69.9772023503193,13.7740997267398,40.512058019823,0.0853638191803039,18.0637662103573
00:00:14.0549,69.9771655697591,13.0658630516307,38.4290089753844,0.0807364104578427,18.0811293924898
00:00:14.0608,69.9771305065561,12.5182082442565,36.8182595419308,0.0771161463453654,18.0976327737508
00:00:14.0682,69.9770884404239,12.065025452398,35.4853689776411,0.0740770762902667,18.1173702036944
00:00:14.0755,69.9770475122921,11.8541761058407,34.865223840708,0.0726188306924481,18.1365204244436
00:00:14.0829,69.9770069496424,11.8585097862287,34.8779699594962,0.0725739243770612,18.1554686309477
00:00:14.0903,69.9769660846757,12.0396466237738,35.4107253640406,0.0736869304234574,18.1745485683033
00:00:14.0977,69.976924391118,12.3523341589001,36.3303945850002,0.075650477452468,18.194021570545
00:00:14.1051,69.9768815009993,12.7487516602707,37.4963284125608,0.0781409329964543,18.214067311645
00:00:14.1124,69.9768372065818,13.1824351342819,38.7718680420057,0.0808491664008495,18.2347835444722
00:00:14.1198,69.9767914499533,13.6116495509106,40.0342633850313,0.0835043344050634,18.2561928813574
00:00:14.1272,69.9767443025243,14.0020305860629,41.1824429001851,0.0858899526854245,18.2782547094285
00:00:14.1346,69.9766959371415,14.3283258838843,42.1421349526009,0.0878523468397642,18.3008802904725
00:00:14.1438,69.976633995071,14.6240166613846,43.0118137099549,0.0895826218502745,18.3298370264569
00:00:14.1559,69.9765518271776,14.8162763310753,43.5772833266919,0.0906150208913983,18.3682001958685
00:00:14.1680,69.97646910638,14.8166010226012,43.5782383017682,0.0904461862222879,18.4067552124294
00:00:14.1800,69.9763867252555,14.681076634323,43.1796371597736,0.0894323889648777,18.4450765245182
00:00:14.1921,69.9763052482494,14.478622766479,42.5841846072911,0.0880037984651962,18.482896313242
00:00:14.2042,69.976224876997,14.2735836836118,41.9811284812111,0.086561517016754,18.5201197216643
00:00:14.2163,69.9761455048398,14.1135774308651,41.5105218554857,0.0854035374752632,18.5567988381742
00:00:14.2283,69.9760668211983,14.0242630246035,41.2478324253044,0.0846908411480955,18.5930831126148
00:00:14.2433,69.9759697254421,14.0149270271486,41.2203736092607,0.0844447638829964,18.6377626552412
00:00:14.2582,69.9758724102868,14.0932199447065,41.4506468961955,0.0847466126833463,18.6824475638381
00:00:14.2732,69.975774421083,14.2189583429063,41.8204657144304,0.0853414055719049,18.7273537077414
00:00:14.2881,69.9756755701545,14.3506063766205,42.2076658135897,0.0859684974619721,18.7725685622468
00:00:14.3031,69.9755759129291,14.4572558933275,42.5213408627281,0.0864366415299512,18.8180639318048
00:00:14.3180,69.9754756598659,14.5244144663516,42.7188660775047,0.0866582802440833,18.8637388912518
00:00:14.3407,69.9753232206619,14.5617508749058,42.8286790438406,0.0865959951701743,18.9330034740266
00:00:14.3633,69.9751705698074,14.5575082447882,42.8162007199653,0.0862794828860703,19.0021347787601
00:00:14.3860,69.9750179070355,14.5545088454543,42.8073789572187,0.0859730639917953,19.0710403885247
00:00:14.4086,69.9748651082699,14.5785382163776,42.8780535775812,0.0858339464241045,19.1397797032363
00:00:14.4370,69.9746731708161,14.6463941076742,43.0776297284537,0.0858907958917193,19.2258136292824
00:00:14.4654,69.9744802650167,14.7316799732374,43.3284705095219,0.086052468910705,19.3119394529626
00:00:14.4937,69.974286329201,14.8090256681414,43.5559578474748,0.0861644394428566,19.3981847893981
00:00:14.5000,69.9742436689886,14.8237663974333,43.5993129336275,0.0861754212874386,19.4171108797526
00:00:14.5006,69.9742388911659,14.8237256226761,43.599193007871,0.0861664460310885,19.4192295241969
00:00:14.5013,69.9742341140916,14.8196580945904,43.5872296899717,0.0861331769240738,19.4213476092968
00:00:14.5025,69.9742265121928,14.799791957095,43.5287998738088,0.0859994195638449,19.4247176247414
00:00:14.5036,69.9742189254859,14.7612622224982,43.4154771249946,0.0857530216042638,19.4280801030622
00:00:14.5047,69.9742113635985,14.7030621917433,43.2443005639509,0.0853877834735933,19.4314306091303
00:00:14.5058,69.9742038364437,14.6256561552125,43.0166357506249,0.0849062956364919,19.4347645697625
00:00:14.5075,69.9741922916185,14.4709648279213,42.5616612585921,0.0839492229099752,19.4398752671339
00:00:14.5111,69.9741683891722,14.0227456038037,41.2433694229522,0.0811837650934656,19.4504417164131
00:00:14.5159,69.9741382366084,13.2263877818969,38.9011405349909,0.0762552036450041,19.4637295317458
00:00:14.5207,69.9741100234494,12.2598881858043,36.0584946641302,0.0702211307678143,19.4760965724499
00:00:14.5247,69.9740883490023,11.3775769339499,33.4634615704408,0.064652143512178,19.4855295264899
00:00:14.5286,69.9740683182362,10.4612946028149,30.7685135376908,0.058801551727066,19.4941662514618
00:00:14.5326,69.9740499679691,9.5416367002781,28.0636373537591,0.0528560067326512,19.5019792678927
00:00:14.5365,69.9740332811519,8.64440522513457,25.4247212503958,0.0469805570785482,19.5089667325299
00:00:14.5405,69.9740181973529,7.79098775849201,22.9146698779177,0.0413198521281822,19.5151485023059
00:00:14.5445,69.9740046209385,6.99855295023932,20.5839792654098,0.0359976533819354,19.5205631120113
00:00:14.5487,69.9739915354052,6.22850017672954,18.3191181668516,0.0307621588968811,19.5256024541203
00:00:14.5530,69.9739798737372,5.55586781436162,16.3407876892989,0.0261355546568878,19.5298995944471
00:00:14.5573,69.9739694373238,4.98779922057625,14.6699977075772,0.0221878198253859,19.5335511131049
00:00:14.5615,69.9739600168687,4.52755781106019,13.3163465031182,0.0189613181398162,19.5366622048429
00:00:14.5658,69.9739513998674,4.17502911500846,12.2794973970837,0.0164722442754382,19.539342509185
00:00:14.5701,69.9739433767908,3.92725264372501,11.5507430697794,0.0147130268539064,19.5417023417491
00:00:14.5744,69.9739357462167,3.77891607252182,11.1144590368289,0.013655215427212,19.5438493383872
00:00:14.5786,69.973928319042,3.72279780440298,10.9494053070676,0.0132526544155298,19.5458855526981
00:00:14.5829,69.9739209218711,3.75016135962447,11.0298863518367,0.0134448198376876,19.547905040752
00:00:14.5872,69.973913399664,3.85111124255188,11.3267977722114,0.0141602089116165,19.5499919506713
00:00:14.5914,69.9739056177069,4.01492021968664,11.8085888814313,0.0153196795698065,19.5522191179776
00:00:14.5957,69.9738974629544,4.23033692368303,12.4421674225972,0.016839647342711,19.5546471524924
00:00:14.6000,69.973888844777,4.48587984116528,13.1937642387214,0.0186350606247247,19.557323989551
00:00:14.6042,69.9738796951372,4.77012023587112,14.0297653996209,0.020622090436695,19.560284867506
00:00:14.6085,69.9738699682195,5.07195296566988,14.9175087225585,0.0227204863247552,19.5635526850334
00:00:14.6128,69.9738596395426,5.38085106457908,15.8260325428797,0.024855565313155,19.5671386856132
00:00:14.6180,69.9738462151988,5.75250981801239,16.9191465235659,0.027407618683267,19.5719451938088
00:00:14.6232,69.9738319206726,6.10501754661314,17.9559339606269,0.0298109058209272,19.5772059504498
00:00:14.6284,69.9738168170965,6.42557705854091,18.8987560545321,0.0319812030613211,19.5828861466847
00:00:14.6348,69.973797360541,6.75969682737168,19.8814612569755,0.0342265063051354,19.5903360838164
00:00:14.6412,69.9737770294074,7.01973241955335,20.6462718222157,0.0359596146971884,19.5982329030863
00:00:14.6494,69.9737497916628,7.23893154915788,21.290975144582,0.0374044057657901,19.6089176909473
00:00:14.6577,69.9737219593221,7.32986835041638,21.5584363247541,0.0379862023936313,19.6198991846889
00:00:14.6660,69.9736939860085,7.30817642607567,21.4946365472814,0.03781486421276,19.6309450587585
00:00:14.6742,69.9736662538019,7.19837084929613,21.171678968518,0.0370550342362865,19.6418603615023
00:00:14.6825,69.973639043858,7.02956377841029,20.6751875835597,0.0358998634880138,19.652501602236
00:00:14.6908,69.9736125261356,6.83132153346297,20.092122157244,0.0345455662936549,19.662781652035
00:00:14.6990,69.9735867637904,6.63033904368745,19.500997187316,0.033170476271319,19.6726676534585
00:00:14.7073,69.9735617281738,6.4481837254466,18.9652462513135,0.0319201179792435,19.6821737385381
00:00:14.7156,69.973537320387,6.30011057863341,18.5297369959806,0.0308986399909993,19.6913503494316
00:00:14.7238,69.9735133956336,6.19480915357247,18.220026922272,0.0301662091052155,19.7002719231561
00:00:14.7351,69.973481098804,6.12294593504195,18.0086645148293,0.0296538416843948,19.7122424109247
00:00:14.7464,69.9734489873783,6.12551579238541,18.0162229187806,0.0296468701338636,19.7241071404824
00:00:14.7578,69.9734167274828,6.18418909806503,18.1887914648971,0.030019995354659,19.7360388071128
00:00:14.7691,69.9733840880329,6.27544709196743,18.457197329316,0.0306123411625202,19.7481565143959
00:00:14.7804,69.9733509585778,6.37570939901973,18.7520864677051,0.0312634203920966,19.7605166240859
00:00:14.7917,69.9733173399017,6.4655018988676,19.0161820554929,0.0318417413307126,19.7731179651876
00:00:14.8030,69.9732833167541,6.53196523306986,19.2116624502055,0.0322613757850771,19.7859162759297
00:00:14.8168,69.9732415872613,6.57422246575372,19.3359484286874,0.0325112634382285,19.8016446724018
00:00:14.8338,69.9731897128683,6.5756502078506,19.3401476701488,0.0324785427375847,19.8211960112783
00:00:14.8509,69.9731379529446,6.54083017853329,19.2377358192156,0.0322030279635683,19.8406634821315
00:00:14.8679,69.973086486441,6.49564162544289,19.1048283101261,0.0318586551632703,19.8599557681577
00:00:14.8850,69.9730353183251,6.4612099673588,19.0035587275259,0.0315870972316333,19.8790707078216
00:00:14.9021,69.9729843315874,6.44822328576423,18.9653626051889,0.0314598053806943,19.898068489646
00:00:14.9241,69.9729183608684,6.46072861875761,19.0021429963459,0.0314916575311579,19.9226140463994
00:00:14.9462,69.9728521876306,6.49123436556987,19.0918657810879,0.0316436219002464,19.9472223868682
00:00:14.9683,69.9727857232939,6.52172211618689,19.1815356358438,0.031794841385723,19.9719384016001
00:00:14.9903,69.9727190169214,6.54076749920446,19.2375514682484,0.0318692334017595,19.9967367587686
00:00:15.0000,69.9726898406632,6.54451112433533,19.248562130398,0.0318711709314644,20.0075779887681
00:00:15.0006,69.9726880121621,6.54406633832918,19.2472539362623,0.0318667666903201,20.0082572415694
00:00:15.0012,69.9726861840726,6.54214244033697,19.2415954127558,0.0318525098743819,20.0089362543642
00:00:15.0021,69.9726833561042,6.53434674112995,19.2186668856763,0.0317983491025649,20.0099862824278
00:00:15.0030,69.9726805330622,6.51971901130777,19.1756441509052,0.0316986687760447,20.011033733363
00:00:15.0040,69.9726777179552,6.49768936769996,19.1108510814705,0.0315496472525368,20.012077077634
00:00:15.0049,69.9726749139632,6.4682513701906,19.0242687358547,0.0313511989115012,20.0131146973947
00:00:15.0062,69.97267093062,6.41388079293658,18.8643552733429,0.0309854049682029,20.014584962638
00:00:15.0085,69.9726641935414,6.28977514330987,18.4993386567937,0.0301512362024723,20.0170577009468
00:00:15.0124,69.9726532038817,6.00451879690922,17.6603494026742,0.0282316039125399,20.021036381045
00:00:15.0163,69.9726427944144,5.63970409575549,16.5873649875161,0.0257671898303411,20.0247164711755
00:00:15.0201,69.9726330866673,5.21531966784157,15.3391754936517,0.0228844149089535,20.0280337534929
00:00:15.0240,69.9726241713042,4.75025588643992,13.9713408424703,0.0197039957560034,20.0309388934277
00:00:15.0279,69.972616106617,4.2618127956338,12.53474351657,0.0163384465613501,20.0333984762779
00:00:15.0310,69.9726101378881,3.85332943897752,11.3333218793457,0.0135032171852238,20.0350727246979
00:00:15.0342,69.9726047674256,3.44745159523775,10.1395635154051,0.010666851170947,20.0364291391025
00:00:15.0374,69.972599986443,3.05103856191154,8.9736428291516,0.00787761208392854,20.0374702535554
00:00:15.0406,69.9725957766386,2.67001353143379,7.85298097480525,0.0051784632642124,20.0382037908818
00:00:15.0437,69.9725921117083,2.3094207054881,6.79241383967088,0.00260722466641679,20.0386419701867
00:00:15.0469,69.9725889586096,1.97343953142803,5.8042339159648,0.000196400634290112,20.0388009280776
00:00:15.0495,69.9725867640567,1.72246993510701,5.06608804443237,-0.00161411759039461,20.0387376800246
00:00:15.0520,69.9725848555164,1.49114756565056,4.38572813426636,-0.003290376165599,20.0385167069642
00:00:15.0546,69.9725832090164,1.28051921281097,3.76623297885579,-0.00482301541362622,20.0381506047153
00:00:15.0572,69.9725817996427,1.09131401936363,3.20974711577539,-0.00620499552468061,20.0376526543005
00:00:15.0597,69.9725806017639,0.923980610332922,2.71759003039095,-0.00743139814026986,20.0370366861454
00:00:15.0618,69.9725797733172,0.805075358407364,2.36786870119813,-0.00830527511674156,20.0364627685233
00:00:15.0639,69.9725790517734,0.700532242367549,2.06038894813985,-0.00907526728352102,20.0358288593632
00:00:15.0659,69.9725784234089,0.610236842973208,1.79481424403885,-0.00974158339305887,20.0351425533776
00:00:15.0676,69.9725779851436,0.548911128505375,1.61444449560405,-0.0101947920384842,20.0345683937811
00:00:15.0692,69.9725775899271,0.496206510945723,1.45943091454625,-0.0105847192867792,20.0339699534934
00:00:15.0708,69.9725772312981,0.45195642241221,1.32928359533003,-0.0109123995916518,20.033350856011
00:00:15.0725,69.9725769029699,0.415967439820703,1.22343364653148,-0.011179100942871,20.0327146368725
00:00:15.0741,69.9725765987998,0.388021097260397,1.14123852135411,-0.0113863105210275,20.0320647584096
00:00:15.0757,69.9725763128095,0.367875775032075,1.08198757362375,-0.0115357192180917,20.0314045966844
00:00:15.0774,69.9725760392074,0.355268633696394,1.04490774616586,-0.0116292053398364,20.0307374270028
00:00:15.0790,69.9725757724069,0.34991754929052,1.02916926261918,-0.0116688178953291,20.0300664120757
00:00:15.0811,69.9725754311222,0.353140733747975,1.03864921690581,-0.0116447061167402,20.0292060654939
00:00:15.0832,69.9725750815431,0.367114834455062,1.07974951310312,-0.0115407482115911,20.028350430754
00:00:15.0857,69.9725746276489,0.397681308627299,1.16965090772735,-0.0113136041569569,20.0273201649207
00:00:15.0883,69.9725741296577,0.441907979025618,1.29972935007535,-0.0109852627737714,20.0263148805649
00:00:15.0908,69.9725735722996,0.498417252534405,1.46593309568943,-0.0105661822248217,20.0253431950415
00:00:15.0934,69.9725729418495,0.565790575985375,1.66408992936875,-0.0100671514079349,20.0244128291096
00:00:15.0959,69.972572226281,0.642590868939554,1.88997314393986,-0.0094990981458488,20.0235305183982
00:00:15.0985,69.9725714152851,0.727377597466384,2.13934587490113,-0.00887295550000061,20.0227020036976
00:00:15.1011,69.9725705002568,0.818720213775285,2.40800062875084,-0.00819954420421365,20.0219320410402
00:00:15.1043,69.9725691998984,0.939743267731868,2.76395078744667,-0.0073091391807693,20.0210583269973
00:00:15.1074,69.9725677170113,1.06615314173124,3.13574453450366,-0.00638130918042754,20.020286926303
00:00:15.1106,69.9725660455618,1.19542666496087,3.51596077929669,-0.00543478377769467,20.0196209701756
00:00:15.1138,69.9725641830333,1.32517099113755,3.89756173863985,-0.00448716499308937,20.0190616051415
00:00:15.1178,69.9725615987805,1.4838363192811,4.36422446847384,-0.00333150853314905,20.0185123622648
00:00:15.1218,69.9725587290572,1.63604564608651,4.81189895907797,-0.00222617020739317,20.0181215030391
00:00:15.1258,69.9725555886591,1.77853435612884,5.23098340037896,-0.00119434431394831,20.0178803913189
00:00:15.1307,69.9725513131321,1.9387845236924,5.70230742262471,-3.72819859586958e-05,20.0177698283366
00:00:15.1357,69.9725466962639,2.07573059819159,6.10508999468113,0.000948651862193305,20.017847043067
00:00:15.1420,69.9725404291601,2.21222983704038,6.5065583442364,0.00192867069775339,20.0181622103087
00:00:15.1484,69.9725338266962,2.30515553535076,6.77986922161989,0.00259416876825678,20.0186609117776
00:00:15.1547,69.9725270137284,2.35540194634241,6.92765278336003,0.00295322095927704,20.0192745619198
00:00:15.1610,69.9725201096705,2.36642872917911,6.96008449758562,0.00303149667869642,20.0199378241625
00:00:15.1673,69.9725132210585,2.34369656247794,6.89322518375865,0.0028683122993094,20.0205925262109
00:00:15.1737,69.9725064366085,2.29399252758324,6.74703684583306,0.00251203158117372,20.0211902351388
00:00:15.1800,69.9724998243293,2.22476416717972,6.54342402111681,0.00201556830623791,20.021693763238
00:00:15.1863,69.9724934304648,2.14352042069881,6.30447182558472,0.00143232854336879,20.0220777294138
00:00:15.1926,69.9724872800248,2.05733137504431,6.05097463248325,0.000812775143028218,20.0223282948232
00:00:15.1990,69.9724813786035,1.97244369600758,5.80130498825759,0.000201722710165176,20.0224422175269
00:00:15.2053,69.9724757151456,1.89401664133494,5.57063718039688,-0.000363586709695807,20.0224253913126
00:00:15.2116,69.9724702653185,1.82597397967084,5.37051170491423,-0.00085463056757249,20.0222910409789
00:00:15.2179,69.9724649951704,1.7709599659984,5.20870578234824,-0.00125202574170088,20.0220577411502
00:00:15.2263,69.9724582063956,1.72031800797034,5.05975884697158,-0.00161807010149438,20.02163749592
00:00:15.2347,69.9724515652995,1.69486353889381,4.98489276145238,-0.00180199947969305,20.0211358459601
00:00:15.2431,69.9724449800388,1.69229320930611,4.97733296854739,-0.0018202549221049,20.0206034714892
00:00:15.2515,69.9724383703454,1.70842082613706,5.02476713569724,-0.00170313458646104,20.0200846949005
00:00:15.2599,69.9724316740948,1.73792623068139,5.11154773729819,-0.00148926819201308,20.0196138072404
00:00:15.2683,69.9724248503184,1.77512737923861,5.22096288011355,-0.00121991024600053,20.0192133861385
00:00:15.2767,69.9724178793382,1.81464827862594,5.33720081948807,-0.000934026134830057,20.0188942290461
00:00:15.2850,69.9724107606417,1.85192505969453,5.44683841086627,-0.000664607221762647,20.0186565500226
00:00:15.2934,69.9724035091613,1.88352850231064,5.53978971267836,-0.000436362089484553,20.0184920571768
00:00:15.3039,69.9723943149718,1.9118077538155,5.6229639818103,-0.000232251164236458,20.0183652594127
00:00:15.3174,69.9723823708995,1.92894165041102,5.67335779532654,-0.000108626934040835,20.0182774276967
00:00:15.3308,69.97237037707,1.92724262013628,5.66836064745965,-0.000120832210629723,20.0182170031652
00:00:15.3442,69.9723584295205,1.91263868804033,5.62540790600098,-0.000226083835804802,20.0181311472625
00:00:15.3577,69.9723465855475,1.89243878479451,5.5659964258662,-0.000371696991493739,20.0179883397692
00:00:15.3711,69.9723348603424,1.87327030265026,5.50961853720663,-0.000509874601572795,20.0177802233289
00:00:15.3846,69.9723232349439,1.85967707465809,5.46963845487673,-0.000607810343445473,20.0175172389565
00:00:15.3980,69.9723116702715,1.85360065129248,5.45176662144848,-0.000651468728959081,20.0172209102411
00:00:15.4177,69.9722947756088,1.85633193182274,5.45979979947863,-0.000631429005784688,20.0167819797329
00:00:15.4374,69.9722778238834,1.86726881270557,5.49196709619286,-0.000552170276007368,20.0163746879966
00:00:15.4570,69.9722607742578,1.87939883903021,5.52764364420651,-0.000464352559051766,20.0160214987909
00:00:15.4767,69.9722436363023,1.88765497472391,5.5519263962468,-0.000404543240802975,20.0157171118752
00:00:15.4963,69.9722264492874,1.89034399700965,5.55983528532251,-0.000384933742035272,20.0154398846244
00:00:15.5000,69.9722232889338,1.89021473619592,5.5594551064586,-0.000385830426102993,20.0153909008117
00:00:15.5133,69.9722115674293,1.8887615075777,5.5551809046403,-0.000396181297775081,20.0152057641893
00:00:15.5403,69.9721880671876,1.88480027040751,5.54353020708092,-0.00042448205069322,20.0148150805601
00:00:15.5672,69.9721646014624,1.88260814436981,5.53708277755827,-0.000440002978647973,20.0144056728818
00:00:15.5941,69.9721411391142,1.88390328861139,5.54089202532761,-0.000430353019944925,20.0139946913701
00:00:15.6363,69.9721042091148,1.88903981104798,5.55599944425877,-0.000392831281575628,20.0133843715666
00:00:15.6786,69.9720671961449,1.89339956220472,5.56882224177857,-0.000360950897799199,20.0128203755333
00:00:15.7209,69.9720301272502,1.89515607997832,5.57398847052448,-0.000347881163472359,20.0122877740979
00:00:15.7861,69.9719728838426,1.89673013477157,5.57861804344579,-0.000335937077720427,20.0114970350433
00:00:15.8513,69.9719155663498,1.89941272600651,5.58650801766619,-0.000316023573391276,20.0107483916892
00:00:15.9337,69.971843051565,1.90350323533081,5.59853892744355,-0.000285857045305178,20.0098751921113
00:00:16.0000,69.9717846357654,1.90620516843258,5.60648578950759,-0.000265879057259789,20.0092287184801
00:00:16.1000,69.971696314632,1.90946713758371,5.61607981642269,-0.000241671875600333,20.0083299238994
00:00:16.2000,69.9716078418925,1.91258149410029,5.62523968853028,-0.000218593142354843,20.0075168331528
00:00:16.3000,69.9715192280759,1.91554416572727,5.63395342860961,-0.000196667976767639,20.0067834356615
00:00:16.4000,69.9714304865324,1.91814872683403,5.64161390245304,-0.000177380414898389,20.0061221839865
00:00:16.5000,69.9713416311239,1.92045666580382,5.64840195824652,-0.000160281000866902,20.0055252688686
00:00:16.6000,69.9712526730105,1.92256428370178,5.65460083441699,-0.000144670215875116,20.0049863860765
00:00:16.7000,69.9711636217775,1.92447781868532,5.66022887848622,-0.000130499053403695,20.004500113918
00:00:16.8000,69.9710744865248,1.92619611340297,5.66528268647933,-0.000117772059478401,20.0040613118348
00:00:16.9000,69.9709852755808,1.92774387092131,5.66983491447445,-0.000106307503019015,20.0036652766625
00:00:17.0000,69.9708959963117,1.92914360605527,5.6739517825155,-9.59398420424209e-05,20.003307846597
00:00:17.1000,69.9708066553396,1.93040755110375,5.67766926795221,-8.65780341619928e-05,20.0029852796901
00:00:17.2000,69.9707172586897,1.93154726770916,5.68102137561517,-7.81361237429074e-05,20.0026941719225
00:00:17.3000,69.970627811804,1.93257568484262,5.68404613189007,-7.05185329597085e-05,20.0024314487788
00:00:17.4000,69.9705383195783,1.93350412428279,5.68677683612584,-6.36415084437118e-05,20.002194344173
00:00:17.5000,69.9704487864305,1.9343420473797,5.68924131582265,-5.74349198983576e-05,20.0019803618866
00:00:17.6000,69.9703592163526,1.93509815644721,5.69146516602122,-5.18342921759387e-05,20.0017872464122
00:00:17.7000,69.970269612947,1.93578052990695,5.69347214678514,-4.67798152306389e-05,20.0016129623464
00:00:17.8000,69.9701799794634,1.93639639054043,5.6952835015895,-4.22180008904316e-05,20.0014556736057
00:00:17.9000,69.9700903188346,1.93695219123149,5.6969182095044,-3.81010491802119e-05,20.0013137230428
00:00:18.0000,69.970000633708,1.93745378154495,5.69839347513221,-3.43856334836873e-05,20.0011856148535
00:00:18.1000,69.9699109264726,1.93790645916382,5.69972487989359,-3.10325180180356e-05,20.0010699991507
00:00:18.2000,69.9698211992843,1.93831499560447,5.70092645766021,-2.80063617631238e-05,20.000965657758
00:00:18.3000,69.9697314540889,1.93868369191549,5.70201085857498,-2.52753069866248e-05,20.0008714912674
00:00:18.4000,69.9696416926425,1.93901643304661,5.70298950896063,-2.28105783649247e-05,20.0007865074582
00:00:18.5000,69.9695519165298,1.93931672643949,5.70387272482201,-2.05861967925433e-05,20.0007098108752
00:00:18.6000,69.9694621271809,1.93958773633329,5.70466981274496,-1.85787248317021e-05,20.0006405933898
00:00:18.7000,69.9693723258867,1.93983231804552,5.70538917072213,-1.67670130162016e-05,20.0005781256755
00:00:18.8000,69.969282513812,1.94005304882584,5.70603837889952,-1.51319715033944e-05,20.0005217495245
00:00:18.9000,69.9691926920082,1.94025225466926,5.706624278439,-1.36563714350075e-05,20.0004708709157
00:00:19.0000,69.9691028614238,1.94043203461481,5.70715304298472,-1.23246649396365e-05,20.0004249537543
00:00:19.1000,69.9690130229153,1.9405942829887,5.7076302440844,-1.11228204188213e-05,20.000383514223
00:00:19.2000,69.9689231772553,1.94074070942608,5.70806091007671,-1.00381742719485e-05,20.0003461156837
00:00:19.3000,69.9688333251413,1.94087285684243,5.70844957894833,-9.05929778428826e-06,20.0003123640775
00:00:19.4000,69.9687434672026,1.94099211767753,5.70880034611039,-8.17587681297829e-06,20.0002819037725
00:00:19.5000,69.9686536040071,1.94109974858461,5.70911690760179,-7.3786029934398e-06,20.0002544138159
00:00:19.6000,69.9685637360677,1.94119688367489,5.7094025990438,-6.65907564167371e-06,20.0002296045533
00:00:19.7000,69.9684738638467,1.94128454646273,5.70966043077275,-6.00971327856806e-06,20.0002072145755
00:00:19.8000,69.9683839877618,1.94136366065188,5.70989311956434,-5.42367373800106e-06,20.0001870079652
00:00:19.9000,69.9682941081898,1.94143505986857,5.7101031172605,-4.89478207469951e-06,20.0001687718104
00:00:20.0000,69.9682042254707,1.9414994964475,5.71029263661028,-4.41746548780981e-06,20.0001523139614
00:00:20.1000,69.9681143399115,1.94155764935739,5.71046367458057,-3.9866946152559e-06,20.0001374610059
00:00:20.2000,69.968024451789,1.94161013135677,5.71061803340227,-3.5979305315391e-06,20.0001240564422
00:00:20.3000,69.9679345613533,1.94165749544938,5.71075733955701,-3.24707693115508e-06,20.0001119590298
00:00:20.4000,69.9678446688299,1.94170024071307,5.71088306092079,-2.93043695410747e-06,20.0001010413013
00:00:20.5000,69.9677547744223,1.94173882061237,5.71099653121286,-2.64467425486578e-06,20.0000911882193
00:00:20.6000,69.9676648783143,1.94177363522143,5.71109892712187,-2.38677782759549e-06,20.0000822959645
00:00:20.7000,69.9675749806718,1.9418050547783,5.71119133758325,-2.15403025054252e-06,20.0000742708413
00:00:20.8000,69.9674850816443,1.94183341034911,5.71127473632092,-1.94397914331668e-06,20.0000670282912
00:00:20.9000,69.9673951813671,1.94185900072039,5.7113500021188,-1.7544112617348e-06,20.0000604920012
00:00:21.0000,69.9673052799619,1.9418820955442,5.71141792807117,-1.58332916150892e-06,20.0000545931001
00:00:21.1000,69.9672153775387,1.94190293817484,5.71147922992601,-1.42893019821002e-06,20.0000492694326
00:00:21.2000,69.9671254741969,1.94192174823608,5.71153455363554,-1.28958751246116e-06,20.0000444649046
00:00:21.3000,69.967035570026,1.94193872393584,5.71158448216424,-1.16383288067109e-06,20.0000401288921
00:00:21.4000,69.9669456651068,1.94195404415216,5.71162954162399,-1.05034126413396e-06,20.0000362157075
00:00:21.5000,69.9668557595123,1.94196787032132,5.71167020682742,-9.47916824807054e-07,20.0000326841186
00:00:21.6000,69.9667658533085,1.9419803481358,5.71170690628176,-8.55480345107034e-07,20.000029496914
00:00:21.7000,69.9666759465546,1.94199160908142,5.71174002671005,-7.72057843996421e-07,20.000026620511
00:00:21.8000,69.9665860393044,1.94200177182155,5.7117699171222,-6.96770321785251e-07,20.0000240246014
00:00:21.9000,69.9664961316063,1.9420109434487,5.71179689249619,-6.288244903635e-07,20.000021681833
00:00:22.0000,69.9664062235039,1.94201922061137,5.71182123709227,-5.6750442501686e-07,20.0000195675206
00:00:22.1000,69.9663163150367,1.94202669053407,5.71184320745314,-5.12164009737425e-07,20.0000176593862
00:00:22.2000,69.9662264062402,1.94203343193537,5.71186303510403,-4.62220135673473e-07,20.0000159373243
00:00:22.3000,69.9661364971466,1.94203951585728,5.711880928992,-4.17146558382486e-07,20.0000143831899
00:00:22.4000,69.9660465877848,1.94204500641416,5.71189707768869,-3.76468350071368e-07,20.0000129806075
00:00:22.5000,69.965956678181,1.94204996146896,5.7119116513793,-3.39756890166345e-07,20.0000117147985
00:00:22.6000,69.9658667683588,1.94205443324072,5.71192480364919,-3.06625365035135e-07,20.0000105724254
00:00:22.7000,69.9657768583395,1.94205846885779,5.71193667311115,-2.76724671438877e-07,20.0000095414512
00:00:22.8000,69.9656869481423,1.94206211085156,5.71194738485752,-2.49739756679329e-07,20.0000086110129
00:00:22.9000,69.9655970377846,1.94206539760661,5.71195705178416,-2.25386286793238e-07,20.0000077713066
00:00:23.0000,69.965507127282,1.94206836376416,5.71196577577694,-2.03407656203178e-07,20.0000070134846
00:00:23.1000,69.9654172166487,1.94207104058782,5.7119736487877,-1.83572279294267e-07,20.0000063295619
00:00:23.2000,69.9653273058974,1.94207345629222,5.71198075380066,-1.6567115551724e-07,20.0000057123322
00:00:23.3000,69.9652373950397,1.94207563634039,5.71198716570704,-1.49515667128483e-07,20.0000051552919
00:00:23.4000,69.9651474840858,1.94207760371213,5.7119929520945,-1.34935590735093e-07,20.0000046525716
00:00:23.5000,69.9650575730452,1.94207937914776,5.711998173964,-1.21777292335264e-07,20.0000041988743
00:00:23.6000,69.9649676619264,1.94208098136322,5.7120028863624,-1.09902132559066e-07,20.0000037894194
00:00:23.7000,69.964877750737,1.94208242725067,5.71200713897257,-9.91849831262015e-08,20.0000034198927
00:00:23.8000,69.9647878394838,1.94208373205464,5.7120109766313,-8.95129194594429e-08,20.0000030864006
00:00:23.9000,69.9646979281731,1.9420849095325,5.71201443980148,-8.07840335277894e-08,20.000002785429
00:00:24.0000,69.9646080168105,1.94208597210124,5.71201756500364,-7.290634667504e-08,20.0000025138068
00:00:24.1000,69.9645181054011,1.94208693096606,5.71202038519429,-6.57968555055175e-08,20.000002268672
00:00:24.2000,69.9644281939495,1.94208779623968,5.71202293011672,-5.93806502123184e-08,20.0000020474416
00:00:24.3000,69.9643382824597,1.94208857704904,5.71202522661481,-5.35901228762552e-08,20.0000018477845
00:00:24.4000,69.9642483709354,1.94208928163073,5.71202729891392,-4.83642604408262e-08,20.0000016675971
00:00:24.5000,69.9641584593801,1.94208991741814,5.71202916887688,-4.36480001994945e-08,20.0000015049807
00:00:24.6000,69.9640685477968,1.9420904911197,5.71203085623441,-3.93916491328248e-08,20.000001358222
00:00:24.7000,69.9639786361882,1.9420910087901,5.71203237879442,-3.55503571145613e-08,20.0000012257744
00:00:24.8000,69.9638887245568,1.94209147589359,5.7120337526282,-3.20836476081707e-08,20.0000011062426
00:00:24.9000,69.9637988129049,1.94209189736036,5.71203499223634,-2.89549997576191e-08,20.0000009983669
00:00:25.0000,69.9637089012343,1.94209227764142,5.71203611071006,-2.61314431800361e-08,20.0000009010108
00:00:25.0003,69.9637086172769,1.9421835159227,5.71230445859618,6.32110153764309e-07,20.0000009051244
00:00:25.0006,69.9637083332856,1.94252540819932,5.71331002411563,3.09868493187423e-06,20.0000009279463
00:00:25.0010,69.9637079353467,1.94376600812935,5.71695884743926,1.20488011109205e-05,20.000001055234
00:00:25.0016,69.9637074506303,1.94687138217043,5.72609230050127,3.44510193012369e-05,20.0000015196261
00:00:25.0021,69.9637069648739,1.95204658029972,5.74131347146977,7.1781891697426e-05,20.0000025562235
00:00:25.0026,69.9637064775415,1.95950427555653,5.76324786928391,0.000125570710309936,20.0000044600243
00:00:25.0032,69.9637059880546,1.96934014719506,5.79217690351489,0.000196500282961751,20.0000075490493
00:00:25.0039,69.9637053049955,1.98693146331108,5.84391606856201,0.00032332323365617,20.0000144709529
00:00:25.0050,69.9637043386157,2.01907334126435,5.93845100371868,0.000554936586183788,20.0000308373412
00:00:25.0063,69.9637030274932,2.07483652015423,6.10246035339481,0.000956427564900581,20.0000682176647
00:00:25.0082,69.963701232918,2.1698837589596,6.38201105576353,0.00163978245280836,20.0001528944663
00:00:25.0107,69.9636985825084,2.33874296640601,6.87865578354709,0.00285079752912157,20.0003564062495
00:00:25.0138,69.9636949811152,2.60036701580271,7.64813828177269,0.00471953702321733,20.0007807513608
00:00:25.0170,69.9636909643109,2.91159133401345,8.56350392356896,0.00693074026510223,20.0014307261179
00:00:25.0201,69.9636864669297,3.26323699763335,9.5977558753922,0.00941388730363673,20.002340262497
00:00:25.0233,69.9636814362441,3.64642195197958,10.7247704469988,0.0121016109642055,20.0035360244335
00:00:25.0264,69.9636758323306,4.05260120341662,11.9194153041665,0.014930290675703,20.0050373386494
00:00:25.0296,69.9636696275869,4.47357078769051,13.1575611402662,0.0178402407039091,20.0068566148759
00:00:25.0334,69.9636611371079,5.00001501433158,14.7059265127399,0.0214486534050244,20.0095424398998
00:00:25.0373,69.9636517078023,5.52349516490513,16.2455740144268,0.0250035256035537,20.012716871844
00:00:25.0412,69.9636413561093,6.03159194986079,17.73997632312,0.0284226574294786,20.0163670343636
00:00:25.0459,69.9636275723051,6.61247151702183,19.4484456382995,0.0322940775205494,20.0214142968408
00:00:25.0506,69.9636125851681,7.1376714337184,20.9931512756424,0.0357598282513899,20.0270706167745
00:00:25.0553,69.9635965293186,7.59417094982323,22.3357969112448,0.03874480090241,20.0332628266907
00:00:25.0613,69.9635749580737,8.05901552342595,23.7029868336057,0.0417558830274644,20.0417214122415
00:00:25.0687,69.9635464960365,8.45399083057081,24.8646789134436,0.0442853899733701,20.0530271712433
00:00:25.0762,69.9635170210596,8.64474431676259,25.4257185787135,0.0454840918976987,20.0648254507941
00:00:25.0822,69.9634929542324,8.66076326806019,25.4728331413535,0.0455616584478611,20.0744820605338
00:00:25.0882,69.9634689828938,8.5724390734298,25.213056098323,0.0449680824300319,20.0840863639021
00:00:25.0942,69.9634453694581,8.40088899237271,24.7084970363903,0.0438380204456321,20.0935094384717
00:00:25.1003,69.9634223127547,8.16903695144576,24.0265792689581,0.0423165062862446,20.1026532321469
00:00:25.1063,69.9633999483616,7.89983025605445,23.2347948707484,0.0405490407839604,20.1114502678324
00:00:25.1123,69.9633783506408,7.61478709290444,22.3964326261895,0.0386732349290845,20.1198628056251
00:00:25.1183,69.9633575379252,7.33291084269351,21.5673848314515,0.036812172600905,20.1278806021535
00:00:25.1243,69.9633374803089,7.0699715077822,20.7940338464182,0.0350695876354409,20.1355174081162
00:00:25.1303,69.9633181090615,6.83812560076558,20.1121341198988,0.0335268592480427,20.1428065923138
00:00:25.1378,69.9632949012969,6.60682096162532,19.4318263577215,0.0319802145688162,20.1514346706554
00:00:25.1468,69.9632676853269,6.41824970763801,18.8772050224647,0.0307098514733492,20.1614322681622
00:00:25.1558,69.9632410496621,6.32897636116427,18.6146363563655,0.0300973672852123,20.1711300364633
00:00:25.1648,69.9632146070032,6.328853495004,18.6142749853059,0.0300770086096399,20.1807238445131
00:00:25.1738,69.9631880256108,6.39962713246636,18.8224327425481,0.030526770084666,20.1903815594258
00:00:25.1829,69.9631610579372,6.51849029070511,19.1720302667797,0.0312934557697579,20.2002280601238
00:00:25.1919,69.9631335526148,6.66162308821399,19.5930090829823,0.0322176428416387,20.2103390819909
00:00:25.2009,69.9631054526367,6.80718345923807,20.0211278212884,0.0331543231002597,20.220742391015
00:00:25.2099,69.9630767828126,6.93749661650259,20.4044018132429,0.0339874090045417,20.231424510216
00:00:25.2189,69.9630476300353,7.04033701920899,20.7068735859088,0.0346376590890881,20.2423410030157
00:00:25.2302,69.9630107238453,7.1211513679488,20.9445628469082,0.0351357170472592,20.2562086223517
00:00:25.2448,69.9629625339185,7.15096781020417,21.0322582653064,0.0352901016706003,20.2743415643138
00:00:25.2594,69.9629143503045,7.11534474709425,20.9274845502772,0.0350171703500673,20.2924506945274
00:00:25.2740,69.9628665029566,7.0445406388032,20.7192371729506,0.0345151709550779,20.3103717319886
00:00:25.2886,69.9628191278386,6.96941536126178,20.4982804742993,0.0339856840968772,20.3280372691615
00:00:25.3032,69.9627721839307,6.91302809589093,20.3324355761498,0.0335793560190211,20.345468138462
00:00:25.3178,69.9627255155984,6.88660144942447,20.2547101453661,0.033369418231959,20.3627422644043
00:00:25.3365,69.9626657031355,6.89379297938961,20.2758617040871,0.0333688821748037,20.3848440764536
00:00:25.3553,69.9626057170989,6.93034338321428,20.3833628918067,0.0335596570428624,20.4070007204562
00:00:25.3740,69.9625454045173,6.97402073540201,20.5118256923588,0.0337960821143673,20.4292880015199
00:00:25.3927,69.962484772928,7.00727485846013,20.6096319366474,0.0339638911479386,20.4517017485107
00:00:25.4115,69.9624239350257,7.02254119739464,20.6545329335136,0.0340143717613038,20.4741857086928
00:00:25.4390,69.9623344248643,7.02065073928146,20.6489727625925,0.0339306618022361,20.5072173278457
00:00:25.4666,69.9622449764476,7.00878248678061,20.61406613759,0.0337827511458601,20.5401492198803
00:00:25.4941,69.9621556054193,7.0046284779996,20.6018484647047,0.0336853464298153,20.5729740373085
00:00:25.5000,69.9621366969866,7.00545419989862,20.6042770585254,0.0336758163265917,20.5799091856623
00:00:25.5004,69.9621352112258,7.00607238510192,20.6060952502998,0.0336786467481291,20.5804540077566
00:00:25.5009,69.9621337251638,7.00803649607295,20.6118720472734,0.0336901818749622,20.5809989596181
00:00:25.5016,69.9621313682352,7.01597481841131,20.6352200541509,0.0337396660727854,20.5818634544864
00:00:25.5023,69.9621290073608,7.03111868268011,20.6797608314121,0.033835723340084,20.5827298480198
00:00:25.5030,69.962126640003,7.05444454674177,20.7483663139464,0.0339846249295597,20.5835993907665
00:00:25.5038,69.9621242633762,7.08628979981929,20.8420288229979,0.034188486227309,20.5844734543114
00:00:25.5047,69.9621210928057,7.14154347182643,21.0045396230189,0.0345426914000374,20.5856418889903
00:00:25.5062,69.9621163072071,7.25050245227084,21.3250072125613,0.0352413943900476,20.5874122055481
00:00:25.5083,69.9621089293112,7.47060763623984,21.9723754007054,0.0366509243817159,20.5901614254507
00:00:25.5115,69.9620977403393,7.89750652684811,23.2279603730827,0.0393733973930937,20.5943854584629
00:00:25.5146,69.9620858504683,8.43706579976069,24.8148994110609,0.0427907031012256,20.5989489842953
00:00:25.5178,69.9620731106953,9.07166656576712,26.6813722522562,0.0467755580679549,20.6039210538392
00:00:25.5209,69.9620593945096,9.7841629491816,28.7769498505341,0.0512056584363673,20.6093582498667
00:00:25.5240,69.9620446000951,10.5579429285385,31.0527733192309,0.055965228691143,20.6153038834626
00:00:25.5279,69.9620247170957,11.5724665148512,34.0366662201506,0.0621262479269827,20.6233968556518
00:00:25.5318,69.9620029807485,12.6265181884805,37.1368182014132,0.0684346484226546,20.6323419014835
00:00:25.5357,69.9619793459282,13.6920020553893,40.2705942805569,0.0747182135092925,20.6421473055787
00:00:25.5396,69.9619538154065,14.7422669698826,43.3596087349487,0.0808224859146961,20.6527994805121
00:00:25.5444,69.9619195265587,15.9877800562703,47.0228825184422,0.0879482921859785,20.6671624641307
00:00:25.5492,69.9618825777338,17.1322223298097,50.3888892053226,0.0943879529500097,20.6826775401464
00:00:25.5548,69.9618370214422,18.2829671204358,53.773432707164,0.100755820664355,20.7018239251466
00:00:25.5603,69.9617887847456,19.2200349053272,56.5295144274331,0.105853784820634,20.7220940955963
00:00:25.5672,69.9617264281006,20.0531505419429,58.9798545351261,0.110299001666547,20.7482729199223
00:00:25.5741,69.9616619981354,20.5246262900019,60.3665479117704,0.112736486103243,20.7752875114466
00:00:25.5809,69.9615965950666,20.6571588559332,60.756349576274,0.113325698708212,20.8026752938807
00:00:25.5878,69.9615312177497,20.4973605253921,60.2863544864473,0.112332948486221,20.830021566847
00:00:25.5947,69.961466693874,20.107911694416,59.1409167482824,0.110095918095399,20.856984090934
00:00:25.6015,69.9614036415083,19.5591162114579,57.5268123866408,0.106986905132626,20.8833062700664
00:00:25.6084,69.9613424567646,18.9213249351772,55.6509556916975,0.103379493077091,20.9088214713873
00:00:25.6153,69.9612833227623,18.258974704602,53.7028667782412,0.0996208565788958,20.9334500222694
00:00:25.6222,69.961226234422,17.6265058142045,51.8426641594251,0.0960107542777931,20.9571903738354
00:00:25.6290,69.961171033383,17.0660886297937,50.1943783229227,0.0927875668473801,20.9801060473894
00:00:25.6359,69.9611174478071,16.6068858593994,48.84378193941,0.0901211892862841,21.0023100208857
00:00:25.6445,69.9610518945121,16.1984095499935,47.6423810293927,0.0877120272012922,21.0294183727195
00:00:25.6552,69.9609721565644,15.952265152684,46.918426919659,0.0861926742608404,21.0623219138294
00:00:25.6641,69.9609064104853,15.9490217697474,46.9088875580805,0.0860694270038149,21.0894050350902
00:00:25.6730,69.9608403944759,16.0927465756538,47.3316075754523,0.0867753532579304,21.1165711983687
00:00:25.6819,69.9607735919514,16.3391134415434,48.0562160045395,0.0880545229316972,21.1440417530566
00:00:25.6908,69.9607056775947,16.640876606082,48.9437547237705,0.0896359215343354,21.1719542481223
00:00:25.6997,69.9606365128096,16.9538090840026,49.8641443647136,0.0912691652051197,21.2003650944386
00:00:25.7086,69.9605661239891,17.2411782911643,50.7093479151892,0.0927498511846627,21.2292599897385
00:00:25.7175,69.960494666617,17.4765672362037,51.4016683417756,0.0939340355967207,21.2585702596483
00:00:25.7292,69.96039920786,17.6838738886268,52.0113937900789,0.0949179138494723,21.2976810666003
00:00:25.7324,69.9603728897538,17.7193331747222,52.1156858080066,0.0950689564447409,21.3084547570042
00:00:25.7382,69.9603251043893,17.7530313166543,52.2147979901597,0.0951741070871876,21.3280043738213
00:00:25.7441,69.9602773269322,17.7311552507684,52.1504566199071,0.0949737661951516,21.3475259517451
00:00:25.7499,69.9602296802402,17.6826257361823,52.0077227534775,0.0946274203548353,21.3669763393014
00:00:25.7572,69.960170139666,17.5956114640579,51.7517984236996,0.0940501124302474,21.3912532395206
00:00:25.7645,69.9601108324008,17.4962346827648,51.4595137728378,0.0934056432931676,21.4154142813348
00:00:25.7755,69.960022436358,17.3410003278493,51.0029421407332,0.0924067050483623,21.4513769923148
00:00:25.7920,69.9598906338955,17.14579037182,50.4287952112354,0.0911186481982922,21.5048812084745
00:00:25.8085,69.95975992934,17.0394986651713,50.1161725446214,0.0903244461361371,21.5578024137537
00:00:25.8250,69.959629620807,17.0395938617264,50.1164525344895,0.0901183638582584,21.6104360112814
00:00:25.8415,69.9594990089539,17.1249789979848,50.3675852881905,0.0903808584826817,21.6630759266782
00:00:25.8580,69.9593676189548,17.2529634740621,50.7440102178296,0.0908743356703106,21.7159203801753
00:00:25.8745,69.9592352881294,17.3799015322492,51.1173574477918,0.0913586181163367,21.7690358730042
00:00:25.8910,69.9591021232396,17.4761741060576,51.4005120766401,0.0916729222503879,21.8223763753197
00:00:25.9120,69.9589322296033,17.5420059583703,51.5941351716775,0.0917634783326539,21.8902635012942
00:00:25.9398,69.9587066946424,17.5684253638472,51.6718393054331,0.0915544577603959,21.9800894291903
00:00:25.9675,69.9584808413994,17.5796028030464,51.7047141266071,0.0912652762306231,22.0697031130589
00:00:25.9953,69.9582546120768,17.6178835560835,51.8173045767162,0.0911242156130736,22.1591298295279
00:00:26.0000,69.9582164727709,17.6281331092107,51.8474503212078,0.0911210407023321,22.1741731638457
00:00:26.0008,69.9582097250963,17.6324953460615,51.8602804295926,0.0911341791356351,22.1768337004891
00:00:26.0016,69.9582029744519,17.6426902661254,51.8902654886041,0.091178647716277,22.1794951540066
00:00:26.0030,69.958191861016,17.6791193867718,51.9974099610936,0.0913573309089066,22.1838762333464
00:00:26.0043,69.9581807158832,17.7423934601081,52.1835101767885,0.0916799042927331,22.1882694764874
00:00:26.0057,69.9581695223718,17.8331245034635,52.4503661866573,0.0921492820199845,22.1926816941797
00:00:26.0070,69.958158263693,17.9500681596892,52.7943181167329,0.0927583046247912,22.1971197213281
00:00:26.0096,69.9581369649734,18.2317859824916,53.6228999485046,0.0942307763584072,22.2055164154021
00:00:26.0148,69.9580923168673,19.0153994638207,55.9276454818256,0.0983234106532295,22.2231237440281
00:00:26.0199,69.9580455203673,20.029958350976,58.9116422087528,0.103585686198286,22.2415829919552
00:00:26.0251,69.9579961263667,21.2034044910277,62.3629543853757,0.109606967152696,22.2610633409189
00:00:26.0303,69.9579438338426,22.4665449131218,66.0780732738876,0.116005956268732,22.2816702921065
00:00:26.0354,69.9578885004927,23.7552329301147,69.8683321473961,0.122444254857042,22.3034439857304
00:00:26.0406,69.9578301315804,25.0116833853275,73.5637746627281,0.128631874061558,22.32636647067
00:00:26.0458,69.9577688621513,26.1858668531357,77.0172554503992,0.134330860059781,22.3503712096785
00:00:26.0521,69.9576905613026,27.4462187994144,80.7241729394542,0.140349190454501,22.3809612183117
00:00:26.0584,69.9576089326172,28.4725720992328,83.7428591153905,0.145158164648883,22.4127538890477
00:00:26.0663,69.9575032481339,29.3841530406678,86.4239795313759,0.149319018251312,22.4537883450238
00:00:26.0742,69.9573949974939,29.8767898692904,87.8729113802658,0.151444458902043,22.4957005505832
00:00:26.0821,69.9572856301215,29.9838366545556,88.18775486634,0.151726306094089,22.5379567416562
00:00:26.0900,69.9571764258548,29.7720441253843,87.564835662895,0.150494592488983,22.5800909247313
00:00:26.0979,69.9570683887492,29.3283109057505,86.2597379580896,0.148161924439753,22.6217391466682
00:00:26.1058,69.9569621968734,28.7460612412765,84.547238944931,0.145167587494775,22.6626552470315
00:00:26.1137,69.9568581986628,28.1137827973248,82.68759646272,0.141929572536474,22.7027117419102
00:00:26.1216,69.9567564449701,27.5068171583743,80.9024034069834,0.138808146660869,22.7418890259012
00:00:26.1295,69.9566567448244,26.9825688367456,79.3604965786636,0.136082215061785,22.7802562622969
00:00:26.1374,69.9565587333506,26.5787400702528,78.1727649125081,0.133938193781262,22.8179474225224
00:00:26.1481,69.956428385434,26.2543239620635,77.2185998884221,0.132117563199289,22.8680180698332
00:00:26.1609,69.9562722503661,26.1792122704455,76.997683148369,0.131462472989193,22.9278885881395
00:00:26.1738,69.956115782144,26.3815769856554,77.5928734872218,0.13215459225699,22.9877504367684
00:00:26.1866,69.9559576768732,26.7543574670004,78.6892866676482,0.133662928192767,23.0480837466097
00:00:26.1995,69.9557972597117,27.182126557013,79.9474310500383,0.135421631572349,23.1091324571406
00:00:26.2123,69.9556344736581,27.5678579393738,81.0819351158054,0.136963738282176,23.1709115570451
00:00:26.2252,69.9554697277929,27.8498897937131,81.9114405697443,0.137999771229472,23.233266369252
00:00:26.2380,69.9553036790887,28.0067494640213,82.3727925412392,0.138434808125203,23.2959544365079
00:00:26.2557,69.9550748214875,28.0542361596482,82.512459293083,0.13823455331776,23.3821136377055
00:00:26.2733,69.9548459769248,27.9868978089063,82.3144053203126,0.137494405688079,23.468004852374
00:00:26.2909,69.9546176727144,27.9009580199134,82.0616412350395,0.136671777400486,23.5534401400241
00:00:26.3086,69.9543898028719,27.8671964898115,81.9623426170927,0.13610019775469,23.6384605323644
00:00:26.3262,69.9541618680038,27.9137446339279,82.0992489233175,0.135909656841834,23.7232478208957
00:00:26.3529,69.9538161587404,28.0944423458879,82.6307127820234,0.136139998192052,23.8513411091294
00:00:26.3795,69.9534680388003,28.3226051891815,83.3017799681808,0.136587891443793,23.9797129497909
00:00:26.4062,69.9531174192671,28.5173096157489,83.8744400463203,0.136875188473442,24.1083918372678
00:00:26.4329,69.9527647946992,28.6518802499769,84.2702360293439,0.136881798688643,24.237200126127
00:00:26.4742,69.9522151498113,28.8091935599669,84.7329222351968,0.136656695645751,24.4367978876659
00:00:26.5000,69.9518709189197,28.9066902409901,85.0196771793827,0.136515611551231,24.5610822562353
00:00:26.5013,69.9518523239977,28.9199972425768,85.0588154193434,0.136544839896074,24.5677803176777
00:00:26.5027,69.9518337149861,28.9505504985789,85.1486779369967,0.136652837942025,24.5744817398732
00:00:26.5048,69.9518057056169,29.0401601008163,85.4122355906362,0.137014438008451,24.5845647600706
00:00:26.5069,69.9517775838899,29.1826185139426,85.8312309233605,0.137616389851006,24.5946833707912
00:00:26.5090,69.9517493013855,29.3744981641633,86.3955828357743,0.138442066304495,24.6048543287783
00:00:26.5121,69.9517061062991,29.7452916264546,87.4861518425136,0.14005275517352,24.6203759826537
00:00:26.5184,69.9516186838413,30.6977984085069,90.2876423779615,0.144205303523574,24.6517371930954
00:00:26.5246,69.9515282103345,31.8663081927458,93.7244358610171,0.149280775705811,24.6841101909974
00:00:26.5309,69.9514342299302,33.1486612167797,97.4960624022931,0.154801672931827,24.7176389785187
00:00:26.5371,69.9513365430595,34.4507847340149,101.325837452985,0.160342871207997,24.7523775163527
00:00:26.5434,69.9512352022493,35.6913655905757,104.974604678164,0.165551263613131,24.7882943583943
00:00:26.5496,69.9511304745134,36.8046280501157,108.248906029752,0.170153640770478,24.8252882169533
00:00:26.5574,69.9509957825894,37.9411142875917,111.591512610564,0.174754599150827,24.8727005858696
00:00:26.5668,69.9508281432597,38.8856341023585,114.36951206576,0.178435822901612,24.9314931786077
00:00:26.5763,69.9506574264557,39.350473972682,115.736688154947,0.180063225047683,24.991171619328
00:00:26.5857,69.9504855806609,39.3867729015806,115.843449710531,0.179881158660264,25.051102883729
00:00:26.5951,69.9503142472322,39.0933827372021,114.980537462359,0.17831617666248,25.1107590216501
00:00:26.6046,69.9501445947371,38.5929572856223,113.508697898889,0.175884408152679,25.1697660268874
00:00:26.6140,69.9499772626425,38.0088692805817,111.790792001711,0.173102900172393,25.2279197530429
00:00:26.6235,69.9498123940304,37.4475908804647,110.139973177837,0.170420071069351,25.28517526061
00:00:26.6329,69.9496497297893,36.9880515112586,108.788386797819,0.16817107122644,25.3416172484409
00:00:26.6423,69.9494887352538,36.6775891098562,107.875262087812,0.166558386202972,25.3974198054426
00:00:26.6555,69.9492661742935,36.5165047161559,107.401484459282,0.165470743159615,25.4744310344684
00:00:26.6686,69.9490437713696,36.6320886062365,107.741437077166,0.165560171279065,25.5512043048361
00:00:26.6817,69.9488201350826,36.942540885376,108.654532015812,0.166470941020694,25.6281892054945
00:00:26.6948,69.948594399502,37.3448518253498,109.837799486323,0.167759956724567,25.7056622220079
00:00:26.7080,69.9483662867599,37.7427860051903,111.008194132913,0.169019348298687,25.7837083991133
00:00:26.7211,69.9481360123083,38.0672709418267,111.962561593608,0.169961865159778,25.8622544804942
00:00:26.7374,69.9478479841701,38.3229606057121,112.7145900168,0.17051093709973,25.9601842514238
00:00:26.7608,69.9474324412328,38.4581188129733,113.112114155804,0.170333013948652,26.100905709975
00:00:26.7842,69.9470160470361,38.4529857141493,113.097016806322,0.169579203324873,26.2412898743917
00:00:26.8076,69.9465994535177,38.4610137339165,113.120628629166,0.168887230053161,26.3811349206713
00:00:26.8310,69.9461821429588,38.5691113733632,113.438562862833,0.168612225874664,26.5206078051701
00:00:26.8544,69.9457631411976,38.7772440286863,114.05071773143,0.168748133529048,26.6600158962208
00:00:26.8840,69.9452287581203,39.0918748345795,114.976102454646,0.169124203116279,26.8368884264362
00:00:26.9136,69.9446903860943,39.3785481045181,115.819259130936,0.169381666792455,27.0140498459433
00:00:26.9433,69.9441485552473,39.6025423550271,116.47806575008,0.169383603122371,27.1913335713649
00:00:26.9902,69.9432855534228,39.906881395146,117.373180573959,0.169187034400583,27.4716651651823
00:00:27.0000,69.9431048418869,39.9663761609179,117.54816517917,0.169130842356252,27.5300544879964
00:00:27.0021,69.9430658267926,39.9943453247014,117.630427425592,0.169179063907113,27.5426464816683
00:00:27.0042,69.9430267686483,40.0528654229227,117.802545361537,0.169348871015678,27.5552468459374
00:00:27.0068,69.9429778229014,40.1782254652343,118.171251368336,0.169768465834626,27.5710281889026
00:00:27.0094,69.9429286910542,40.3586301119803,118.70185327053,0.170405891708404,27.5868585839527
00:00:27.0128,69.94286531453,40.6585590946543,119.583997337219,0.171493039310058,27.6072604167473
00:00:27.0205,69.9427195140654,41.5373876893566,122.168787321637,0.174727904571668,27.6541058827193
00:00:27.0281,69.9425702880818,42.6030015332758,125.302945686105,0.178665799444098,27.7019143361284
00:00:27.0358,69.942417224674,43.7305664059136,128.619312958569,0.182806472982382,27.7507998737347
00:00:27.0434,69.9422602846503,44.8119351524706,131.799809271972,0.186728096393264,27.8007640562377
00:00:27.0511,69.9420997670273,45.7628968331073,134.596755391492,0.190112560569665,27.851709084043
00:00:27.0606,69.9418973927588,46.6733536187237,137.274569466835,0.193246429191601,27.9157351030102
00:00:27.0723,69.9416417602249,47.3503418164617,139.265711224887,0.195380668644606,27.9963406641294
00:00:27.0841,69.9413837123132,47.5543284683755,139.86567196581,0.195710287582768,28.0774642462852
00:00:27.0958,69.9411254856445,47.389316210308,139.380341795023,0.194645802127971,28.1584569482009
00:00:27.1076,69.940868667337,47.0046673711424,138.249021679831,0.192757209032973,28.2388619089216
00:00:27.1194,69.9406140416885,46.5543690030541,136.924614714865,0.190627288045206,28.3184554668754
00:00:27.1311,69.9403616432873,46.1649581650942,135.779288720865,0.188734674812934,28.3972305970705
00:00:27.1429,69.940110946474,45.917784426274,135.0523071361,0.187387008261242,28.4753419139381
00:00:27.1576,69.9397982178976,45.8512965703762,134.856754618754,0.186626089788058,28.5725644890525
00:00:27.1762,69.9394013207254,46.0862192072465,135.547703550725,0.186870841754713,28.6955562517435
00:00:27.1949,69.9390016401035,46.5288259305472,136.849488031021,0.187891298064271,28.8189233426976
00:00:27.2135,69.9385981845444,47.0003354538341,138.236280746571,0.189008240774685,28.9429450279289
00:00:27.2321,69.9381912002261,47.3711602629515,139.326941949857,0.189739045777613,29.0675450644872
00:00:27.2508,69.9377816681505,47.5954110992576,139.986503233111,0.189919967565352,29.1924402613441
00:00:27.2784,69.9371711816367,47.7495358197378,140.439811234523,0.189527109767107,29.3777798376918
00:00:27.3061,69.9365588702911,47.8462630188961,140.724302996753,0.188928604480075,29.5626973408702
00:00:27.3338,69.9359446517903,48.0184206045623,141.230648836948,0.188612983725629,29.7472199442764
00:00:27.3615,69.9353275446847,48.2938915992574,142.040857644875,0.188676877322345,29.9316247706773
00:00:27.4012,69.9344352225818,48.7501347291849,143.382749203485,0.188986074307812,30.1965216765588
00:00:27.4409,69.9335350829079,49.1703124912458,144.618566150723,0.189159498275155,30.4616902605205
00:00:27.4806,69.9326278799538,49.5247224736832,145.660948452009,0.189094883771798,30.7269200121033
00:00:27.5000,69.9321835480661,49.6823278762487,146.124493753673,0.189010032472705,30.8561023263801
00:00:27.5050,69.9320663261939,49.7659114329073,146.370327743845,0.189137485031841,30.8901035968342
00:00:27.5101,69.9319488188245,49.9205509840544,146.825149953101,0.189516839588128,30.9241516911252
00:00:27.5152,69.9318308686229,50.1436223509267,147.481242208608,0.190137574785638,30.9582890418629
00:00:27.5203,69.931712336991,50.4183594526239,148.289292507717,0.190938986071124,30.9925528005446
00:00:27.5314,69.9314507835618,51.0952029298795,150.280008617293,0.192949249628986,31.0680026085889
00:00:27.5426,69.931185746225,51.7890510363901,152.320738342324,0.19500255208902,31.144238068053
00:00:27.5537,69.930917420402,52.3939517383026,154.099858053831,0.196728518472325,31.221200979088
00:00:27.5648,69.930646407067,52.8441457647282,155.423958131554,0.197903029280828,31.2987260098329
00:00:27.5805,69.9302620980486,53.1876145605038,156.43416047207,0.198537195005376,31.4083393275069
00:00:27.5962,69.9298762720272,53.2517862337338,156.622900687452,0.198200779435568,31.5180459999885
00:00:27.6118,69.9294904694897,53.1534604994538,156.333707351335,0.197305966006465,31.627439003054
00:00:27.6275,69.9291054004784,53.0224650055977,155.948426487052,0.196304371109124,31.7363333296853
00:00:27.6432,69.9287209732776,52.9587241911045,155.760953503249,0.195540714851117,31.8447561688981
00:00:27.6624,69.9282497497031,53.0370597147574,155.991352102228,0.195148893132028,31.977247408667
00:00:27.6896,69.9275793453799,53.3762851432372,156.989073950698,0.195378808356789,32.164921704115
00:00:27.7168,69.9269041904661,53.8247612814055,158.308121415898,0.19597657846259,32.3529376784308
00:00:27.7440,69.9262239250668,54.2230068091041,159.479431791483,0.196396087709592,32.5413845203029
00:00:27.7712,69.9255394135771,54.5096405161968,160.322472106461,0.196434084796577,32.7300345302799
00:00:27.8108,69.9245375551435,54.8260974608602,161.253227826059,0.196151364251681,33.0044509406145
00:00:27.8504,69.9235294899752,55.1561334169428,162.223921814538,0.195918011451249,33.2785794436907
00:00:27.8900,69.9225145712319,55.5603296477679,163.412734258141,0.195932971142171,33.5525863614615
00:00:27.9482,69.9210074532017,56.1965504364539,165.283971871923,0.19608894923224,33.9558650472361
00:00:28.0000,69.919654943087,56.7355473473164,166.869256903872,0.196138215487647,34.3141979142912
00:00:28.0057,69.9195051065081,56.7450037829166,166.897069949755,0.19598109483326,34.3536929561432
00:00:28.0114,69.9193553516703,56.6781669686319,166.700491084212,0.195576506849092,34.3931299350844
00:00:28.0171,69.9192058617763,56.5418097372047,166.299440403543,0.194946965315554,34.432463586958
00:00:28.0239,69.9190259971286,56.3169024524569,165.637948389579,0.193992738458035,34.4797483450134
00:00:28.0365,69.9187000937606,55.8604966009284,164.295578238025,0.192107517336881,34.5653166326377
00:00:28.0491,69.9183766452162,55.4482369259448,163.083049782191,0.190372330868607,34.6500996479784
00:00:28.0616,69.9180551084855,55.182023509807,162.300069146491,0.189117972159856,34.734234770699
00:00:28.0771,69.9176593639257,55.1130033571216,162.097068697417,0.188419057331128,34.8375666132342
00:00:28.0976,69.9171333616894,55.3821388235966,162.888643598814,0.188664536244041,34.974494821818
00:00:28.1182,69.9166039141103,55.8764842718484,164.342600799554,0.189632539202435,35.1118163340938
00:00:28.1388,69.9160699579134,56.3777591187958,165.816938584694,0.19061263538553,35.2497883055547
00:00:28.1593,69.9155320074158,56.7429206971002,166.890943226765,0.191148031490209,35.3882793194278
00:00:28.1799,69.914991375057,56.9418472029062,167.476021185018,0.191149076860053,35.5269652638044
00:00:28.2076,69.9142581780999,57.069007039697,167.850020704991,0.190700776752884,35.7142916403784
00:00:28.2354,69.9135231708685,57.187905848531,168.199723083915,0.190231183908498,35.9012232372554
00:00:28.2632,69.9127858817833,57.4020810815747,168.829650239926,0.190066481786398,36.0878769825974
00:00:28.2978,69.9118639180248,57.7840392916021,169.953056740006,0.190225354027189,36.3200711584607
00:00:28.3324,69.9109358103526,58.1930467753758,171.156019927576,0.190465606820052,36.5524637873262
00:00:28.3750,69.9097830860015,58.6298137850133,172.440628779451,0.190547259244464,36.8392537914147
00:00:28.4282,69.9083339587088,59.1054098917655,173.839440858134,0.190433719773696,37.1969636778554
00:00:28.5000,69.906358799241,59.7675151627936,175.786809302334,0.190343463478056,37.6795947520968
00:00:28.5022,69.9062967697684,59.7682828313897,175.789067151146,0.19028001794795,37.6946615655327
00:00:28.5044,69.9062347644986,59.7275043788482,175.669130526024,0.190090123163911,37.7097175433949
00:00:28.5072,69.9061570601499,59.6056653861345,175.310780547454,0.189636838413893,37.728579345457
00:00:28.5101,69.906079561733,59.4104299544221,174.736558689477,0.188960281441208,37.7473851483497
00:00:28.5138,69.905977826736,59.0600998792531,173.70617611545,0.187785422319025,37.772064662145
00:00:28.5219,69.9057571374232,58.0473974097292,170.72763944038,0.18446304405656,37.8255781876667
00:00:28.5301,69.9055406088219,56.8324552167243,167.154280049189,0.180519299934735,37.878055678846
00:00:28.5382,69.9053286396484,55.5899424876505,163.499830846031,0.176485954730408,37.9294030354797
00:00:28.5464,69.905121088842,54.4607965363361,160.178813342165,0.172797196750488,37.9796522802539
00:00:28.5545,69.9049173654258,53.5440567814216,157.482519945358,0.169762399318874,38.0289417025195
00:00:28.5645,69.9046698722858,52.7872396120421,155.256587094241,0.167177914293731,38.0887654080853
00:00:28.5777,69.9043487801712,52.4248132735412,154.190627275121,0.165747689897439,38.166269950926
00:00:28.5909,69.9040281187526,52.6673524115293,154.903977680969,0.166195856133471,38.2435305887241
00:00:28.6040,69.9037048990342,53.3125809356352,156.801708634221,0.167883679939558,38.32125237249
00:00:28.6172,69.9033773928625,54.123003417341,159.18530416865,0.17006683384047,38.3998382505336
00:00:28.6304,69.9030452037612,54.8873031435285,161.43324453979,0.172092294533943,38.4793751932756
00:00:28.6435,69.9027089980361,55.4624839369871,163.124952755845,0.173526494928566,38.5597014211165
00:00:28.6567,69.9023700562476,55.7894829369748,164.086714520514,0.174196814866304,38.6405142137723
00:00:28.6754,69.9018883821051,55.8894312086038,164.380680025305,0.174039138485841,38.7550887301293
00:00:28.6940,69.9014068013267,55.7330116974546,163.920622639572,0.173106525326645,38.8693397609864
00:00:28.7127,69.9009265615075,55.5319810161248,163.329355929779,0.172044569442769,38.9829809719748
00:00:28.7313,69.9004474467444,55.4424104414063,163.06591306296,0.171325459147383,39.0960655080489
00:00:28.7499,69.8999683442646,55.5227588881163,163.302232023872,0.171122975056007,39.2088526891444
00:00:28.7777,69.8992524700374,55.8575783884839,164.286995260247,0.171469738214923,39.3768210992331
00:00:28.8055,69.8985320628123,56.2677716196971,165.493445940285,0.172037796812636,39.5451789566456
00:00:28.8332,69.8978071433633,56.5945624419135,166.454595417393,0.172351163508445,39.7139179234322
00:00:28.8610,69.8970788328478,56.800580957698,167.060532228523,0.172302696555665,39.8827799975572
00:00:28.9011,69.8960206160872,57.0235178866729,167.71622907845,0.172010957315645,40.1269665364788
00:00:28.9419,69.8949412712962,57.2914578537014,168.504287805004,0.171840472822404,40.3746251072169
00:00:28.9827,69.8938560499992,57.6378612682458,169.523121377194,0.171901127797469,40.6222212581464
00:00:29.0000,69.8933950149078,57.8006986449588,170.002054838114,0.171973968101565,40.7269844639904
00:00:29.0016,69.8933521003385,57.7999007322975,169.999708036169,0.171934158144094,40.7367234274389
00:00:29.0032,69.8933092001775,57.7635946537184,169.892925452113,0.171790641895544,40.7464570590256
00:00:29.0054,69.8932498516482,57.6368081818042,169.52002406413,0.171368459624442,40.7599195220999
00:00:29.0076,69.893190678769,57.4223572192895,168.889285939087,0.170690200758761,40.7733387777435
00:00:29.0098,69.8931317661885,57.1280027101965,168.023537382931,0.169778272263898,40.7866959518743
00:00:29.0136,69.8930314215486,56.4694740830744,166.086688479631,0.167763485253466,40.8094406405322
00:00:29.0205,69.8928544476493,54.9335350722775,161.569220800816,0.163101720493256,40.8495356901607
00:00:29.0274,69.8926827771201,53.1064695398532,156.195498646627,0.157566317439228,40.8884034260963
00:00:29.0342,69.8925169920474,51.1861402179309,150.547471229209,0.151732330238365,40.9259083850445
00:00:29.0411,69.8923571419268,49.3396325950751,145.116566456103,0.146094505300439,40.9620342517358
00:00:29.0480,69.8922028071892,47.6955208826612,140.280943772533,0.141042387290745,40.9968716488952
00:00:29.0548,69.8920532176922,46.3425512933759,136.301621451105,0.136852066337593,41.0305929310009
00:00:29.0631,69.8918775164389,45.1681912757497,132.847621399264,0.133170580726331,41.0701420091575
00:00:29.0734,69.891663331979,44.4154166287448,130.633578319838,0.130734030168866,41.1182759549541
00:00:29.0838,69.8914510871694,44.37184363165,130.505422446029,0.130452101089589,41.1659062824894
00:00:29.0941,69.8912378167539,44.8836459542998,132.010723395,0.131852808975294,41.2137187770399
00:00:29.1044,69.8910213552616,45.7509393668626,134.561586373125,0.134318979283445,41.2622115917194
00:00:29.1147,69.8908004933821,46.7659407358465,137.546884517196,0.13721384231179,41.3116588967991
00:00:29.1250,69.8905749438068,47.7457521448387,140.428682778937,0.13998481159451,41.3621208904868
00:00:29.1353,69.8903451727329,48.5548773521161,142.808462800342,0.142230017732753,41.4134853720768
00:00:29.1456,69.8901121531213,49.1157403677239,144.45805990507,0.143725244797172,41.4655263459249
00:00:29.1590,69.889806473952,49.452547741008,145.448669826494,0.144496483965396,41.5337088500161
00:00:29.1724,69.8894998153628,49.4166285263713,145.343025077563,0.144161334229207,41.6020053754492
00:00:29.1859,69.8891940256311,49.1411369749578,144.532755808699,0.143118882015006,41.6699980087151
00:00:29.1993,69.8888901177929,48.7788046417099,143.467072475617,0.141822684101766,41.7374590208723
00:00:29.2127,69.8885882506902,48.4601953768139,142.529986402394,0.140659431840275,41.804354111026
00:00:29.2261,69.8882879306962,48.2682443172203,141.965424462413,0.139874187891909,41.870796300511
00:00:29.2430,69.8879091111041,48.2427619468672,141.890476314315,0.139526719236197,41.9544555810724
00:00:29.2641,69.8874379341576,48.4638856714208,142.540840210061,0.139842367424707,42.0582889016066
00:00:29.2851,69.8869641478626,48.8123107909835,143.565619973481,0.140529746620721,42.1624574465344
00:00:29.3061,69.8864872776726,49.130897219331,144.502638880385,0.141124709255434,42.2670653697271
00:00:29.3272,69.8860079418887,49.3336161682256,145.098871083017,0.14137686050568,42.3719718571826
00:00:29.3536,69.8854030617318,49.4373869192877,145.404079174376,0.141250932906586,42.5040029936099
00:00:29.3801,69.8847972064785,49.4703494234886,145.501027716143,0.140919969575976,42.6358516175446
00:00:29.4066,69.8841906284086,49.5329045039454,145.685013246898,0.140677166232209,42.7674627558752
00:00:29.4330,69.8835828038784,49.6665600787047,146.078117878543,0.140641770626296,42.8989535532539
00:00:29.4756,69.882601468276,49.9566153379043,146.931221582071,0.140801474329456,43.1104364178825
00:00:29.5000,69.882036868542,50.1306054635312,147.44295724568,0.140914434446731,43.231662964831
00:00:29.5011,69.8820108097827,50.1288272930161,147.4377273324,0.140891441226485,43.237250280823
00:00:29.5022,69.8819847576582,50.1047657555512,147.366958104562,0.140804360322916,43.242835432084
00:00:29.5037,69.881949013898,50.0201618913611,147.118123209886,0.140536488890346,43.2504969523262
00:00:29.5053,69.8819133534558,49.8723876064235,146.683492960069,0.140086894772402,43.258138854693
00:00:29.5068,69.881877820128,49.6630060099849,146.06766473525,0.139459924016959,43.2657515237872
00:00:29.5090,69.8818287198805,49.2793589041624,144.939290894595,0.138321339178721,43.2762669605578
00:00:29.5139,69.8817184585385,48.0756019201655,141.398829176957,0.134771782468368,43.299860345202
00:00:29.5201,69.8815834104752,46.0508201252893,135.443588603792,0.12880987839615,43.3287069474068
00:00:29.5263,69.8814546158727,43.6768818066245,128.461417078307,0.121796781625602,43.3561456898736
00:00:29.5325,69.8813327592777,41.1710613300203,121.091356853001,0.114351377386791,43.3820157423674
00:00:29.5387,69.8812179749213,38.7177763173882,113.875812698201,0.107012041369533,43.4062772328397
00:00:29.5449,69.8811099190549,36.4631461662739,107.244547547864,0.100218615061607,43.4289980865144
00:00:29.5511,69.8810078796637,34.514100154274,101.512059277276,0.0943046956967409,43.45033189403
00:00:29.5573,69.8809106791705,32.9368350594766,96.8730442925783,0.0894866320524408,43.4705374953276
00:00:29.5635,69.8808174239797,31.7707377008639,93.4433461790115,0.0859002998013909,43.4898214458986
00:00:29.5698,69.8807269309923,31.0201468455906,91.235726016443,0.0835718694512099,43.5084554223592
00:00:29.5760,69.8806380396006,30.6641145962572,90.1885723419328,0.0824453344296252,43.5267081293265
00:00:29.5822,69.8805496766246,30.6618928006516,90.1820376489753,0.0823990558522749,43.5448291006662
00:00:29.5884,69.880460905421,30.9584447815791,91.0542493575854,0.0832637699838565,43.5630362775858
00:00:29.5946,69.880370959449,31.4897587774558,92.6169375807524,0.0848406822666759,43.5815075261762
00:00:29.6008,69.8802792610784,32.1878074632513,94.6700219507391,0.0869185060006622,43.6003759922384
00:00:29.6071,69.8801854268547,32.9850164694855,97.0147543220162,0.0892885579584102,43.6197289700122
00:00:29.6133,69.8800892608171,33.8181146576677,99.4650431107873,0.0917572858733968,43.6396097949179
00:00:29.6195,69.8799907378154,34.6312500571624,101.856617815183,0.0941558609306131,43.660022160951
00:00:29.6273,69.8798638052991,35.5511228055719,104.562125898741,0.0968511209418918,43.6863732634612
00:00:29.6351,69.8797338647505,36.3045024253448,106.777948309838,0.0990368657570322,43.7133937286809
00:00:29.6449,69.8795679016091,36.9583994925929,108.701174978215,0.100899929109723,43.7479405608049
00:00:29.6576,69.8793509434679,37.3260256284133,109.782428318863,0.101879659464483,43.7931128832571
00:00:29.6680,69.8791713541266,37.2742731380717,109.630215111976,0.101632023329272,43.8304832617858
00:00:29.6784,69.8789925098393,36.9941437547703,108.806305161089,0.100707216972441,43.8676505648062
00:00:29.6888,69.8788152698429,36.5892016804881,107.615299060259,0.0994129640632536,43.9044204679575
00:00:29.6992,69.8786400032546,36.1582786135426,106.347878275125,0.0980426525040426,43.9407097873834
00:00:29.7096,69.8784666551058,35.7804884573144,105.236730756807,0.0968315137538755,43.9765314655684
00:00:29.7200,69.8782948583849,35.5073759150328,104.433458573626,0.0959330772771875,44.011969251582
00:00:29.7336,69.8780720035602,35.3406465327746,103.943078037572,0.0953267388368053,44.0578646820144
00:00:29.7508,69.8777900357499,35.3957069975268,104.105020580961,0.0953518925533526,44.1158502755976
00:00:29.7680,69.8775069472734,35.6443419755125,104.836299927978,0.0959511067666416,44.1740051867628
00:00:29.7852,69.8772217667234,35.9509781978074,105.738171170022,0.096719311817048,44.2325483249186
00:00:29.8024,69.8769344420104,36.2041751516655,106.482868093134,0.0973261171632359,44.2914898884301
00:00:29.8196,69.8766455689891,36.3475819221474,106.904652712198,0.0976064520166866,44.3506940531118
00:00:29.8417,69.8762747039907,36.3840455201267,107.011898588608,0.0975304666965626,44.4265933174363
00:00:29.8637,69.8759038288393,36.3322164828581,106.8594602437,0.0971951328662302,44.5023526262809
00:00:29.8857,69.8755333686351,36.2825989087132,106.713526202098,0.0968677026474861,44.5778771130994
00:00:29.9078,69.8751630664781,36.2908387968798,106.737761167293,0.096711408699331,44.6532251991453
00:00:29.9360,69.8746878199692,36.386938738678,107.020408054935,0.0967625018711751,44.7497363103423
00:00:29.9707,69.8741026756693,36.5508450795309,107.502485528032,0.0969589099265193,44.8682911145111
00:00:30.0000,69.8736063394108,36.6719765018098,107.858754417088,0.0970729979208861,44.9686193408362
00:00:30.0012,69.8735848672672,36.6688811151782,107.849650338759,0.0970536218867595,44.972954827535
00:00:30.0025,69.8735634022225,36.6482609020141,107.789002652983,0.0969831452800808,44.9772882719114
00:00:30.0041,69.8735351480771,36.5843842791987,107.601130232937,0.0967832527783535,44.9829909190229
00:00:30.0058,69.873506960153,36.477107509262,107.285610321359,0.096456789309209,44.9886780328544
00:00:30.0075,69.873478870694,36.3282798523714,106.847881918739,0.0960090747833673,44.9943424378425
00:00:30.0100,69.8734361809121,36.0296599189212,105.969587996827,0.0951168806409262,45.0029439148643
00:00:30.0159,69.8733388903627,35.0791812238574,103.17406242311,0.0922912818444565,45.0225017021013
00:00:30.0219,69.8732445700147,33.8534874098501,99.5690806172062,0.0886518716115088,45.0413861971654
00:00:30.0278,69.8731537804964,32.471940836636,95.5057083430469,0.0845422356115694,45.0594699245691
00:00:30.0337,69.8730668088096,31.0421608949478,91.3004732204348,0.0802755117781536,45.0766857691111
00:00:30.0396,69.8729836720413,29.6551938852201,87.2211584859416,0.0761205811998035,45.0930269338778
00:00:30.0455,69.872904160083,28.383824557625,83.4818369341911,0.0722962495860133,45.1085381720801
00:00:30.0514,69.8728278874087,27.2821000789855,80.2414708205455,0.0689683125235322,45.123304762422
00:00:30.0574,69.8727543448343,26.3857241486136,77.605071025334,0.0662490024765258,45.1374411595346
00:00:30.0649,69.8726628979328,25.5637734697561,75.1875690286945,0.0637414503061211,45.1549007502797
00:00:30.0725,69.8725736966199,25.1081246735331,73.8474255103915,0.0623363128815196,45.1718359161441
00:00:30.0801,69.8724855199249,24.9902432141121,73.5007153356237,0.0619510090992182,45.1885272968406
00:00:30.0877,69.8723972766786,25.1581861678071,73.9946651994326,0.0624286613354146,45.2052260958689
00:00:30.0953,69.8723080821663,25.5447563259733,75.1316362528626,0.0635642131639302,45.2221357265862
00:00:30.1029,69.8722172979809,26.0759789522694,76.6940557419688,0.0651318225146755,45.2394023062055
00:00:30.1105,69.8721245425162,26.6787177496242,78.4668169106594,0.0669092392591388,45.2571123162369
00:00:30.1181,69.8720296773345,27.2868959386359,80.2555762901055,0.0686972020097958,45.2752960828796
00:00:30.1257,69.8719327748008,27.8460503579375,81.900148111581,0.0703330476882972,45.2939356409287
00:00:30.1333,69.8718340729174,28.3161018584393,83.2826525248214,0.0716984394177994,45.3129754510909
00:00:30.1431,69.8717043428272,28.753094394579,84.5679246899384,0.0729505989073524,45.3380555417912
00:00:30.1561,69.8715309304809,29.0271456305892,85.3739577370272,0.0736993191041656,45.3716233690553
00:00:30.1691,69.8713567424998,29.0025302738359,85.3015596289292,0.0735601810898008,45.4053370816816
00:00:30.1821,69.871183247844,28.7735241682999,84.6280122597056,0.0728151010134407,45.4388637844145
00:00:30.1950,69.8710113282093,28.4543432944372,83.689244983639,0.0718034036313346,45.4720041424777
00:00:30.2080,69.8708412301557,28.1483069556486,82.7891381048487,0.0708317968026997,45.5047028042742
00:00:30.2210,69.8706726832679,27.9270102155696,82.1382653399106,0.0701129439266655,45.5370215434158
00:00:30.2340,69.8705051061899,27.8226172491749,81.8312272034555,0.0697422467263498,45.5690925365196
00:00:30.2519,69.8702745118199,27.8515623608589,81.916359884879,0.0697451659409256,45.6131692758804
00:00:30.2697,69.8700432011088,28.0103060441243,82.3832530709537,0.0701326617845432,45.6573554729595
00:00:30.2876,69.8698105109922,28.2055992821856,82.9576449476046,0.0706269744641838,45.7018005629975
00:00:30.3055,69.8695764255893,28.362078929018,83.4178792029942,0.071004895853182,45.7465073433673
00:00:30.3234,69.8693413735183,28.4440145619797,83.6588663587639,0.071161572569496,45.791378442429
00:00:30.3474,69.8690251170068,28.4545345021365,83.6898073592249,0.0710779207219885,45.8516833527188
00:00:30.3714,69.8687089581921,28.4128020723248,83.5670649186024,0.0708407018106475,45.9118693444623
00:00:30.3955,69.8683931069344,28.3846771195422,83.4843444692416,0.0706443264641967,45.9718896263447
00:00:30.4195,69.8680772791303,28.4027445440783,83.5374839531714,0.0705843670567428,46.03180842597
00:00:30.4527,69.8676401421045,28.4835620575197,83.7751825221168,0.0706656268879896,46.1146107015497
00:00:30.4859,69.8672017530858,28.5773140401749,84.0509236475733,0.0707842600278733,46.1975100445135
00:00:30.5000,69.8670151343833,28.6115387211856,84.1515844740753,0.0708180521070635,46.232757945077
00:00:30.5293,69.8666258083038,28.6350755681336,84.2208104945106,0.0707486026714239,46.3061981807042
00:00:30.5647,69.866156982549,28.6373921507178,84.2276239726996,0.070589532100534,46.3944536915354
00:00:30.6001,69.8656877986244,28.6662333942345,84.3124511595133,0.0705084563584601,46.4825822115759
00:00:30.6354,69.8652178105172,28.7332195925316,84.5094693897988,0.0705386073391119,46.5706832124099
00:00:30.6881,69.8645160600878,28.8443337269299,84.8362756674408,0.0706160584394151,46.7019198873189
00:00:30.7407,69.8638119692543,28.9343542328349,85.1010418612792,0.0706317808407198,46.833218609528
00:00:30.8056,69.8629419828097,29.026485828996,85.372017144106,0.0705967591278207,46.9949217804386
00:00:30.8940,69.8617515581264,29.1635885308609,85.7752603848851,0.070582234753396,47.2152400988328
00:00:30.9940,69.860397484047,29.3296737241536,86.2637462475107,0.0705966597663135,47.4645475064285
00:00:31.0000,69.8603160622042,29.3399348781266,86.2939261121372,0.0705983572280704,47.4794951045806
00:00:31.0454,69.8596982872699,29.3362879809344,86.2831999439248,0.0703791694758479,47.5927142732276
00:00:31.0798,69.8592323324976,29.3299382248159,86.264524190635,0.07020451256121,47.6778903457894
00:00:31.1141,69.8587660026414,29.3728813446333,86.3908274842154,0.0701706846972646,47.7629583960785
00:00:31.1569,69.8581826491774,29.4709340295042,86.6792177338359,0.0702546070909641,47.8691564033811
00:00:31.1997,69.8575975160089,29.5646798300551,86.9549406766325,0.0703257093541157,47.9754452383865
00:00:31.2425,69.8570108468846,29.6311596807431,87.1504696492443,0.0703193052650771,48.0817717783615
00:00:31.3097,69.8560875339891,29.7225067029413,87.4191373615919,0.0702725771968039,48.2486042449008
00:00:31.3769,69.8551610527926,29.8273007621359,87.7273551827528,0.0702637005292309,48.4153959173162
00:00:31.4655,69.8539350854398,29.976851055392,88.1672089864472,0.0702837154988685,48.6351818382151
00:00:31.5000,69.8534564526535,30.034354646008,88.3363371941413,0.070289402328412,48.7207074805061
00:00:31.5352,69.8529663677586,29.9966070879579,88.2253149645821,0.0700261996119068,48.8080850761082
00:00:31.5606,69.8526137916191,29.9472299428008,88.0800880670611,0.069775663104886,48.8708105364091
00:00:31.5860,69.8522614738468,29.9399979725749,88.0588175663966,0.0696431415383588,48.9333799520781
00:00:31.6115,69.8519089110603,29.987166666588,88.1975490193766,0.0696621235935116,48.9959005048521
00:00:31.6467,69.8514182314997,30.088735694027,88.4962814530206,0.0697882628443585,49.0827875254951
00:00:31.6820,69.8509261047672,30.1772402700197,88.7565890294697,0.0698775273543677,49.1697864451897
00:00:31.7173,69.8504328554929,30.2307489084047,88.913967377661,0.069869611188558,49.256828246573
00:00:31.7738,69.8496410132123,30.2963415240045,89.1068868353075,0.0698014374406753,49.3962118517519
00:00:31.8303,69.8488471083931,30.3782166030923,89.3476958914478,0.0697783152153478,49.5355324171218
00:00:31.8869,69.8480508193451,30.4779581891503,89.6410534975008,0.0698041208604607,49.6748572374041
00:00:31.9807,69.8467235064403,30.6345708402479,90.1016789419057,0.069821687984965,49.9061876831741
00:00:32.0000,69.8464502352614,30.6646309902633,90.1900911478332,0.0698195104944341,49.9536748792902
00:00:32.0218,69.8461406258379,30.6282418963949,90.0830644011614,0.0696251091598653,50.0074041914092
00:00:32.0392,69.8458937647454,30.5593447708423,89.880425796595,0.0693617814862554,50.0501781166243
00:00:32.0566,69.8456473914429,30.4976762220503,89.6990477119127,0.0691187284761228,50.0928042993192
00:00:32.0792,69.8453288109065,30.4746272874816,89.631256727887,0.0689593192126281,50.147841360689
00:00:32.1074,69.8449303481235,30.5300894244544,89.7943806601601,0.0689895844825271,50.2165790103518
00:00:32.1356,69.8445309431315,30.6296062108304,90.0870770906778,0.0691391514798331,50.2853916635146
00:00:32.1638,69.844130396202,30.7174334499255,90.3453924997809,0.0692563888316343,50.3543203327639
00:00:32.1920,69.8437289697442,30.768837083447,90.4965796571971,0.0692745876397559,50.4233103875451
00:00:32.2356,69.8431083624258,30.8110169944298,90.620638218911,0.0692021693719159,50.5297654878789
00:00:32.2791,69.8424867505584,30.8573249986473,90.7568382313157,0.0691411868391119,50.6361413220355
00:00:32.3227,69.8418639002475,30.9290014932055,90.9676514506045,0.0691486490004397,50.7424860825168
00:00:32.3934,69.8408483087396,31.0562935536284,91.3420398636129,0.0691893329947095,50.9153890784346
00:00:32.4793,69.8396110434596,31.1940889493396,91.7473204392342,0.0691934297522114,51.1251974822635
00:00:32.5000,69.8393129005391,31.2239997524467,91.8352933895492,0.0691857920631344,51.1756182333414
00:00:32.5163,69.8390772052763,31.191043203501,91.7383623632382,0.0690288180184026,51.2154312332986
00:00:32.5326,69.8388419520385,31.1060644912248,91.4884249741907,0.0687335214234772,51.2551146401258
00:00:32.5489,69.8386073277528,31.0143765741644,91.2187546298952,0.0684209482371264,51.2946307141675
00:00:32.5694,69.8383134307172,30.9504618153771,91.0307700452267,0.0681657315620903,51.3440504869267
00:00:32.5899,69.8380197704287,30.9603006645143,91.0597078368068,0.0681074212930393,51.3933608077712
00:00:32.6201,69.8375851907013,31.059684117016,91.3520121088706,0.068246909814805,51.4662495959167
00:00:32.6504,69.8371492023622,31.1789065775015,91.7026664044161,0.0684383542572117,51.5392902222576
00:00:32.6807,69.8367119330578,31.2559500643048,91.929264895014,0.0685172057315062,51.6124562894141
00:00:32.7109,69.8362739077626,31.2864489401058,92.0189674708993,0.0684725628842905,51.6856412672527
00:00:32.7541,69.8356476793043,31.3161555290229,92.1063397912438,0.0683724875696834,51.7900624043355
00:00:32.7973,69.8350204894708,31.3716637594434,92.2695992924807,0.0683408566703222,51.894405003256
00:00:32.8406,69.8343919339045,31.4528721748425,92.5084475730662,0.0683768864407787,51.9987504704573
00:00:32.9070,69.8334227798298,31.5711693210093,92.8563803559098,0.0684145380337033,52.159211783795
00:00:32.9734,69.8324503320858,31.6713383027844,93.1509950081895,0.0684042444706505,52.3196920418951
00:00:33.0000,69.8320612275044,31.7080612940073,93.2590038059038,0.0683915465132161,52.3837563399386
00:00:33.0153,69.8318363597259,31.6677292496426,93.1403801460077,0.0682234559459348,52.4207315191387
00:00:33.0279,69.8316520338583,31.5855859012792,92.8987820625859,0.0679576590074597,52.4510029173999
00:00:33.0405,69.8314682116343,31.4879728258786,92.611684781996,0.0676518751575211,52.481151279748
00:00:33.0586,69.8312036793321,31.3811192481294,92.2974095533217,0.0673001093494062,52.5244681942635
00:00:33.0768,69.8309397293382,31.3423386631827,92.1833490093609,0.0671266345435679,52.5676225775557
00:00:33.1009,69.830589416814,31.3909620557842,92.3263589876004,0.067157754364379,52.6248285489847
00:00:33.1250,69.8302382897415,31.4995849561611,92.6458381063561,0.0673448437139274,52.6821147789899
00:00:33.1492,69.8298860523166,31.604077309427,92.9531685571383,0.0675205141212363,52.7395396955091
00:00:33.1733,69.8295329154697,31.6676273704664,93.1400805013717,0.0675892720269267,52.7970610641227
00:00:33.2060,69.8290531253259,31.6976061667095,93.2282534314984,0.0675364018101792,52.8751057562503
00:00:33.2461,69.828463950816,31.7167159625722,93.2844587134476,0.0674260582126883,52.9707565797698
00:00:33.2863,69.8278740523548,31.7639828306232,93.4234789135976,0.0673889239675427,53.0663240690195
00:00:33.3264,69.8272830100032,31.8400897506746,93.6473227961016,0.0674262625606098,53.161891137095
00:00:33.3878,69.8263768922741,31.9523366329232,93.9774606850681,0.0674722532016682,53.3080578703548
00:00:33.4491,69.8254679539921,32.0441250624208,94.247426654179,0.0674652237611669,53.4542516019014
00:00:33.5000,69.82471322919,32.1142017177185,94.453534463878,0.0674440736568518,53.5753116016861
00:00:33.5116,69.8245399506335,32.0844490244622,94.3660265425357,0.0673218796197363,53.6030583547273
00:00:33.5233,69.8243669847225,32.0006485173579,94.1195544628174,0.067061520133353,53.6307251420615
00:00:33.5349,69.8241945298293,31.8891764899422,93.7916955586535,0.0667306867994968,53.6582733420306
00:00:33.5494,69.8239817890587,31.7620326637007,93.4177431285315,0.0663494783791435,53.6922036262166
00:00:33.5671,69.8237212567104,31.6691889285619,93.1446733192998,0.0660440109776599,53.7336868454273
00:00:33.5849,69.8234611252293,31.6610385649257,93.1207016615463,0.0659556651575104,53.7750493800297
00:00:33.6111,69.8230763804053,31.7552489887961,93.3977911435179,0.0660967187667126,53.8361690067182
00:00:33.6373,69.8226903512722,31.890782036861,93.7964177554734,0.0663425649636722,53.8974462815908
00:00:33.6635,69.8223029993542,31.9900910262086,94.0885030182606,0.0664952429275066,53.9588881722266
00:00:33.6897,69.8219148256554,32.0297769355464,94.2052262810187,0.0664957054320967,54.0203968626877
00:00:33.7311,69.8212998665177,32.0428015123605,94.2435338598837,0.0663699922365048,54.1176697404925
00:00:33.7726,69.8206843535421,32.0699342369795,94.3233359911163,0.0662805876116566,54.2148178127076
00:00:33.8141,69.8200678510988,32.139552041034,94.5280942383354,0.0662990482429601,54.3119256051924
00:00:33.8756,69.8191509889539,32.2579190409338,94.8762324733348,0.0663642246616356,54.4560107520776
00:00:33.9371,69.818231213369,32.354646880459,95.1607261189969,0.0663742599460538,54.6001488542846
00:00:34.0000,69.8172881132002,32.438669784188,95.4078523064352,0.066346886052054,54.7475113040155
00:00:34.0103,69.8171322299912,32.4083980048717,95.3188176613873,0.0662314743794094,54.7718219033582
00:00:34.0207,69.8169766302869,32.3237714595284,95.0699160574366,0.0659797052027439,54.7960637710278
00:00:34.0311,69.8168215042276,32.2065075500745,94.7250222061014,0.0656462632990163,54.8202005647344
00:00:34.0438,69.8166322508312,32.0622914352036,94.3008571623635,0.0652368597439674,54.8496009905172
00:00:34.0601,69.8163916623795,31.9293293913406,93.9097923274724,0.0648433618116976,54.8869093920576
00:00:34.0763,69.8161517417612,31.8787861818561,93.7611358289887,0.0646573519178658,54.9240558123383
00:00:34.0993,69.8158125468323,31.9307555398831,93.9139868820092,0.0647043399934625,54.976517053927
00:00:34.1222,69.8154724677081,32.0590696120373,94.2913812118745,0.0649422995738355,55.0290795974074
00:00:34.1452,69.8151311378007,32.1837846245596,94.6581900722341,0.0651704729264433,55.0818131344163
00:00:34.1681,69.8147888006192,32.2575437540623,94.8751286884186,0.0652706039494174,55.1346707409176
00:00:34.1968,69.8143611920696,32.2807514469272,94.9433866086095,0.0652234124310822,55.2006214196294
00:00:34.2321,69.8138336672204,32.2775077879425,94.9338464351251,0.0650860160706711,55.2818447658079
00:00:34.2674,69.8133058716316,32.2995694355917,94.9987336340932,0.0650121125328992,55.3629586649823
00:00:34.3027,69.8127773706752,32.3612240594484,95.1800707630836,0.065036854755914,55.4440458828017
00:00:34.3598,69.811920533582,32.4733981151941,95.5099944564532,0.0651074068260942,55.575250513966
00:00:34.4168,69.811061176255,32.5623925771942,95.7717428741007,0.0651199967168921,55.7065127619375
00:00:34.4739,69.8101996772194,32.6342995270023,95.9832339029479,0.0650901737831084,55.8377606604517
00:00:34.5000,69.8098063254859,32.6674270053003,96.0806676626478,0.0650774546137694,55.8975724202113
00:00:34.5098,69.8096573022102,32.6359073020607,95.9879626531196,0.0649639470052623,55.9202090873916
00:00:34.5197,69.8095085624158,32.5463722967713,95.7246244022684,0.064707507680881,55.9427799961498
00:00:34.5295,69.8093603051912,32.4195514167001,95.3516218138238,0.064359387577649,55.9652477659315
00:00:34.5394,69.8092126308599,32.2844700746709,94.9543237490321,0.0639912252994654,55.9875936254963
00:00:34.5538,69.808997440119,32.1228543072392,94.4789832565858,0.0635419649728817,56.0200986467747
00:00:34.5713,69.8087379599742,32.0213784629879,94.1805248911408,0.0632310428546054,56.0592217003072
00:00:34.5926,69.8084216249813,32.0377099835543,94.2285587751596,0.063197562638162,56.1068524177031
00:00:34.6139,69.8081046946851,32.1537420512655,94.5698295625457,0.0634094279138931,56.1545393140852
00:00:34.6353,69.807786599002,32.2912864892536,94.9743720272164,0.0636735259904348,56.2023891779275
00:00:34.6566,69.8074673923293,32.3905297597102,95.2662639991477,0.0638428058821029,56.2503913930107
00:00:34.6779,69.8071475028722,32.4316955499636,95.3873398528343,0.0638691337172752,56.2984653826238
00:00:34.7135,69.8066129831168,32.4326574146693,95.3901688666745,0.0637469257870646,56.3786811881792
00:00:34.7491,69.8060783404394,32.4289679970247,95.379317638308,0.0636137875211235,56.458763719567
00:00:34.7847,69.8055432959778,32.4704477421054,95.5013168885452,0.0635914902660239,56.5387653499553
00:00:34.8283,69.804887319676,32.5594787261185,95.7631727238779,0.0636575835229045,56.6366851787013
00:00:34.8719,69.8042297220792,32.6425417497743,96.0074757346302,0.0637087149601498,56.734673816262
00:00:34.9250,69.8034266563614,32.7136936148707,96.2167459260903,0.0636975342712751,56.8540913141313
00:00:35.0000,69.8022893684729,32.8066087739969,96.4900258058732,0.0636632422092897,57.0227273856623
00:00:35.0081,69.8021658839781,32.7812351064067,96.4153973717844,0.0635735911022449,57.0410007664265
00:00:35.0162,69.8020425957845,32.7065641621476,96.1957769474928,0.0633645436654203,57.0592297767149
00:00:35.0244,69.801919654084,32.5945760953598,95.8664002804701,0.0630652237590272,57.0773866883812
00:00:35.0343,69.8017704251719,32.4387745560405,95.4081604589427,0.0626539117819,57.099392526541
00:00:35.0484,69.8015585923269,32.2369332121922,94.814509447624,0.0621172199352387,57.1305670122736
00:00:35.0626,69.8013478415959,32.0988842434359,94.4084830689292,0.0617357806429439,57.1615178591014
00:00:35.0797,69.8010939778359,32.0454277087498,94.2512579669112,0.0615501408265271,57.1987419252764
00:00:35.1033,69.8007426153486,32.1271671214953,94.4916680043979,0.0616705892671029,57.2502143969227
00:00:35.1269,69.8003900273305,32.2901520794221,94.9710355277121,0.0619870024667866,57.3018481339537
00:00:35.1506,69.8000359050411,32.4302325584744,95.3830369366894,0.0622471116810661,57.353699590734
00:00:35.1742,69.7996807039445,32.4963562850134,95.5775184853335,0.0623280511818764,57.4056843263816
00:00:35.2029,69.7992499944468,32.497341831417,95.5804171512265,0.0622351858438216,57.468648996136
00:00:35.2315,69.7988193287828,32.4749068116437,95.5144317989521,0.0620862175117257,57.531509539514
00:00:35.2601,69.7983886898985,32.4816603203767,95.5342950599315,0.0620078823679195,57.5942693219409
00:00:35.2888,69.79795768876,32.5283330461885,95.6715677829074,0.0620256623294771,57.6569999252943
00:00:35.3363,69.797240479604,32.6279371166556,95.9645209313399,0.0621079474048921,57.7612355349395
00:00:35.3839,69.7965214234578,32.707971000192,96.1999147064469,0.0621428541612567,57.8655456634561
00:00:35.4314,69.7958009065282,32.7621252385573,96.3591918781096,0.0621156486319554,57.9698593804122
00:00:35.5000,69.7947599336781,32.8437230733387,96.5991855098196,0.0620848937235193,58.1201890743698
00:00:35.5071,69.7946507222072,32.8218197288045,96.5347639082486,0.0620090539538017,58.1359324675935
00:00:35.5143,69.7945416654858,32.7545950744896,96.337044336734,0.0618252243813664,58.1516417303298
00:00:35.5215,69.7944328910679,32.6501584770112,96.0298778735624,0.061552805476984,58.1672936906656
00:00:35.5303,69.7943007706897,32.4976706657201,95.5813843109416,0.0611609142354865,58.1862773573008
00:00:35.5436,69.7941002468381,32.2695458023618,94.9104288304758,0.0605742992772282,58.2150284052182
00:00:35.5570,69.7939009488314,32.0912133198036,94.3859215288342,0.0601070205488337,58.2435364743337
00:00:35.5704,69.7937024822971,31.9951080352565,94.1032589272251,0.0598362967964262,58.2718735490215
00:00:35.5890,69.7934260686357,31.9966397533836,94.1077639805401,0.0597822689778948,58.3112933389158
00:00:35.6077,69.7931492161469,32.1064745271079,94.4308074326704,0.0599861346540161,58.3507547903131
00:00:35.6263,69.7928713284193,32.2526684798471,94.8607896466091,0.0602759621888895,58.3903660522918
00:00:35.6450,69.7925923392036,32.3738313302951,95.2171509714561,0.0605055936471489,58.4301388093061
00:00:35.6637,69.7923125629211,32.4394254207416,95.4100747668869,0.0606027395883401,58.4700157272012
00:00:35.6903,69.7919116433946,32.4520889637602,95.4473204816476,0.0605487771687465,58.5271095643321
00:00:35.7170,69.7915107407896,32.4247652362132,95.3669565770978,0.0604001896925296,58.5841213167367
00:00:35.7437,69.7911099950504,32.4141113589304,95.3356216439131,0.060291475540946,58.6410258620166
00:00:35.7704,69.7907091121806,32.4429501419417,95.4204415939462,0.0602764818655501,58.6978765299951
00:00:35.8125,69.7900761831662,32.5286089314045,95.6723792100134,0.0603478124018357,58.7875183937815
00:00:35.8546,69.7894417430888,32.6101655962656,95.9122517537222,0.0604090593591654,58.8772374840561
00:00:35.8967,69.7888060420078,32.6635404123345,96.0692365068662,0.0604035913386324,58.9669884650421
00:00:35.9619,69.7878184233385,32.7326608938691,96.2725320407914,0.0603629741284266,59.1061119253765
00:00:36.0000,69.7872416907281,32.7784415221828,96.4071809475965,0.0603522251370113,59.1871802892035
00:00:36.0062,69.7871471401477,32.7612321743658,96.356565218723,0.0602924530276924,59.2004568353673
00:00:36.0124,69.7870527015759,32.7041525939887,96.1886840999666,0.0601391353256385,59.2137090651869
00:00:36.0186,69.7869584766237,32.6118316749382,95.9171519851125,0.0599031861763252,59.2269187996324
00:00:36.0263,69.7868431725221,32.4695738592128,95.4987466447436,0.0595457950965382,59.2430618385118
00:00:36.0390,69.786652845634,32.2207337973831,94.7668641099503,0.0589231684925099,59.2696497567904
00:00:36.0517,69.7864638565222,32.0037836308863,94.1287753849596,0.0583759721413904,59.2959809741725
00:00:36.0644,69.7862759019154,31.8609100015311,93.7085588280326,0.0580032088503641,59.3221100415329
00:00:36.0806,69.7860379474926,31.8049970171922,93.5441088740947,0.0578250009664657,59.3551378268068
00:00:36.1015,69.7857298286385,31.8898399636962,93.7936469520477,0.0579633864259052,59.3978715283181
00:00:36.1223,69.7854205777919,32.0591148337537,94.2915142169228,0.0582991784967648,59.4407627457013
00:00:36.1432,69.7851098603258,32.2144347821498,94.7483375945583,0.0586014125504516,59.4838708803246
00:00:36.1641,69.7847980270089,32.2998796742394,94.9996461007042,0.05873948369998,59.5271328297055
00:00:36.1850,69.7844857097643,32.3124039918511,95.0364823289738,0.0587068355868798,59.5704355452931
00:00:36.2131,69.7840658953288,32.279113027478,94.9385677278765,0.0585460302220335,59.6285666786814
00:00:36.2412,69.7836463543917,32.2549295055415,94.8674397221809,0.0584069069818245,59.6865669493997
00:00:36.2693,69.7832267793198,32.2769029995128,94.9320676456258,0.0583757257392539,59.7444913750032
00:00:36.3067,69.7826670745151,32.353374959235,95.1569851742206,0.0584441239682691,59.8216682393396
00:00:36.3441,69.7821061285356,32.4320396886821,95.3883520255356,0.058517283994617,59.8989204046906
00:00:36.3815,69.7815441135272,32.4834740657897,95.5396296052639,0.0585268895036391,59.9762170620554
00:00:36.4354,69.7807331555378,32.5340648749501,95.6884261027945,0.0584861121066926,60.0875477352543
00:00:36.5000,69.7797591873833,32.6058304349323,95.8995012792125,0.0584630825222838,60.2209379911058
00:00:36.5057,69.779672760405,32.5892821983722,95.8508299952125,0.0584080424495501,60.2327564140149
00:00:36.5114,69.7795864320642,32.5349972798699,95.6911684702056,0.0582657489407807,60.2445540451042
00:00:36.5171,69.7795002924088,32.4460633005952,95.429597942927,0.0580433827104351,60.2563150074398
00:00:36.5241,69.7793957367983,32.3073727737544,95.0216846286893,0.0577024245165406,60.2705712004097
00:00:36.5363,69.779214704057,32.0431185137671,94.2444662169621,0.0570564506230282,60.2951978392935
00:00:36.5484,69.7790350704791,31.7989265619657,93.5262545940168,0.0564573953172366,60.3195628035887
00:00:36.5606,69.7788565950099,31.6220251732657,93.005956391958,0.0560145316002055,60.343708850237
00:00:36.5753,69.7786408525946,31.5258432238994,92.7230683055865,0.0557517760468803,60.3728405772448
00:00:36.5964,69.7783327982196,31.5746509171621,92.8666203445945,0.0558074696968531,60.4143945060777
00:00:36.6175,69.7780237601744,31.7467388590139,93.3727613500408,0.0561477247250677,60.4560791206511
00:00:36.6386,69.7777131315508,31.9262944399546,93.9008659998665,0.0565043171834721,60.4980009950394
00:00:36.6596,69.7774011584354,32.0369035162419,94.2261868124761,0.0567010617771959,60.5401162973559
00:00:36.6807,69.7770885227405,32.0624205159878,94.3012368117289,0.0567013204896022,60.5823047031966
00:00:36.7093,69.7766644807095,32.0258305656383,94.1936193107009,0.0565378030057591,60.6394550103951
00:00:36.7379,69.7762408120582,31.987583095398,94.0811267511705,0.0563709099068247,60.696459968754
00:00:36.7665,69.775817250132,31.9989689400973,94.1146145296978,0.056318508168862,60.7533666640062
00:00:36.7951,69.7753932540908,32.0556482162839,94.2813182831878,0.0563702079567303,60.8102700836926
00:00:36.8345,69.7748065299234,32.1428005214156,94.5376485923988,0.0564616527581887,60.8889333960611
00:00:36.8740,69.7742185558819,32.2022426777298,94.7124784639112,0.0564892297449635,60.9676639612601
00:00:36.9218,69.7735063578477,32.2433871675871,94.833491669374,0.0564520904174825,61.0628711659076
00:00:36.9865,69.7725397685476,32.3058865430518,95.0173133619171,0.0564173103678716,61.191800883878
00:00:37.0000,69.7723380135236,32.3217560735181,95.0639884515237,0.0564165488811128,61.2186713295907
00:00:37.0056,69.7722527601646,32.3034850313138,95.0102500920994,0.0563592408334842,61.230019881991
00:00:37.0113,69.7721676136724,32.2441309309915,94.8356792087986,0.0562082407118117,61.2413466953233
00:00:37.0170,69.7720826720409,32.1470475541161,94.5501398650474,0.055971236327644,61.2526347265499
00:00:37.0227,69.7719980175138,32.0236477733977,94.1871993335226,0.055674282712525,61.2638696784253
00:00:37.0339,69.7718337388064,31.7577971756768,93.4052858108142,0.0550379374150502,61.2856214198392
00:00:37.0450,69.7716707844749,31.5002798164757,92.6478818131638,0.0544210093571636,61.3071310366991
00:00:37.0561,69.7715089955328,31.2962213348425,92.0477098083603,0.0539265076601222,61.3284263673731
00:00:37.0697,69.7713123826948,31.1541088479554,91.629731905751,0.0535675264946865,61.3542453236576
00:00:37.0878,69.7710511528596,31.1389701700754,91.5852063825747,0.0534873109434942,61.388498419668
00:00:37.1059,69.770789515135,31.2634488255026,91.9513200750077,0.0537255319403399,61.4227932129307
00:00:37.1240,69.7705267001792,31.4397426390127,92.4698312912138,0.0540812647388619,61.4572633547805
00:00:37.1421,69.770262579951,31.5903500391988,92.9127942329376,0.0543777506926286,61.4919307468154
00:00:37.1603,69.7699975066799,31.6734892252322,93.1573212506828,0.0545201597349484,61.5267338637278
00:00:37.1831,69.7696629285789,31.6861253570637,93.1944863443049,0.0544898383061921,61.5706405910665
00:00:37.2059,69.7693284488297,31.6439091446457,93.0703210136639,0.0543349883584665,61.6144827949153
00:00:37.2287,69.7689943371434,31.60371886615,92.9521143122059,0.0541850587070659,61.6582138573983
00:00:37.2515,69.7686604243424,31.5998239730496,92.9406587442634,0.0541177855263365,61.7018632722859
00:00:37.2822,69.768211550782,31.6485958507682,93.0841054434358,0.0541500118956511,61.7604807752704
00:00:37.3220,69.7676277189357,31.7359930009989,93.3411558852908,0.0542461571470989,61.8366459309828
00:00:37.3618,69.7670426056831,31.7999115957254,93.5291517521334,0.0542887996542452,61.9128891850199
00:00:37.4015,69.7664566079948,31.8332671899553,93.6272564410451,0.0542622197007433,61.9891417965576
00:00:37.4652,69.7655173081456,31.8860890354575,93.7826148101692,0.0542184926162675,62.111126788
00:00:37.5000,69.7650044664259,31.9241819167458,93.8946526963112,0.0542156334724167,62.1776068354739
00:00:37.5048,69.7649330570994,31.9106888186835,93.8549671137749,0.0541728998100728,62.1868558828762
00:00:37.5096,69.7648617182857,31.8639904065303,93.7176188427362,0.0540554000023723,62.1960907107801
00:00:37.5144,69.7647905196688,31.7848149164426,93.484749754243,0.0538647991909937,62.2052993527973
00:00:37.5203,69.7647052209187,31.6582622929933,93.1125361558626,0.0535650917238188,62.2163171585576
00:00:37.5314,69.7645420841345,31.3729442577373,92.2733654639332,0.0528944929298265,62.2373347226976
00:00:37.5426,69.764380410862,31.0823176017744,91.4185811816894,0.0522123033160689,62.2580898644603
00:00:37.5538,69.7642200840719,30.8413162842131,90.7097537770973,0.0516423344016498,62.2786028519685
00:00:37.5650,69.7640607770058,30.6826624367116,90.2431248138576,0.0512583468925317,62.2989300148663
00:00:37.5800,69.7638477307387,30.6104592821406,90.0307625945311,0.0510605958929963,62.3260642928501
00:00:37.5983,69.7635877096396,30.690978684477,90.2675843661088,0.0511993857979862,62.3591587489153
00:00:37.6166,69.7633266719323,30.8694559147391,90.7925173962915,0.0515583148990109,62.3924001241382
00:00:37.6349,69.7630641994638,31.0500398326207,91.3236465665314,0.0519212070389001,62.42585989068
00:00:37.6533,69.7628005075752,31.1687117934348,91.6726817453965,0.0521442402983273,62.4595007111703
00:00:37.6716,69.7625361537548,31.2071809821806,91.7858264181782,0.0521867558775643,62.493226718083
00:00:37.6984,69.7621487656191,31.1735036367118,91.6867754020935,0.0520469144071163,62.5425985885904
00:00:37.7252,69.7617618396515,31.1147564385302,91.5139895250889,0.0518511874219795,62.5918306657737
00:00:37.7521,69.7613752940032,31.0979004492659,91.464413086076,0.0517497751747126,62.6409372178696
00:00:37.7789,69.7609886118996,31.1355147200383,91.5750432942303,0.0517705534323667,62.6900068023872
00:00:37.8185,69.7604167751481,31.2235364813552,91.8339308275153,0.0518737443598954,62.7625112008185
00:00:37.8581,69.7598436326162,31.2920377956979,92.0354052814643,0.0519329039539514,62.8351070383071
00:00:37.8977,69.7592695929183,31.3248156774441,92.131810816012,0.051912105213592,62.9077243922626
00:00:37.9632,69.7583198122641,31.37133792837,92.2686409657942,0.0518607961004162,63.0276418123618
00:00:38.0000,69.7577855288739,31.4070175448411,92.3735810142387,0.0518532802242949,63.0949756909024
00:00:38.0053,69.7577082180805,31.3873077606483,92.3156110607303,0.0517968395647047,63.104709957022
00:00:38.0106,69.7576310127757,31.3250272880097,92.1324332000284,0.0516456860890768,63.1144239550923
00:00:38.0159,69.7575540091892,31.2225325623676,91.8309781246107,0.0514050905017967,63.1241013564759
00:00:38.0212,69.7574772906258,31.0907493186303,91.4433803489125,0.0510993773401085,63.1337280296214
00:00:38.0315,69.7573295034305,30.8013309456322,90.5921498400947,0.0504313701070924,63.152220866999
00:00:38.0419,69.7571830842244,30.5089212859936,89.7321214293931,0.0497569858043153,63.1704728075533
00:00:38.0522,69.7570379325942,30.2608112907016,89.0023861491222,0.0491815650925435,63.1885010185102
00:00:38.0625,69.7568937770522,30.0866529171734,88.4901556387453,0.0487711886501329,63.2063517424366
00:00:38.0766,69.7566973465339,29.9834250371678,88.1865442269642,0.0485109628984961,63.230622753757
00:00:38.0946,69.7564468880219,30.035781065984,88.3405325470117,0.0485891382410035,63.2615396526124
00:00:38.1126,69.7561955603716,30.2099370662544,88.8527560772189,0.0489381192482036,63.2925795631546
00:00:38.1307,69.7559427870407,30.4046397243022,89.4254109538301,0.0493320605625404,63.3238400651073
00:00:38.1487,69.7556886743481,30.5452045405057,89.8388368838403,0.0496049584903182,63.3553027388452
00:00:38.1667,69.7554337498837,30.6024865724708,90.0073134484435,0.0496924702155889,63.3868778464434
00:00:38.1917,69.7550793938898,30.5798066899728,89.9406079116847,0.0495869833963582,63.4307347651647
00:00:38.2168,69.7547254556151,30.5138015180961,89.7464750532239,0.0493856625279075,63.4744724031908
00:00:38.2418,69.7543720297766,30.4758316057994,89.6347988405865,0.0492468756437293,63.5180749517864
00:00:38.2668,69.7540187037381,30.492320836466,89.6832965778413,0.0492289760632497,63.5616123902063
00:00:38.3026,69.7535124331764,30.5677639194782,89.9051879984652,0.0493180827466672,63.6239468238117
00:00:38.3384,69.7530050364003,30.6423440465053,90.1245413132508,0.0494049539068746,63.6863726635892
00:00:38.3742,69.7524967538076,30.6821015306839,90.2414750902469,0.0494146376165976,63.7488491229903
00:00:38.4214,69.7518262795339,30.7067614953571,90.3140043981091,0.0493661762286548,63.8311437245484
00:00:38.4792,69.7510041422312,30.7495905813388,90.4399722980554,0.0493347920993693,63.9318671083501
00:00:38.5000,69.7507089367375,30.7720185706039,90.5059369723644,0.0493391022669899,63.9679856895844
00:00:38.5048,69.7506402897027,30.7551855765107,90.4564281662079,0.049291569029107,63.9763798926547
00:00:38.5096,69.7505717265981,30.6999039807194,90.2938352374101,0.0491594236041249,63.9847582208063
00:00:38.5144,69.7505033280389,30.6070214099963,90.0206512058714,0.0489445520653423,63.993107142913
00:00:38.5192,69.7504351663213,30.4853140451382,89.6626883680536,0.0486662777191781,64.001414526651
00:00:38.5292,69.7502957560885,30.1918038424391,88.7994230659974,0.0479989989531849,64.0183554264537
00:00:38.5391,69.7501577127292,29.8820080534938,87.8882589808642,0.0472960780431247,64.03505941305
00:00:38.5490,69.7500209920415,29.6057350331765,87.0756912740485,0.0466672449141246,64.0515339986814
00:00:38.5589,69.7498853722177,29.396777692434,86.4611108601,0.0461870101377349,64.0678165554262
00:00:38.5718,69.749711359133,29.2500572042089,86.0295800123793,0.0458385674435232,64.0886494425971
00:00:38.5899,69.7494659368316,29.2499755141206,86.0293397474136,0.0458032503217546,64.117986224749
00:00:38.6080,69.7492199048464,29.411423588561,86.5041870251795,0.0461235855940116,64.1474028763171
00:00:38.6261,69.7489724137548,29.623083053906,87.1267148644295,0.0465537474209396,64.1770418411933
00:00:38.6442,69.7487234004045,29.7927844910452,87.6258367383682,0.0468908360042112,64.2069133285782
00:00:38.6623,69.7484733569235,29.8752646365599,87.8684254016469,0.0470357064739524,64.2369344378033
00:00:38.6804,69.7482229568706,29.8740187116886,87.8647609167311,0.0469965032437783,64.2669920620334
00:00:38.7032,69.7479086118264,29.8130723267867,87.6855068434903,0.04681702176505,64.3046782310599
00:00:38.7259,69.7475948396732,29.7507025218153,87.5020662406332,0.0466347374326391,64.342231890697
00:00:38.7487,69.7472814509491,29.7314889833707,87.4455558334432,0.0465474007710844,64.3796849519627
00:00:38.7714,69.7469680129793,29.7605456007713,87.5310164728568,0.0465659963335507,64.4171099316387
00:00:38.8056,69.7464961011588,29.8377375452629,87.7580516037143,0.0466672122449126,64.4734280081776
00:00:38.8398,69.7460231642968,29.9024417605724,87.9483581193307,0.0467407852982455,64.5298351875161
00:00:38.8740,69.7455495194828,29.9318844548983,88.0349542791126,0.0467370649119791,64.5862783341262
00:00:38.9248,69.7448464491494,29.9535017737318,88.0985346286229,0.0466834125067711,64.6699401020752
00:00:38.9755,69.7441425969948,29.9887990247815,88.2023500728867,0.04665971885034,64.7535515417226
00:00:39.0000,69.7438027889176,30.0151105962164,88.2797370476954,0.0466685411154955,64.7938696542746
00:00:39.0038,69.74374875545,30.0045230234496,88.2485971277929,0.0466377514253657,64.8002772527312
00:00:39.0077,69.7436947677535,29.9663960665629,88.1364590193027,0.0465469566581906,64.8066761832732
00:00:39.0116,69.7436408744747,29.899453515264,87.9395691625413,0.0463933880199907,64.8130583611103
00:00:39.0155,69.7435871221366,29.8084587348768,87.67193745552,0.0461874306901189,64.8194160555847
00:00:39.0235,69.7434776104598,29.5760640980409,86.9884238177675,0.0456653853223557,64.8323363435282
00:00:39.0343,69.743330638594,29.2174630419784,85.9337148293483,0.0448629174333471,64.8495980873185
00:00:39.0451,69.7431853927306,28.8718716586183,84.9172695841716,0.044089039695626,64.8665649451015
00:00:39.0559,69.743041673318,28.5954861580451,84.1043710530739,0.0434664086394396,64.8832702222904
00:00:39.0667,69.74289907294,28.4193645064376,83.5863661954047,0.0430628697898585,64.899781841093
00:00:39.0809,69.74271215462,28.3454548869843,83.3689849617186,0.0428766704659141,64.9213743711059
00:00:39.0951,69.7425252675943,28.4167894864046,83.5787926070723,0.043007497515724,64.9429491845019
00:00:39.1093,69.7423376728327,28.5742950821888,84.0420443593789,0.0433260010690788,64.9646292242861
00:00:39.1235,69.7421490119993,28.7538479339112,84.5701409820918,0.0436920581533841,64.9864739230168
00:00:39.1378,69.7419592951777,28.9041921481114,85.0123298473864,0.0439939615993007,65.008481376495
00:00:39.1520,69.7417687911284,28.9968308674722,85.2847966690358,0.0441698476037682,65.03060672682
00:00:39.1713,69.7415096838647,29.0283495987847,85.377498819955,0.0442032934779418,65.060705018442
00:00:39.1949,69.7411925662655,28.9767658682436,85.2257819654223,0.0440481612858813,65.0975044110045
00:00:39.2185,69.7408760436494,28.902500734617,85.0073551018146,0.0438440140188933,65.1341694210608
00:00:39.2422,69.7405600550861,28.8664296155011,84.9012635750032,0.0437231814157842,65.1707103542589
00:00:39.2658,69.740244152433,28.8849616033865,84.9557694217249,0.0437211049104438,65.207201647754
00:00:39.3024,69.7397540389493,28.9620598379194,85.182528935057,0.0438228021663607,65.2637874041452
00:00:39.3390,69.7392628086885,29.0319898439337,85.3882054233343,0.0439086330861747,65.3204729982705
00:00:39.3756,69.7387707866377,29.0625329352472,85.4780380448448,0.043908919756674,65.3772044586128
00:00:39.4233,69.7381283537873,29.0773294875201,85.5215573162357,0.0438550899367364,65.4511775535954
00:00:39.4710,69.7374853509488,29.1043490370471,85.6010265795502,0.0438277987361695,65.5251000993936
00:00:39.5000,69.7370956166318,29.1325705075923,85.6840309046832,0.0438369033370749,65.5698540005496
00:00:39.5036,69.7370465088658,29.1226257912374,85.6547817389336,0.043808892989431,65.5754898645405
00:00:39.5072,69.7369974412371,29.0868635785157,85.5495987603404,0.0437251351460174,65.5811182767491
00:00:39.5109,69.7369484570094,29.0235715676908,85.363445787326,0.043581941563673,65.5867321114412
00:00:39.5145,69.7368995982404,28.9368091024635,85.1082620660692,0.0433880816975484,65.5923244424027
00:00:39.5217,69.736803792793,28.720861573996,84.4731222764588,0.0429089891030235,65.6032619751911
00:00:39.5321,69.7366669269314,28.3572417682584,83.4036522595835,0.0421054358412308,65.6188110010514
00:00:39.5424,69.7365317756225,27.9928625202115,82.3319485888573,0.0413003810305655,65.6340709093827
00:00:39.5528,69.7363982052607,27.6859699301355,81.4293233239278,0.0406198026823275,65.6490638014767
00:00:39.5631,69.7362658691782,27.4721921028765,80.8005650084604,0.0401408577089227,65.6638469476322
00:00:39.5762,69.7360999694813,27.350960238364,80.4440007010705,0.0398581245955858,65.6823187852741
00:00:39.5921,69.7358979150827,27.3906562704738,80.5607537366877,0.0399191994559972,65.7047887749121
00:00:39.6081,69.7356951437067,27.5617278186096,81.0639053488517,0.0402641168465632,65.7273629915914
00:00:39.6240,69.7354910403452,27.771912386412,81.682095254153,0.0406929571757706,65.75014264359
00:00:39.6399,69.7352855733287,27.9457332075074,82.1933329632571,0.0410426186719848,65.7731326500159
00:00:39.6559,69.7350791279939,28.0428125539,82.478860452647,0.0412262062005714,65.7962692764929
00:00:39.6752,69.7348284268339,28.0578452003621,82.5230741187122,0.0412271195363771,65.8243715396357
00:00:39.6945,69.7345778681056,28.0013421847435,82.3568887786574,0.0410738500671073,65.8524289436703
00:00:39.7138,69.7343278326179,27.9284307998195,82.1424435288809,0.0408854309578373,65.8803789311546
00:00:39.7331,69.734078294412,27.8818472051432,82.0054329563035,0.0407539781121839,65.9082259019331
00:00:39.7524,69.7338289707367,27.8784520719036,81.9954472703047,0.0407157078275582,65.9360164446961
00:00:39.7838,69.7334240129092,27.93269022449,82.1549712485,0.0407822478996149,65.9811307330809
00:00:39.8151,69.7330182260819,28.0046595903374,82.3666458539336,0.0408867248099873,66.026325411518
00:00:39.8465,69.7326116670255,28.0491106792829,82.497384350832,0.0409318084878637,66.071590989972
00:00:39.8778,69.732204695111,28.0617064405432,82.5344307074801,0.0409083736876757,66.1168684181796
00:00:39.9269,69.7315670446635,28.0727509996171,82.5669147047561,0.0408531336982007,66.1877143463754
00:00:39.9759,69.7309288280906,28.1033944336987,82.6570424520549,0.0408400191399278,66.2585161976333
00:00:40.0000,69.7306162974811,28.1274717641821,82.7278581299473,0.0408530634551037,66.2931528252214
00:00:40.0033,69.7305725758837,28.1186894311916,82.7020277387987,0.0408288568271528,66.29799613477
00:00:40.0067,69.7305288874246,28.0864805431662,82.6072957151948,0.0407544707949443,66.3028333899691
00:00:40.0100,69.7304852688559,28.0287493086749,82.4374979666909,0.0406254229173573,66.3076585860186
00:00:40.0134,69.7304417565607,27.9487336330556,82.2021577442813,0.040448651222259,66.3124657788794
00:00:40.0197,69.7303597209582,27.7545846896989,81.631131440291,0.0400226183076207,66.3215054063901
00:00:40.0298,69.7302320496439,27.3882915699546,80.5537987351605,0.0392220628130754,66.3354994997079
00:00:40.0398,69.730106083761,27.0059041051355,79.4291297209868,0.0383870711735527,66.3492092995229
00:00:40.0498,69.729981755234,26.6683628729443,78.4363613910127,0.0376483666704948,66.3626459824569
00:00:40.0598,69.7298587759983,26.416062057464,77.6943001690116,0.0370927356989229,66.3758567463922
00:00:40.0719,69.7297108090464,26.2485721662352,77.2016828418682,0.0367164057060513,66.3916804358228
00:00:40.0879,69.7295165906188,26.2353979844054,77.1629352482512,0.0366662527469236,66.4124045592478
00:00:40.1038,69.729321911548,26.3876956968981,77.610869696759,0.0369710831817866,66.4331916829925
00:00:40.1198,69.7291259379845,26.6075045552386,78.2573663389371,0.0374201684504794,66.4541781021967
00:00:40.1358,69.7289284792523,26.8067380276757,78.8433471402227,0.037824477893834,66.4753947120994
00:00:40.1518,69.728729854404,26.93136921348,79.2099094514116,0.0380684729374784,66.4967890706251
00:00:40.1677,69.7285306319106,26.9681296906101,79.3180285017944,0.0381241009861907,66.5182681123205
00:00:40.1894,69.7282605092374,26.9214595435635,79.1807633634222,0.0379929859036994,66.5473670000291
00:00:40.2111,69.7279909849739,26.8334860233781,78.9220177158178,0.0377737333992621,66.5763444189152
00:00:40.2327,69.7277221472928,26.7704682838628,78.7366714231259,0.0376081355468961,66.6051861409759
00:00:40.2544,69.7274536455593,26.7617440002186,78.7110117653488,0.0375588067509817,66.6339495185824
00:00:40.2837,69.7270903497864,26.8130475001028,78.861904412067,0.0376269733848566,66.6728471312943
00:00:40.3130,69.7267263133986,26.8830695763896,79.0678516952636,0.0377349278665142,66.7118224453613
00:00:40.3422,69.7263615645751,26.9278193807597,79.1994687669403,0.037788731858083,66.750870721139
00:00:40.3715,69.7259964363553,26.9397725495004,79.2346251455894,0.0377724963207111,66.7899376324236
00:00:40.4189,69.7254054723204,26.9436908368258,79.2461495200758,0.0377134374247604,66.8530880019743
00:00:40.4663,69.7248141321342,26.9648112362784,79.3082683419953,0.0376911206662034,66.9161867991771
00:00:40.5000,69.7243937480256,26.9946316691975,79.3959754976398,0.0377068050023111,66.9609972002422
00:00:40.5031,69.7243543205869,26.9864600967731,79.3719414610974,0.0376849429845639,66.9651976073974
00:00:40.5063,69.7243149219839,26.9564187932191,79.2835846859386,0.0376165650265456,66.9693928367642
00:00:40.5094,69.724275584931,26.9021469983842,79.1239617599534,0.0374966548912103,66.9735775806418
00:00:40.5126,69.7242363422071,26.8263507171238,78.9010315209522,0.037330969271043,66.9777465211787
00:00:40.5183,69.7241650636202,26.6477203134166,78.3756479806372,0.0369428823712939,66.9852980954857
00:00:40.5280,69.7240462055018,26.2792424907485,77.291889678672,0.0361454010689354,66.9978166716068
00:00:40.5377,69.7239290400901,25.8827330349835,76.1256853970102,0.0352882485984437,67.0100558862286
00:00:40.5474,69.7238135484087,25.5207221058495,75.0609473701455,0.0345045917452817,67.0220188373071
00:00:40.5571,69.7236994894655,25.2368776672697,74.2261107860874,0.0338875941949322,67.0337447191609
00:00:40.5669,69.7235864729298,25.0538373919422,73.6877570351242,0.0334856339601762,67.0452970374153
00:00:40.5812,69.7234207959247,24.9656904092502,73.4285012036771,0.0332806861012689,67.0621745534881
00:00:40.5954,69.7232551554833,25.0502915124621,73.6773279778296,0.0334440729062098,67.0790375264242
00:00:40.6097,69.7230886786015,25.2353445029415,74.2216014792398,0.0338212304011816,67.0960278362841
00:00:40.6240,69.7229209519983,25.4437862948604,74.8346655731189,0.0342476756110812,67.1132124659585
00:00:40.6383,69.7227520046813,25.6148759294687,75.3378703807902,0.0345940839342719,67.1305864706868
00:00:40.6526,69.7225821715445,25.7157008552985,75.6344142802897,0.034790639840195,67.1480952800902
00:00:40.6713,69.7223602380635,25.7408301195284,75.7083238809657,0.0348205937813423,67.1709920896921
00:00:40.6899,69.7221384039692,25.6842086686883,75.5417902020245,0.0346767924843226,67.1938573715613
00:00:40.7086,69.7219171175642,25.6013338078459,75.2980406113113,0.0344773741649507,67.2166184845531
00:00:40.7272,69.7216964181493,25.5389377871941,75.1145229035121,0.0343216777667483,67.2392691676527
00:00:40.7458,69.7214760572788,25.5196602732071,75.0578243329619,0.0342577306418051,67.2618497943395
00:00:40.7734,69.721150475395,25.5551489821268,75.1622028886082,0.034299163192211,67.2951926980492
00:00:40.8009,69.7208243119007,25.6207160592184,75.3550472329952,0.0344043093027211,67.3285967248776
00:00:40.8284,69.7204974757845,25.6708105235715,75.5023838928572,0.0344764413371055,67.3620764909998
00:00:40.8560,69.7201702218701,25.6890716178357,75.5560929936345,0.0344809737946839,67.3955906584938
00:00:40.9013,69.7196307953974,25.6901184377873,75.5591718758449,0.0344269317611213,67.4507730389122
00:00:40.9467,69.7190911609868,25.6987611998766,75.5845917643429,0.0343890782433744,67.505898995534
00:00:40.9921,69.7185510678183,25.7302898713511,75.6773231510328,0.034399672062288,67.5610090628739
00:00:41.0000,69.7184569592623,25.738048633975,75.700143041103,0.0344063085596056,67.5706060836677
00:00:41.0031,69.718419665737,25.7291994977027,75.6741161697137,0.03438372577912,67.5744083223128
00:00:41.0062,69.7183824028352,25.6976233591334,75.5812451739216,0.0343130944225788,67.578205193967
00:00:41.0093,69.7183452040728,25.640841495456,75.4142396925177,0.0341891777613785,67.5819912935528
00:00:41.0125,69.7183081031981,25.5616300537937,75.1812648640992,0.034017844473765,67.5857611786679
00:00:41.0180,69.7182430681432,25.3819478176715,74.6527876990337,0.0336311508899226,67.5923483519772
00:00:41.0275,69.7181326611644,25.0039810917313,73.5411208580333,0.0328203009908446,67.6034537032059
00:00:41.0369,69.7180239570519,24.5939258487126,72.3350760256252,0.0319414840136505,67.6142804686462
00:00:41.0464,69.7179169538932,24.2144584749671,71.2189955146092,0.0311273739830595,67.6248289499016
00:00:41.0559,69.7178114308943,23.9103246824221,70.3244843600651,0.0304728764991393,67.6351348242777
00:00:41.0653,69.7177070153263,23.7059973667416,69.7235216668871,0.0300300040383449,67.6452583623253
00:00:41.0790,69.717557796693,23.5907391694675,69.384526969022,0.0297718734786387,67.659658603898
00:00:41.0926,69.7174087731031,23.650274414701,69.5596306314734,0.0298843527724294,67.6740206795734
00:00:41.1062,69.7172590725726,23.8206738162491,70.0608053419092,0.0302315512872995,67.6884855299247
00:00:41.1198,69.7171082236755,24.0296133789884,70.675333467613,0.0306599284801898,67.7031291998472
00:00:41.1334,69.7169561639676,24.2158002701994,71.2229419711746,0.0310396403065709,67.7179615744984
00:00:41.1470,69.7168031399944,24.3410216646507,71.5912401901491,0.0312899768018715,67.7329426584796
00:00:41.1640,69.7166123661295,24.3972660685378,71.7566649074642,0.0313906649758123,67.7516530646844
00:00:41.1850,69.7163750113906,24.3549081861812,71.6320829005329,0.0312784147784025,67.7749204184242
00:00:41.2060,69.7161382549254,24.2588062333362,71.3494300980477,0.0310527465517071,67.7980745155501
00:00:41.2271,69.715902279152,24.1795583533876,71.1163480981989,0.0308629360574403,67.8210860746893
00:00:41.2481,69.7156667836412,24.1539398190424,71.0409994677717,0.0307866129386288,67.8440036593464
00:00:41.2746,69.7153703571752,24.1888151398113,71.1435739406216,0.0308323688677749,67.8728317274135
00:00:41.3011,69.7150733848782,24.2533517202225,71.333387412419,0.0309406226661294,67.9017215491229
00:00:41.3276,69.7147757736755,24.3029726100232,71.4793312059507,0.031017227907242,67.9306880067462
00:00:41.3541,69.7144777687325,24.3204921993438,71.5308594098347,0.0310260291502728,67.959691545506
00:00:41.3970,69.7139938209966,24.3167691438157,71.5199092465168,0.0309725329807336,68.006744461554
00:00:41.4400,69.713509800577,24.3176930542911,71.5226266302679,0.0309289270914651,68.0537398490825
00:00:41.4830,69.7130254844223,24.3421842156243,71.5946594577187,0.0309349784320233,68.100713591095
00:00:41.5000,69.7128347513084,24.3572239930151,71.6388940971033,0.0309487140526601,68.1192022692822
00:00:41.5030,69.7128005573897,24.3483412372673,71.6127683449039,0.0309268146637404,68.1225158401993
00:00:41.5060,69.7127663928147,24.3170279673426,71.5206704921841,0.0308577290795634,68.1258243581738
00:00:41.5090,69.7127322898872,24.2606432346644,71.3548330431305,0.0307359040400529,68.1291226394093
00:00:41.5121,69.7126982813054,24.1817652127477,71.1228388610226,0.0305667612339434,68.1324054368561
00:00:41.5172,69.7126408885278,24.0092702723524,70.6155008010366,0.0301984328736838,68.1379251858487
00:00:41.5265,69.7125392262744,23.6272000350972,69.4917648091093,0.0293847984223758,68.147622750317
00:00:41.5357,69.7124392569849,23.2057559045968,68.2522232488143,0.0284881288429393,68.1570453830892
00:00:41.5449,69.7123410074321,22.807966747115,67.0822551385734,0.0276411636184113,68.1661887532349
00:00:41.5541,69.7122442882547,22.4801583957997,66.1181129288227,0.0269416735934181,68.1750832864927
00:00:41.5633,69.7121487536203,22.249339507203,65.4392338447146,0.0264467922340542,68.1837846147385
00:00:41.5762,69.7120166732824,22.0999097978391,64.9997346995267,0.026120663061715,68.1957347825613
00:00:41.5891,69.71188497745,22.1246447965808,65.0724846958258,0.0261621192861204,68.2076181656498
00:00:41.6019,69.7117528128922,22.2703751904877,65.5011035014344,0.0264586869786731,68.219572062727
00:00:41.6148,69.7116196554339,22.4720310625247,66.0942090074255,0.0268728217284374,68.2316807036366
00:00:41.6276,69.7114853422174,22.6697923048819,66.6758597202409,0.0272782970370243,68.243970114637
00:00:41.6405,69.7113500100334,22.8211218888554,67.1209467319276,0.027585572953339,68.256418136819
00:00:41.6533,69.7112139818572,22.9057186326258,67.3697606841936,0.0277520880197069,68.2689727455062
00:00:41.6731,69.7110044345297,22.9183567070342,67.4069314912771,0.0277607834648418,68.2883291120212
00:00:41.6929,69.7107951372429,22.8410509718263,67.1795616818419,0.0275802698024402,68.3076328937214
00:00:41.7126,69.7105865671306,22.743727480768,66.8933161199058,0.027357826241668,68.3268075717857
00:00:41.7324,69.7103786874911,22.6796377722039,66.7048169770704,0.027205490605156,68.3458591529685
00:00:41.7522,69.7101711392912,22.6689065293961,66.6732544982237,0.0271655064127944,68.3648453492824
00:00:41.7826,69.7098509041684,22.7197789804779,66.8228793543467,0.027245610179095,68.3941374441725
00:00:41.8131,69.7095299192643,22.7889685112336,67.0263779742164,0.0273640361717324,68.4235207668461
00:00:41.8436,69.709208260001,22.8263713178389,67.1363862289379,0.0274155142448956,68.4529830915984
00:00:41.8740,69.7088863320345,22.827139541747,67.1386457110205,0.0273900201856588,68.4824593352594
00:00:41.9167,69.7084352232296,22.816154008932,67.1063353203883,0.027329056920565,68.5237110526315
00:00:41.9594,69.7079840599158,22.824189583182,67.1299693623,0.0273080774751324,68.5649143819292
00:00:42.0000,69.707555614044,22.8509356852057,67.208634368252,0.0273282509055425,68.6040125172007
00:00:42.0024,69.7075296594189,22.8455550887412,67.1928090845329,0.0273148010539863,68.6063799024125
00:00:42.0049,69.7075037196701,22.825027139996,67.1324327646942,0.0272696098287705,68.6087447213624
00:00:42.0079,69.7074720033529,22.7757591231148,66.9875268326906,0.027163707605212,68.6116325001935
00:00:42.0109,69.7074403721114,22.702123506711,66.7709514903264,0.027006743527412,68.6145063972994
00:00:42.0151,69.7073964275007,22.5666451244041,66.372485660012,0.0267191249303866,68.6184844038185
00:00:42.0238,69.7073054273973,22.2053642014268,65.309894710079,0.0259541524151485,68.6266485336958
00:00:42.0326,69.7072159951644,21.7872799785303,64.0802352309716,0.0250698845392288,68.6345595404232
00:00:42.0414,69.7071282264208,21.3736918510363,62.8637995618714,0.0241948422118472,68.6422020749988
00:00:42.0502,69.7070420146186,21.0122288483771,61.800673083462,0.0234291014085614,68.6495931566353
00:00:42.0590,69.7069570934779,20.7341432048014,60.9827741317689,0.0228384866947019,68.6567754264796
00:00:42.0706,69.7068462286598,20.5173791013433,60.3452326510097,0.0223748644860064,68.6660512450276
00:00:42.0845,69.7067139842921,20.467112074953,60.197388455744,0.0222598310841433,68.6770483135396
00:00:42.0984,69.7065815378501,20.5920713930471,60.5649158619033,0.0225131194389131,68.6880731624794
00:00:42.1124,69.7064480389275,20.8118569394761,61.2113439396356,0.0229653342093948,68.699262042782
00:00:42.1263,69.7063131314518,21.0451872639789,61.8976095999379,0.0234454773432331,68.7106718319899
00:00:42.1402,69.706176909409,21.2301768220226,62.4416965353605,0.0238236601068985,68.7222872593043
00:00:42.1463,69.7061172173744,21.2874133197657,62.6100391757814,0.0239392963306069,68.7274020228301
00:00:42.1589,69.7059928222407,21.3482798368713,62.7890583437391,0.0240576570275586,68.7380814912207
00:00:42.1715,69.7058683601017,21.3225524523869,62.7133895658439,0.023994370104907,68.7487654617564
00:00:42.1873,69.7057130802484,21.2602406239874,62.5301194823159,0.023852108532854,68.7620546658942
00:00:42.2030,69.7055582552645,21.1979618872138,62.3469467270995,0.0237100205849222,68.7752647057207
00:00:42.2188,69.705403709899,21.1445347694072,62.1898081453152,0.023586570307312,68.7884255609169
00:00:42.2489,69.7051096545999,21.0972073139834,62.0506097470099,0.0234657075603957,68.8134114353005
00:00:42.2894,69.7047137334298,21.1211141176606,62.1209238754723,0.0234867319752507,68.8470119181163
00:00:42.3299,69.7043171603151,21.1780209789631,62.2882969969504,0.0235767749851555,68.8806752123038
00:00:42.3704,69.7039198776383,21.2098536467409,62.3819224904144,0.0236141735014354,68.9144100733299
00:00:42.4109,69.7035222881102,21.2113884246942,62.3864365432181,0.0235881361742351,68.9481520940741
00:00:42.4665,69.7029763395486,21.2122587133155,62.3889962156339,0.0235498696610861,68.9944250495376
00:00:42.5000,69.7026474458568,21.2222754277534,62.4184571404513,0.0235466933606348,69.0222720844527
00:00:42.5022,69.7026255760157,21.2171316689301,62.4033284380296,0.02353434143463,69.0241227812684
00:00:42.5044,69.7026037187031,21.1992213057965,62.3506508994016,0.023495312107577,69.0259713550344
00:00:42.5072,69.7025759399782,21.1542052878334,62.2182508465689,0.023399205892869,69.028317359061
00:00:42.5101,69.7025482353579,21.0859331711153,62.0174505032804,0.023254502207258,69.0306513465029
00:00:42.5138,69.7025118307632,20.966228058277,61.6653766419912,0.0230016578412407,69.0337056097718
00:00:42.5224,69.7024292420243,20.6081809609144,60.6122969438658,0.0222471310792606,69.0405594549714
00:00:42.5310,69.7023482013237,20.1803133054352,59.3538626630446,0.0213463673930084,69.0471645593609
00:00:42.5396,69.7022688488671,19.744796972066,58.0729322707823,0.0204293043015099,69.0534984816897
00:00:42.5482,69.7021911227008,19.3519336127769,56.917451802285,0.0196013065758515,69.0595710473629
00:00:42.5567,69.7021147925196,19.0367678680669,55.9904937296085,0.018935971852075,69.0654190068965
00:00:42.5673,69.7020218543506,18.7820434117327,55.2413041521549,0.0183962319920924,69.0724231895731
00:00:42.5811,69.7019021385768,18.6691343499539,54.9092186763349,0.0181523313868696,69.0813477978704
00:00:42.5925,69.7018036175802,18.7343599046181,55.1010585429943,0.0182833114343532,69.0886741821521
00:00:42.6039,69.7017045337418,18.8944536950746,55.5719226325722,0.0186130596842705,69.0960882272835
00:00:42.6153,69.7016045185973,19.0976782742237,56.1696419830109,0.0190329030112496,69.1036487734137
00:00:42.6266,69.701503464005,19.2971474964378,56.7563161659934,0.0194445114118335,69.1113729849818
00:00:42.6380,69.7014014739666,19.4582391539644,57.2301151587188,0.019775427762534,69.1192441166632
00:00:42.6522,69.7012731242475,19.578149590328,57.5827929127293,0.0200182745817146,69.129220096706
00:00:42.6714,69.7010988778977,19.6047026002808,57.6608900008258,0.0200627222465559,69.142806106331
00:00:42.6907,69.7009248238171,19.5248902709083,57.4261478556127,0.0198846636326032,69.1563539242609
00:00:42.7099,69.7007515589515,19.411032125341,57.0912709568853,0.0196355245430832,69.1697683235038
00:00:42.7291,69.7005791326171,19.3243061058561,56.8361944289884,0.0194433080759115,69.1830415277098
00:00:42.7483,69.7004072083035,19.2940317753988,56.7471522805846,0.019369299572017,69.1962273267901
00:00:42.7737,69.7001807361566,19.3262923025785,56.8420361840545,0.0194227263969464,69.213587919532
00:00:42.7990,69.6999537482623,19.3927158445167,57.0373995426963,0.0195474866321466,69.2310181671226
00:00:42.8243,69.6997261287155,19.4447589329693,57.1904674499097,0.0196420444576656,69.2485364686061
00:00:42.8496,69.699498128322,19.4613350529545,57.2392207439837,0.0196624066228287,69.26610275718
00:00:42.8870,69.6991619707707,19.4469678596699,57.1969642931468,0.0196113700310964,69.2919797519954
00:00:42.9243,69.6988259954985,19.430374568487,57.1481604955501,0.019555760575492,69.3178000461814
00:00:42.9616,69.6984900520584,19.4374933096378,57.1690979695229,0.0195497020582029,69.3435876531797
00:00:43.0000,69.6981449044514,19.4616878411794,57.2402583564099,0.0195787015182869,69.3700745097339
00:00:43.0023,69.6981233421767,19.4558830717081,57.2231855050237,0.0195652483202553,69.3717287408949
00:00:43.0047,69.698101795136,19.4343452944895,57.1598391014396,0.0195189732076928,69.3733804342779
00:00:43.0071,69.6980802822788,19.3941467184289,57.0416079953792,0.0194337682369252,69.3750265741889
00:00:43.0095,69.6980588235277,19.3361881891719,56.8711417328586,0.0193115101923301,69.3766639899897
00:00:43.0131,69.6980266695732,19.2210053267871,56.5323686081972,0.0190691769975877,69.3791051351293
00:00:43.0214,69.6979539017627,18.8705985475231,55.5017604338916,0.0183333333746102,69.384552320706
00:00:43.0296,69.6978826075825,18.4438614315784,54.2466512693482,0.0174378593139204,69.3897635212088
00:00:43.0379,69.6978129502918,18.0006281927097,52.9430240962051,0.0165075631337681,69.3947126457004
00:00:43.0462,69.6977449048958,17.5904450215234,51.7366030044805,0.0156460287245952,69.3994035924816
00:00:43.0544,69.6976782842254,17.2492987363822,50.7332315775948,0.0149286958600547,69.4038661499939
00:00:43.0627,69.6976127891773,16.9988458639582,49.9966054822301,0.0144011062476124,69.4081480210216
00:00:43.0742,69.6975224267038,16.8119609584036,49.4469439953048,0.0140054002142831,69.4139481148967
00:00:43.0857,69.6974326097573,16.797161484468,49.4034161307882,0.0139701999541759,69.4196593280238
00:00:43.0973,69.6973425475643,16.9140405170106,49.7471779912076,0.0142107455278235,69.4254079960471
00:00:43.1088,69.6972516848434,17.108604235122,50.3194242209471,0.0146137261554228,69.4312827670559
00:00:43.1203,69.6971597500205,17.3259563763391,50.9586952245268,0.0150640560198617,69.4373269035661
00:00:43.1319,69.6970667355008,17.5206282509807,51.5312595617079,0.0154665806343231,69.4435414885428
00:00:43.1434,69.6969728331461,17.6627065807753,51.9491370022802,0.0157588461408803,69.449895790165
00:00:43.1581,69.6968527893829,17.7501298132685,52.206264156672,0.0159353593705523,69.4580852642257
00:00:43.1763,69.6967028053877,17.7362327045595,52.1653903075278,0.0158985050149835,69.4683389470598
00:00:43.1946,69.6965532376744,17.6399376525203,51.8821695662361,0.0156895244557583,69.4785212628942
00:00:43.2129,69.6964044899508,17.5277866167861,51.5523135787825,0.0154475313244304,69.4885679052024
00:00:43.2311,69.6962565049191,17.4500947396827,51.3238080578904,0.0152776748901044,69.4984880837803
00:00:43.2494,69.6961089345763,17.4273694901141,51.2569690885709,0.0152227685511027,69.5083373396446
00:00:43.2756,69.6958971541291,17.4660090610552,51.3706148854564,0.0152928655564591,69.5224748272569
00:00:43.3018,69.6956847926013,17.5348005295166,51.5729427338723,0.0154258429017146,69.5366950163019
00:00:43.3280,69.6954717897274,17.5828513236535,51.7142685989808,0.0155153738358206,69.5510074216567
00:00:43.3542,69.6952584549068,17.5923820177308,51.7423000521494,0.0155244160678091,69.5653626863916
00:00:43.3938,69.6949366438769,17.5717877488162,51.6817286729888,0.0154650823218334,69.5869893059934
00:00:43.4333,69.6946150637351,17.5563106071592,51.6362076681152,0.0154164991187017,69.6085563907725
00:00:43.4729,69.6942934792959,17.5674789954588,51.6690558689964,0.0154235341422952,69.6301014163184
00:00:43.5000,69.6940732273906,17.5855399080513,51.7221762001509,0.0154500595966352,69.6448585200486
00:00:43.5021,69.6940560995053,17.581215431623,51.7094571518324,0.0154401758671592,69.6460060731806
00:00:43.5042,69.694038981987,17.564481268927,51.6602390262558,0.015404414406337,69.6471519129156
00:00:43.5067,69.6940181515389,17.5236404841898,51.5401190711465,0.0153181954690753,69.6485429813191
00:00:43.5093,69.6939973820824,17.4614205404463,51.3571192366066,0.0151873924089531,69.6499242520828
00:00:43.5125,69.6939715289286,17.3578220206117,51.0524177076816,0.0149700237187634,69.6516320001621
00:00:43.5197,69.6939143820035,17.0523673508194,50.154021620057,0.01432993896292,69.6553411876726
00:00:43.5285,69.693845692869,16.5894944372592,48.7926306978213,0.0133604170681498,69.6596503777889
00:00:43.5373,69.6937789241548,16.0975562878275,47.345753787728,0.0123297044906104,69.6636526511806
00:00:43.5462,69.6937140672082,15.6401966936288,46.0005785106729,0.011370773957421,69.66734925537
00:00:43.5550,69.6936508971922,15.2636519906434,44.8930940901276,0.010580524708493,69.6707759364229
00:00:43.5638,69.6935890380278,14.9950120954879,44.1029767514349,0.0100159386099357,69.6739926426565
00:00:43.5748,69.6935132195568,14.8222295814552,43.5947928866328,0.00965151176284148,69.6778166794316
00:00:43.5858,69.6934373372883,14.8116996472715,43.5638224919749,0.00962690682679322,69.681590780977
00:00:43.5969,69.6933612104496,14.9272033989893,43.903539408792,0.00986619703316396,69.6854029428424
00:00:43.6079,69.6932843254329,15.1186603821831,44.4666481828913,0.0102643121190836,69.68933515565
00:00:43.6190,69.6932064214744,15.3350687872267,45.1031434918434,0.0107143415684646,69.6934289690155
00:00:43.6300,69.6931274748441,15.5334652399493,45.686662470439,0.0111263685626521,69.6976880598422
00:00:43.6411,69.6930476454143,15.6844106720086,46.1306196235548,0.0114389106816048,69.70208681575
00:00:43.6546,69.6929488771596,15.7857503509396,46.4286775027635,0.0116468670339866,69.7076079623774
00:00:43.6725,69.6928185666025,15.7934226752948,46.4512431626317,0.0116577487963912,69.7149323732622
00:00:43.6903,69.6926885422359,15.7064093486711,46.1953216137386,0.0114707919359115,69.7222079390429
00:00:43.7082,69.6925592982474,15.5899161749881,45.852694632318,0.0112223177866629,69.7293559076058
00:00:43.7260,69.6924308697228,15.4983305617628,45.5833251816554,0.0110259997994178,69.7363707435387
00:00:43.7439,69.692302965274,15.4591086673836,45.4679666687753,0.0109392053044626,69.7432989599913
00:00:43.7662,69.6921431276024,15.4775979598809,45.5223469408261,0.0109718501419414,69.7519426732639
00:00:43.7885,69.6919829386507,15.5353221699693,45.6921240293213,0.0110864319802606,69.7606376324036
00:00:43.8108,69.6918222129809,15.5907370844138,45.8551090718052,0.0111960934489727,69.7694133459699
00:00:43.8331,69.6916610806966,15.6187159401132,45.9373998238625,0.0112483720039022,69.7782490252255
00:00:43.8619,69.6914526967274,15.6150329218988,45.9265674173494,0.0112326992845598,69.7896840752193
00:00:43.8907,69.6912444470962,15.5926700337448,45.8607942168964,0.0111780460507723,69.8010896215019
00:00:43.9196,69.6910363989181,15.5787159050512,45.8197526619154,0.0111409908141821,69.8124549987779
00:00:43.9559,69.6907744426267,15.5858257409631,45.8406639440092,0.0111458750224619,69.8267505211444
00:00:44.0000,69.6904562087637,15.6093118254173,45.9097406629922,0.0111827809889997,69.8441302662829
00:00:44.0018,69.6904426331188,15.6058850647915,45.8996619552691,0.0111751130607575,69.8448718561888
00:00:44.0037,69.690429064566,15.5923790227802,45.8599383022948,0.0111464125068676,69.8456122828768
00:00:44.0061,69.6904117573076,15.5567961301524,45.7552827357424,0.0110714999597553,69.8465537482104
00:00:44.0085,69.6903945005234,15.5013121608158,45.5920945906348,0.0109550555232382,69.847487122793
00:00:44.0109,69.6903773149172,15.428029431798,45.3765571523471,0.0108014593482618,69.8484091103647
00:00:44.0159,69.6903416937986,15.2299803217387,44.7940597698198,0.0103867049287968,69.8502857722439
00:00:44.0240,69.6902856384283,14.8251047663615,43.603249312828,0.00953911881370137,69.85311670269
00:00:44.0321,69.6902311835381,14.3629041501305,42.2438357356781,0.00857131602458959,69.8556920013312
00:00:44.0401,69.6901784303217,13.9005855002235,40.8840750006573,0.00760273734594371,69.8579954091869
00:00:44.0482,69.6901273004565,13.4841827171057,39.6593609326639,0.0067297627892602,69.8600392958649
00:00:44.0562,69.6900775694681,13.1460065166574,38.6647250489924,0.00602025965674304,69.8618593995239
00:00:44.0643,69.6900289168565,12.9043200334378,37.9538824512876,0.00551274655573214,69.8635068602575
00:00:44.0752,69.6899642916718,12.7368553330695,37.4613392149102,0.00516041280784396,69.865569521922
00:00:44.0861,69.6899001074842,12.7323760202146,37.4481647653371,0.00514979729988959,69.8675611900615
00:00:44.0969,69.6898356567508,12.8523269884218,37.8009617306523,0.00539999858415086,69.8695950021659
00:00:44.1078,69.6897704403519,13.0470901999557,38.373794705752,0.00580682150573628,69.8717507239743
00:00:44.1187,69.6897042052719,13.266421719182,39.0188874093587,0.00626483782142655,69.8740687203669
00:00:44.1295,69.689636928643,13.4679657968153,39.6116641082803,0.00668530488250667,69.8765525452736
00:00:44.1404,69.689568766334,13.6224982361964,40.0661712829306,0.00700711452371003,69.8791772069577
00:00:44.1513,69.6894999837989,13.7157066210058,40.3403135911936,0.00720043262684669,69.8819002476961
00:00:44.1675,69.6893968719707,13.7466751865392,40.4313976074681,0.00726257547496671,69.8860320868081
00:00:44.1838,69.6892938621077,13.6823186685351,40.2421137309857,0.00712527184680272,69.8901461404112
00:00:44.2000,69.6891914548864,13.5744648681457,39.9248966710169,0.00689700620579442,69.8941625049052
00:00:44.2162,69.6890897994763,13.4723047142211,39.6244256300622,0.00668071734836414,69.8980574015505
00:00:44.2325,69.6889887498347,13.4079672493117,39.4351977920934,0.00654364557378245,69.9018541814565
00:00:44.2487,69.6888880024145,13.3914423690024,39.3865952029482,0.00650668350234487,69.9056013350851
00:00:44.2709,69.6887503816255,13.4248425850097,39.4848311323814,0.0065733380103091,69.9107296231659
00:00:44.2930,69.6886123268253,13.4844323081834,39.6600950240689,0.00669473760353036,69.9159246277376
00:00:44.3152,69.6884737636419,13.5321217405223,39.8003580603597,0.00679116020650661,69.9211981740021
00:00:44.3373,69.6883348807965,13.5498084136489,39.8523776872027,0.00682476844590708,69.9265201006259
00:00:44.3678,69.6881439067659,13.5370667093497,39.8149020863227,0.00679345104808562,69.9338369069009
00:00:44.3983,69.6879531445111,13.5128075305427,39.7435515604197,0.00673807367347662,69.9411149245799
00:00:44.4287,69.6877625811922,13.5030883267278,39.7149656668464,0.00671313790564293,69.9483562278784
00:00:44.4658,69.6875307729044,13.5146000182238,39.7488235830111,0.00673160949819028,69.9571615949468
00:00:44.5000,69.6873169633114,13.5327619023817,39.8022408893578,0.00676440394297605,69.9653011290295
00:00:44.5016,69.6873065436068,13.5300980546712,39.7944060431505,0.00675858137719407,69.9656981930054
00:00:44.5033,69.6872961288908,13.5194846949237,39.7631902791875,0.00673613806654074,69.9660944464744
00:00:44.5055,69.6872820595307,13.4888196482868,39.6729989655493,0.00667168115223694,69.9666270182072
00:00:44.5078,69.6872680317126,13.4396983834088,39.5285246570847,0.00656863223905838,69.9671529369576
00:00:44.5100,69.6872540635323,13.3737734495662,39.3346277928418,0.0064304401853624,69.9676693160045
00:00:44.5141,69.6872292845069,13.2215914437394,38.887033658057,0.00611157246404395,69.9685598314689
00:00:44.5214,69.6871851576644,12.8645540465741,37.8369236663945,0.00536354957486417,69.9700366055707
00:00:44.5287,69.6871423406752,12.4414496859763,36.5924990764008,0.00447684339200955,69.9713039967881
00:00:44.5360,69.6871009694205,11.9996895748823,35.2932046320067,0.00355054853535329,69.9723401930176
00:00:44.5433,69.6870610434964,11.579548676312,34.0574961067999,0.00266905507141392,69.973145137531
00:00:44.5506,69.6870224423594,11.2119611382961,32.9763562891063,0.00189737430417043,69.9737379992871
00:00:44.5579,69.6869849565158,10.9178532793478,32.1113331745524,0.00127963731086789,69.9741522229161
00:00:44.5668,69.6869403520162,10.6740765542611,31.3943428066502,0.000767387324323419,69.9744821551152
00:00:44.5758,69.6868964939316,10.5563130154604,31.0479794572366,0.000519825422841033,69.9746924342836
00:00:44.5847,69.6868528952421,10.5521554640215,31.0357513647692,0.000510995671242042,69.9748611062065
00:00:44.5936,69.6868091374161,10.6386531768644,31.2901564025423,0.000692643448829124,69.9750552525333
00:00:44.6025,69.6867649068609,10.7869487456811,31.7263198402385,0.00100403769599452,69.9753251182313
00:00:44.6114,69.686720010316,10.9668712969022,32.2555038144182,0.00138170396138115,69.9757016362059
00:00:44.6203,69.686674372665,11.1507697777867,32.7963816993725,0.00176752668937424,69.9761967891446
00:00:44.6292,69.6866280212695,11.3162560185574,33.2831059369334,0.00211451607166887,69.9768061395973
00:00:44.6400,69.6865713306609,11.4691830802804,33.7328914125893,0.00243490607359512,69.9776658824856
00:00:44.6531,69.686501680109,11.5730386152449,34.0383488683674,0.00265209806281866,69.9788314369482
00:00:44.6661,69.6864316573758,11.5911285740785,34.0915546296426,0.00268933106852284,69.9800562359194
00:00:44.6792,69.6863617092383,11.5432719688273,33.9507999083155,0.00258824593376521,69.981268775696
00:00:44.6923,69.6862921425735,11.458710385184,33.7020893681883,0.0024101905760636,69.9824199571777
00:00:44.7053,69.6862230915384,11.3671525794084,33.4328017041422,0.00221748296272198,69.9834883239161
00:00:44.7184,69.6861545335418,11.2918433066386,33.2113038430547,0.00205889278871258,69.9844775048536
00:00:44.7315,69.686086337021,11.245969899117,33.0763820562263,0.00196209457939163,69.9854085705505
00:00:44.7502,69.685988639795,11.2333694255645,33.0393218398955,0.00193490969127266,69.9867080382175
00:00:44.7690,69.6858908711308,11.2658620513565,33.1348883863427,0.00200234766796836,69.9880184456676
00:00:44.7878,69.6857927718527,11.3158181964099,33.2818182247351,0.00210639210241956,69.989381265964
00:00:44.8065,69.6856942935628,11.3581865608917,33.4064310614461,0.00219446975625327,69.9908042209662
00:00:44.8253,69.6855955488376,11.3792875779651,33.4684928763678,0.00223789723407672,69.9922692700766
00:00:44.8520,69.6854548297999,11.3757741128179,33.4581591553467,0.00222931932394318,69.9943697023695
00:00:44.8788,69.6853142401869,11.3538967317653,33.3938139169567,0.00218222985281828,69.9964482929774
00:00:44.9055,69.6851738600103,11.3367454851869,33.3433690740793,0.00214507602066068,69.998492251143
00:00:44.9322,69.6850335839949,11.3350770654756,33.3384619572811,0.00214041400505656,70.0005184372662
00:00:44.9734,69.6848172932839,11.3502654866792,33.3831337843505,0.00217047339043559,70.0036600139697
00:00:45.0000,69.6846776104217,11.3624118598021,33.4188584111826,0.00219477668562003,70.005707419961
00:00:45.0023,69.6846654032442,11.3592100858542,33.4094414289829,0.00218795767938055,70.0058868974167
00:00:45.0046,69.6846532041272,11.3475581689892,33.3751710852623,0.00216341438329027,70.0060650766832
00:00:45.0069,69.6846410229435,11.3258546672844,33.3113372567188,0.00211778743093481,70.0062403780661
00:00:45.0092,69.6846288701166,11.2945305948187,33.2192076318198,0.00205197971587006,70.0064111336942
00:00:45.0128,69.684610480783,11.2314616800552,33.0337108236918,0.00191952563266447,70.0066580605412
00:00:45.0211,69.6845675230592,11.0314777081222,32.4455226709477,0.00149959936433765,70.0071578649322
00:00:45.0294,69.6845254193254,10.7856972828399,31.7226390671763,0.000983457460717784,70.0075208673984
00:00:45.0378,69.6844842693495,10.5294331654116,30.9689210747401,0.000445162337980169,70.0077310600834
00:00:45.0461,69.6844440609908,10.2919706231027,30.270501832655,-5.37775686738218e-05,70.0077903522687
00:00:45.0545,69.6844046853531,10.0945856517897,29.6899577993813,-0.000468599676749735,70.0077161652079
00:00:45.0628,69.6843659667475,9.95005737064118,29.2648746195329,-0.000772363228446626,70.0075366455668
00:00:45.0744,69.6843126788224,9.84325660830035,28.9507547302952,-0.000996765404389106,70.0071823071769
00:00:45.0860,69.684259702223,9.83591033823312,28.9291480536268,-0.00101200122157656,70.0067781133165
00:00:45.0977,69.6842065778858,9.90419292784431,29.1299791995421,-0.000868200081314622,70.0063977040321
00:00:45.1093,69.6841529861815,10.0164706848198,29.4602078965288,-0.000631951688507682,70.0060923356672
00:00:45.1209,69.6840987743028,10.1408011781602,29.8258858181182,-0.000370465597918199,70.0058864857743
00:00:45.1325,69.6840439434979,10.2509750352766,30.1499265743428,-0.000138840366996275,70.0057799159124
00:00:45.1441,69.6839886101136,10.3300274183314,30.3824335833277,2.73017851919165e-05,70.0057539375234
00:00:45.1590,69.6839171733682,10.376642021475,30.5195353572794,0.000125232971342235,70.0057875836578
00:00:45.1773,69.6838297643562,10.3641758257554,30.4828700757511,9.90049683118934e-05,70.005850010063
00:00:45.1955,69.6837426209698,10.3067449286819,30.3139556725939,-2.16868424934626e-05,70.0058698464225
00:00:45.2137,69.683655958359,10.2419803887774,30.1234717316983,-0.00015776171928256,70.0058126188618
00:00:45.2319,69.6835697334834,10.1977357236805,29.9933403637661,-0.000250684152791458,70.0056852461183
00:00:45.2501,69.6834837446277,10.184846288233,29.9554302595088,-0.000277686738576677,70.005520082966
00:00:45.2772,69.6833561224412,10.2068256565239,30.0200754603644,-0.000231363267292613,70.0052867032128
00:00:45.3042,69.6832281678633,10.2450399350454,30.1324703971923,-0.000150949119960465,70.0051067192445
00:00:45.3312,69.6830998630477,10.2693861529645,30.204076920484,-9.97151306773859e-05,70.004982964928
00:00:45.3582,69.682971405498,10.2708320906774,30.2083296784629,-9.66225349743014e-05,70.0048837567854
00:00:45.3985,69.6827801159718,10.2550946232258,30.1620430094876,-0.000129605712232291,70.0047158990429
00:00:45.4388,69.6825890127056,10.2445956606664,30.1311637078424,-0.000151564049671996,70.0045183222388
00:00:45.4790,69.6823979414692,10.2494338118573,30.1453935642861,-0.00014128598576565,70.004315762437
00:00:45.5000,69.6822987013365,10.2562150711479,30.1653384445525,-0.000126980482538555,70.0042170600917
00:00:45.5409,69.6821043049973,10.264906791413,30.1909023276853,-0.000108620570422208,70.0040456420355
00:00:45.6007,69.6818199218094,10.266852359571,30.1966245869736,-0.000104406708127312,70.0038152217677
00:00:45.6885,69.6814027032942,10.2668916988079,30.1967402906114,-0.000104146876517514,70.0034886403054
00:00:45.7763,69.6809853521048,10.271265720348,30.2096050598471,-9.47888990897204e-05,70.0031838593429
00:00:45.8763,69.6805096847037,10.2771392807597,30.2268802375284,-8.22760189265521e-05,70.0028727751818
00:00:45.9763,69.6800338180146,10.2807544153626,30.2375129863606,-7.45271578226739e-05,70.0025942064792
00:00:46.0000,69.6799211538293,10.2812891913361,30.2390858568707,-7.33697025967118e-05,70.0025323888198
00:00:46.1000,69.6794450950696,10.2843452777508,30.2480743463258,-6.68127909551475e-05,70.0022852387404
00:00:46.2000,69.6789688903848,10.287637773241,30.2577581565911,-5.97719771974367e-05,70.0020619312314
00:00:46.3000,69.6784925483447,10.2904406503915,30.2660019129163,-5.37723266573579e-05,70.0018610510755
00:00:46.4000,69.6780160866997,10.2927993645276,30.2729393074341,-4.87167419007575e-05,70.001679712921
00:00:46.5000,69.6775395180147,10.2949943945752,30.2793952781623,-4.40146540071527e-05,70.0015158665681
00:00:46.6000,69.6770628513187,10.297026647991,30.285372494091,-3.96633535736034e-05,70.0013680321474
00:00:46.7000,69.6765860960277,10.2988372149784,30.2906976911131,-3.57858102335115e-05,70.0012346708719
00:00:46.8000,69.6761092612437,10.3004570898743,30.295462029042,-3.23160797117021e-05,70.001114297196
00:00:46.9000,69.6756323547301,10.3019274279003,30.299786552648,-2.9166981783682e-05,70.0010056428178
00:00:47.0000,69.6751553833345,10.3032582153664,30.3037006334305,-2.63169215284188e-05,70.0009075884923
00:00:47.1000,69.6746783533899,10.3044563360169,30.3072245176966,-2.37508701980233e-05,70.0008190996234
00:00:47.2000,69.67420127065,10.3055366574925,30.3104019338014,-2.14370715695421e-05,70.0007392363244
00:00:47.3000,69.673724140257,10.3065126292208,30.3132724388848,-1.93468040890734e-05,70.0006671584577
00:00:47.4000,69.6732469668435,10.3073936764173,30.3158637541685,-1.74598486279479e-05,70.0006021091335
00:00:47.5000,69.6727697546068,10.3081884942402,30.3182014536478,-1.57575589703005e-05,70.0005434026209
00:00:47.6000,69.6722925073363,10.3089057658932,30.3203110761565,-1.42213502159614e-05,70.0004904198247
00:00:47.7000,69.6718152284467,10.3095532075971,30.3222153164622,-1.28347029052528e-05,70.0004426028558
00:00:47.8000,69.6713379210198,10.3101375302378,30.323933912464,-1.1583239926363e-05,70.0003994482289
00:00:47.9000,69.6708605878384,10.3106648465764,30.3254848428719,-1.0453867700821e-05,70.0003605012849
00:00:48.0000,69.6703832314141,10.3111407484977,30.3268845544051,-9.43461141072189e-06,70.0003253517113
00:00:48.1000,69.6699058540129,10.3115702595444,30.3281478221896,-8.51471243676812e-06,70.0002936292839
00:00:48.2000,69.6694284576799,10.3119578916211,30.3292879165328,-7.68450701856064e-06,70.0002649998646
00:00:48.3000,69.6689510442612,10.3123077255503,30.3303168398538,-6.93525504075812e-06,70.0002391618696
00:00:48.4000,69.6684736154226,10.3126234504505,30.3312454425016,-6.2590555689474e-06,70.0002158431257
00:00:48.5000,69.6679961726676,10.3129083925285,30.3320835074369,-5.64878478427875e-06,70.0001947980042
00:00:48.6000,69.6675187173531,10.3131655519675,30.332839858728,-5.09801704812172e-06,70.0001758048237
00:00:48.7000,69.6670412507036,10.3133976375676,30.3335224634341,-4.60095083406665e-06,70.0001586635148
00:00:48.8000,69.6665637738244,10.3136070938912,30.3341385114448,-4.15234992532005e-06,70.0001431935149
00:00:48.9000,69.6660862877128,10.3137961290964,30.3346944973424,-3.74748639109325e-06,70.0001292318721
00:00:49.0000,69.665608793269,10.3139667320485,30.3351962707308,-3.38209983629807e-06,70.0001166315164
00:00:49.1000,69.6651312913055,10.3141207009538,30.3356491204522,-3.05233903093189e-06,70.0001052597185
00:00:49.2000,69.6646537825554,10.3142596579488,30.3360578174964,-2.75472979614863e-06,70.0000949966928
00:00:49.3000,69.6641762676804,10.3143850662881,30.3364266655532,-2.48613821161714e-06,70.0000857343323
00:00:49.4000,69.6636987472777,10.3144982469709,30.3367595499145,-2.2437350464713e-06,70.0000773750698
00:00:49.5000,69.6632212218863,10.3146003923576,30.3370599775224,-2.024966585758e-06,70.0000698308514
00:00:49.6000,69.6627436919926,10.3146925784071,30.337331112962,-1.82752840916971e-06,70.0000630222088
00:00:49.7000,69.6622661580356,10.3147757761356,30.3375758121636,-1.64934085470246e-06,70.0000568774221
00:00:49.8000,69.6617886204114,10.3148508619214,30.33779665271,-1.48852695139551e-06,70.0000513317639
00:00:49.9000,69.6613110794776,10.3149186267051,30.3379959608974,-1.34339271305754e-06,70.000046326818
00:00:50.0000,69.6608335355568,10.314979784302,30.3381758361824,-1.21240933546024e-06,70.000041809864
00:00:50.0034,69.6608170623831,10.3098950253316,30.3232206627399,-1.18979270694317e-05,70.0000408808976
00:00:50.0069,69.6608006055194,10.2954212785375,30.280650819228,-4.23142435967717e-05,70.0000373373291
00:00:50.0103,69.6607841799374,10.270784593759,30.2081899816442,-9.40881937179463e-05,70.0000287790662
00:00:50.0138,69.660767800443,10.2373177838316,30.10975818774,-0.000164419883641021,70.0000128325275
00:00:50.0202,69.6607373947236,10.1584608284384,29.8778259659952,-0.000330146395167105,69.9999556796642
00:00:50.0311,69.6606864657569,10.0001528440309,29.4122142471498,-0.000662875363743501,69.9997618628085
00:00:50.0420,69.6606363338212,9.83752362099444,28.9338930029248,-0.00100471945622012,69.9994402518093
00:00:50.0529,69.6605869482337,9.69884382968725,28.526011263786,-0.0012962135947245,69.9989989710958
00:00:50.0639,69.6605381505847,9.60174249800857,28.2404191117899,-0.00150023877006911,69.9984634371963
00:00:50.0774,69.6604782645708,9.5470661983969,28.0796064658732,-0.00161491241907463,69.9977276480123
00:00:50.0909,69.6604185280852,9.55589577735665,28.1055758157549,-0.00159593472252958,69.9969680428565
00:00:50.1044,69.6603586154606,9.60826422135916,28.2596006510563,-0.00148535042516137,69.9962368969531
00:00:50.1179,69.6602983328731,9.67944441567082,28.4689541637377,-0.00133522401017355,69.9955653097501
00:00:50.1314,69.6602376294911,9.74702122782166,28.6677094935931,-0.00119272994754068,69.9949614200206
00:00:50.1449,69.6601765703221,9.79565479669376,28.8107494020405,-0.00109012973436823,69.9944147745567
00:00:50.1625,69.6600966605547,9.82150686783075,28.8867849053846,-0.00103539471409749,69.9937486004654
00:00:50.1860,69.6599899735944,9.80536622657693,28.8393124311086,-0.00106888109885406,69.9928659582866
00:00:50.2095,69.6598835690608,9.7628453942879,28.7142511596703,-0.00115784378144666,69.9919383925357
00:00:50.2330,69.6597775503843,9.72717527778862,28.6093390523195,-0.00123236907305221,69.9909493221885
00:00:50.2565,69.6596717743663,9.71522830618075,28.5742009005316,-0.00125696471283136,69.9899217466269
00:00:50.2861,69.6595385145884,9.72759600302248,28.6105764794779,-0.00123026132357401,69.9886287313357
00:00:50.3157,69.6594050604088,9.74864297267509,28.6724793313973,-0.00118531287879333,69.9873676195405
00:00:50.3453,69.6592714143322,9.7597429478986,28.7051263173488,-0.00116130957034181,69.9861379941247
00:00:50.3814,69.6591082099281,9.7560304506865,28.6942072079015,-0.00116833343769865,69.9846459806508
00:00:50.4299,69.6588892359542,9.74431203793484,28.6597412880436,-0.00119192196702686,69.9826205592845
00:00:50.4784,69.65867038994,9.74069042933285,28.6490894980378,-0.00119846472335666,69.9805764375737
00:00:50.5000,69.658573271325,9.74283888024287,28.6554084713026,-0.00119346467334222,69.9796677040654
00:00:50.5018,69.6585648247332,9.7407521790974,28.6492711149924,-0.00119781392796363,69.979588565042
00:00:50.5037,69.6585563823017,9.73355988951444,28.6281173221013,-0.00121290651872439,69.9795087609971
00:00:50.5063,69.6585448690871,9.71337852658685,28.5687603723143,-0.00125531618834353,69.9793970686573
00:00:50.5088,69.6585333865455,9.68171123996016,28.4756212940005,-0.00132189680307856,69.9792804578074
00:00:50.5114,69.658521947298,9.63984432210063,28.352483300296,-0.00140994424050353,69.979156902282
00:00:50.5167,69.6584980990297,9.52649934119511,28.0191157093974,-0.00164836857300396,69.9788653533739
00:00:50.5254,69.6584603908393,9.29663027275341,27.3430302139806,-0.00213206092062941,69.978283845203
00:00:50.5341,69.6584236477995,9.03901269372167,26.5853314521226,-0.00267433995177146,69.9775473842315
00:00:50.5427,69.658387908336,8.7883236587698,25.8480107610876,-0.00320219017003427,69.9766497531165
00:00:50.5514,69.6583530959308,8.57139430111905,25.2099832385855,-0.00365902128113123,69.9756032108984
00:00:50.5600,69.6583190453283,8.40566562857726,24.7225459664037,-0.00400797495833495,69.9744343026409
00:00:50.5687,69.658285538901,8.29924347671962,24.4095396374106,-0.00423186884755988,69.9731780214729
00:00:50.5800,69.6582421614183,8.24697474340234,24.2558080688304,-0.00434132531249894,69.9714728700711
00:00:50.5913,69.6581988500243,8.27711264622274,24.3444489594786,-0.00427690396348252,69.9697574143413
00:00:50.6026,69.6581552487721,8.3637196303582,24.5991753834065,-0.00409336701863443,69.9680889363432
00:00:50.6140,69.6581111389505,8.47733208650612,24.9333296661945,-0.00385292498569557,69.9665026166036
00:00:50.6253,69.6580664469148,8.59090755632175,25.2673751656522,-0.00361264460155496,69.9650102784293
00:00:50.6366,69.6580212218623,8.68407004618092,25.5413824887674,-0.00341548776425867,69.9636039778093
00:00:50.6479,69.6579755966016,8.74514214568813,25.7210063108475,-0.00328604690513462,69.9622623274781
00:00:50.6635,69.6579125511516,8.77377250991059,25.8052132644429,-0.00322478644370981,69.9604668679519
00:00:50.6790,69.6578494750508,8.75115072732541,25.7386786097806,-0.00327159101505254,69.958676831295
00:00:50.6946,69.6577866458766,8.69990913258282,25.5879680370083,-0.00337873177713771,69.9568475721003
00:00:50.7101,69.6577241838775,8.64422173969292,25.4241815873321,-0.00349523512349032,69.9549597544394
00:00:50.7257,69.6576620618991,8.60230793373745,25.3009056874631,-0.0035826769236735,69.9530177549231
00:00:50.7412,69.6576001578349,8.58272594223632,25.2433115948127,-0.00362300564263967,69.9510412261081
00:00:50.7648,69.6575063832593,8.58921466647082,25.2623960778553,-0.00360783561357671,69.9480377031979
00:00:50.7884,69.6574124387231,8.61814904605231,25.3474971942715,-0.0035453301465218,69.9450627575894
00:00:50.8120,69.6573182192109,8.64503028752774,25.4265596691992,-0.00348717614657771,69.942133274427
00:00:50.8356,69.6572238080978,8.65588665976758,25.458490175787,-0.00346283947142769,69.9392358245428
00:00:50.8660,69.6571019144164,8.64858185763848,25.4370054636426,-0.00347639782257647,69.9355003913025
00:00:50.8964,69.6569801552298,8.63318802427558,25.3917294831635,-0.00350701403180506,69.9317453095861
00:00:50.9269,69.6568585439105,8.62430585710683,25.3656054620789,-0.00352388459009068,69.9279684349061
00:00:50.9655,69.6567040819666,8.62639928019961,25.3717625888224,-0.00351709033136123,69.923164759123
00:00:51.0000,69.6565666204084,8.63327033022755,25.3919715594928,-0.00350048197804657,69.9189026791299
00:00:51.0020,69.6565584926393,8.63090855014315,25.3850251474799,-0.00350534105331313,69.9186509455798
00:00:51.0040,69.6565503698831,8.62257639709513,25.3605188149857,-0.00352279839485488,69.9183984140548
00:00:51.0065,69.6565403913304,8.60227847886617,25.3008190554888,-0.00356547684654887,69.9180849372944
00:00:51.0090,69.6565304423532,8.57137340596378,25.2099217822464,-0.00363054004970617,69.9177667132551
00:00:51.0121,69.6565183234111,8.52106703525826,25.0619618684067,-0.00373651546970539,69.9173679213765
00:00:51.0186,69.6564927325542,8.37991772492001,24.646816838,-0.00403402393171789,69.9164680451391
00:00:51.0272,69.6564599918772,8.15074241704387,23.9727718148349,-0.0045173229149519,69.9151722468471
00:00:51.0358,69.656428184043,7.9024393943362,23.2424688068712,-0.00504117988052299,69.9137263495805
00:00:51.0443,69.6563973228998,7.66631656902126,22.5479899088861,-0.00553946804036087,69.9121280779617
00:00:51.0529,69.6563673183441,7.46593572729037,21.9586344920305,-0.00596233563329232,69.9103919175767
00:00:51.0614,69.6563380038205,7.31606527240704,21.5178390364913,-0.00627847112438567,69.9085447007938
00:00:51.0700,69.65630917016,7.22292140391985,21.2438864821172,-0.00647464626021964,69.9066201569852
00:00:51.0806,69.6562737222099,7.18276397112826,21.1257763856713,-0.00655850963449473,69.9041822437054
00:00:51.0912,69.6562383072048,7.21235717494144,21.212815220416,-0.00649478532486471,69.9017394288511
00:00:51.1019,69.656202639753,7.29035529188541,21.4422214467218,-0.00632866312111959,69.8993377706588
00:00:51.1125,69.656166540644,7.39278400233863,21.7434823598195,-0.00611090291925285,69.8970061801968
00:00:51.1231,69.6561299423674,7.49739736145378,22.0511687101582,-0.00588858442528093,69.8947555328579
00:00:51.1337,69.6560928738286,7.58684361705887,22.3142459325261,-0.00569840345147744,69.8925811438181
00:00:51.1443,69.6560554328556,7.65031323628654,22.5009212831957,-0.00556319901492071,69.8904672125983
00:00:51.1587,69.6560045825945,7.68922878641149,22.6153787835632,-0.0054796008785506,69.8876675828034
00:00:51.1730,69.6559536240876,7.68158458234354,22.5928958304222,-0.00549446558405596,69.8848860750956
00:00:51.1873,69.6559028061906,7.6430389652854,22.4795263684865,-0.00557467349311493,69.8820825443703
00:00:51.2017,69.6558522696901,7.59272785677982,22.3315525199406,-0.00567975840677597,69.8792342810773
00:00:51.2160,69.655802040237,7.54740519759871,22.1982505811727,-0.00577428577473157,69.8763371507323
00:00:51.2303,69.655752054474,7.51768433560108,22.1108362811797,-0.00583580247154926,69.8734013806809
00:00:51.2497,69.6556847535666,7.50652498082126,22.0780146494743,-0.00585756835607685,69.8694120052213
00:00:51.2733,69.6556024314982,7.52390446905909,22.1291307913503,-0.00581854428387174,69.864541592255
00:00:51.2970,69.6555198836074,7.55279931205172,22.2141156236815,-0.00575516829476349,69.859709502316
00:00:51.3206,69.6554370914692,7.57284443457371,22.2730718663933,-0.00571053192825324,69.8549186981007
00:00:51.3443,69.6553541777923,7.57619278741844,22.2829199629954,-0.00570123292442427,69.8501493645875
00:00:51.3797,69.6552301683721,7.56318702437546,22.2446677187514,-0.00572543921465499,69.8430015252432
00:00:51.4151,69.6551063455709,7.54887478767786,22.2025729049349,-0.00575240479247819,69.835827709573
00:00:51.4504,69.6549826429255,7.54576454347654,22.1934251278722,-0.00575565676999767,69.8286386550446
00:00:51.5000,69.654809600041,7.5522928516247,22.2126260341903,-0.00573718235674679,69.8185976076493
00:00:51.5019,69.6548029160928,7.55041631287087,22.2071068025614,-0.0057409755034663,69.8182099318243
00:00:51.5038,69.6547962358427,7.54351746576012,22.1868160757651,-0.00575540155715422,69.8178216708594
00:00:51.5062,69.6547878505851,7.5259625649132,22.1351840144506,-0.00579234210053635,69.8173312736244
00:00:51.5086,69.6547794901131,7.49884266848996,22.0554196132058,-0.00584953501825923,69.8168368925474
00:00:51.5110,69.6547711643974,7.46318090921581,21.9505320859288,-0.00592481640633747,69.8163369170907
00:00:51.5161,69.6547534988048,7.36457840035114,21.6605247069151,-0.00613312558698192,69.8152396942536
00:00:51.5243,69.6547261819763,7.16679200500527,21.0788000147214,-0.00655127232322065,69.8134166743226
00:00:51.5324,69.6546996512926,6.94191362483894,20.4173930142322,-0.00702695408673532,69.8114668348649
00:00:51.5405,69.6546739534063,6.71786709574156,19.758432634534,-0.00750102884476601,69.8093825964989
00:00:51.5486,69.6546490466665,6.51702413412945,19.1677180415572,-0.00792604092419827,69.8071706567549
00:00:51.5568,69.6546248180443,6.35496140893282,18.6910629674495,-0.00826888878615568,69.8048492703949
00:00:51.5659,69.6545981725309,6.2295693850713,18.3222628972685,-0.0085338553203607,69.802141767836
00:00:51.5772,69.6545656219625,6.15866846549639,18.1137307808717,-0.00868290599678304,69.79870305874
00:00:51.5867,69.6545386776988,6.16398880599971,18.1293788411756,-0.00867039092440543,69.7958143526899
00:00:51.5961,69.6545116199177,6.21402606929046,18.276547262619,-0.00856294883051513,69.7929444354784
00:00:51.6056,69.6544842876902,6.2925534483216,18.5075101421223,-0.0083950490045244,69.7901193631076
00:00:51.6150,69.6544565921848,6.38310461712794,18.7738371091998,-0.00820166444186913,69.7873535105999
00:00:51.6244,69.6544285114855,6.47121218772883,19.0329770227318,-0.00801350872036601,69.7846504141141
00:00:51.6339,69.6544000787712,6.54587325381652,19.252568393578,-0.00785392601317735,69.7820046897109
00:00:51.6459,69.6543634168089,6.61104203070777,19.4442412667876,-0.00771420221801086,69.7786909080876
00:00:51.6615,69.6543155097837,6.6429396496105,19.538057792972,-0.00764466835197658,69.7744459863529
00:00:51.6772,69.65426754195,6.62575852360484,19.487525069426,-0.00767927765758088,69.7702119290976
00:00:51.6928,69.6542197852282,6.57979829174089,19.352347916885,-0.00777495550842782,69.76594471936
00:00:51.7084,69.6541723662063,6.52772315507196,19.1991857502117,-0.00788360954980475,69.7616238661928
00:00:51.7241,69.6541252707878,6.48721150454226,19.080033836889,-0.00796771603078831,69.7572516547328
00:00:51.7397,69.6540783908044,6.46707755242593,19.0208163306645,-0.00800855875978212,69.7528456034166
00:00:51.7611,69.6540143273285,6.46978068437889,19.0287667187614,-0.00800021296020375,69.7468067502835
00:00:51.7824,69.6539501533522,6.49257788104501,19.0958172971912,-0.00794920577011469,69.740787761474
00:00:51.8038,69.6538857659806,6.51700816637089,19.1676710775614,-0.00789474021545923,69.734805297398
00:00:51.8252,69.6538212025409,6.53054845025599,19.2074954419294,-0.0078634074993603,69.7288533051106
00:00:51.8513,69.6537422907443,6.52940980247202,19.2041464778589,-0.00786268083482773,69.7215985955217
00:00:51.8841,69.6536434470783,6.51530422235434,19.1626594775128,-0.00788869411004225,69.7124885568686
00:00:51.9168,69.6535447713939,6.50346704549024,19.1278442514419,-0.00790988659323535,69.7033558663068
00:00:51.9495,69.6534461859192,6.5017755038857,19.1228691290756,-0.00790952412669707,69.6942131300978
00:00:52.0000,69.6532943572942,6.5078606772192,19.1407666977035,-0.00789050818523456,69.6801541229885
00:00:52.0017,69.6532890196007,6.50636255901941,19.1363604677042,-0.00789347810603201,69.6796601269589
00:00:52.0035,69.653283684633,6.50076594621972,19.1198998418227,-0.00790515810410671,69.6791657023995
00:00:52.0058,69.653276763779,6.4857297342635,19.0756756890103,-0.00793683544263432,69.6785214473179
00:00:52.0081,69.6532698634769,6.46211785341357,19.0062289806282,-0.00798673949800168,69.6778738829469
00:00:52.0104,69.6532629923251,6.43075993953535,18.9139998221628,-0.00805310903728798,69.6772216151264
00:00:52.0148,69.6532498373624,6.35263614060502,18.6842239429559,-0.00821862930588247,69.6759432226192
00:00:52.0225,69.6532276639378,6.18012573816324,18.1768404063625,-0.00858446190110719,69.6736713695845
00:00:52.0301,69.6532061460699,5.97887598964266,17.5849293813019,-0.00901152611307694,69.6712934304618
00:00:52.0378,69.6531853405807,5.77244302045915,16.9777735895857,-0.00944975663009722,69.6688001541531
00:00:52.0454,69.6531652336826,5.58042326098144,16.4130095911219,-0.00985744636261512,69.6661937448798
00:00:52.0531,69.6531457512911,5.41735468760122,15.9333961400036,-0.0102036037996867,69.6634862022061
00:00:52.0607,69.6531267766777,5.29244217424144,15.5660063948278,-0.0104685671656943,69.6606964643574
00:00:52.0704,69.6531033567296,5.19499849464495,15.279407337191,-0.0106747619554875,69.6571033429344
00:00:52.0800,69.6530802302148,5.16145708493913,15.1807561321739,-0.0107448065161299,69.6534630157575
00:00:52.0896,69.6530571382284,5.1821314255013,15.2415630161803,-0.010699314984811,69.6498175642922
00:00:52.0993,69.653033873205,5.24226563023564,15.4184283242225,-0.0105697400001554,69.6462007280467
00:00:52.1089,69.6530102967476,5.32500452914457,15.6617780268958,-0.0103920191697082,69.6426349991097
00:00:52.1186,69.6529863433245,5.41412823523993,15.9239065742351,-0.0102007281357796,69.6391310203566
00:00:52.1282,69.6529620130989,5.49612008953737,16.1650590868746,-0.0100246666302617,69.6356887544312
00:00:52.1378,69.6529373574101,5.56141021124808,16.357088856612,-0.00988421284428855,69.6322998479376
00:00:52.1500,69.6529058281718,5.61247462822781,16.5072783183171,-0.00977371938261663,69.6280629299757
00:00:52.1667,69.6528624057471,5.62813152585974,16.5533280172345,-0.00973802488446853,69.62229998424
00:00:52.1803,69.652827144599,5.6041744919514,16.4828661527983,-0.00978716006186862,69.617619231633
00:00:52.1939,69.6527920771468,5.56289542880499,16.3614571435441,-0.00987320053392566,69.6129079118902
00:00:52.2074,69.6527572684805,5.51907562397269,16.2325753646256,-0.00996465708384811,69.6081554459715
00:00:52.2210,69.6527227018833,5.48404037582389,16.1295305171291,-0.0100373947666642,69.603364551285
00:00:52.2346,69.6526883066486,5.46382073115024,16.0700609739713,-0.0100785552468811,69.5985467230191
00:00:52.2545,69.6526379363362,5.46021472450928,16.0594550720861,-0.0100833964455113,69.5914631257667
00:00:52.2744,69.6525875141863,5.47712467469094,16.1091902196792,-0.0100445033409761,69.5843899593033
00:00:52.2943,69.6525369254921,5.49971159492469,16.1756223380138,-0.00999351190485286,69.5773458745729
00:00:52.3142,69.6524861689103,5.51594951250956,16.2233809191458,-0.00995606210214058,69.5703310861974
00:00:52.3341,69.6524353187851,5.52069686266525,16.2373437137213,-0.00994311586951465,69.5633334993215
00:00:52.3650,69.6523563807122,5.51226983926976,16.2125583507934,-0.009956702546877,69.5524644449667
00:00:52.3960,69.6522775785758,5.49870105014383,16.1726501474818,-0.00998125607373225,69.541578062994
00:00:52.4269,69.652198904781,5.4917452535582,16.15219192223,-0.00999170349688338,69.5306755909006
00:00:52.4578,69.6521202695083,5.49314885841967,16.1563201718226,-0.00998431713039333,69.5197716457768
00:00:52.5000,69.6520129921816,5.49830731492062,16.1714921027077,-0.00996732547290323,69.5049199244788
00:00:52.5015,69.6520089758434,5.49718417854639,16.1681887604305,-0.00996949867474335,69.5043642946667
00:00:52.5031,69.6520049613563,5.49301522395928,16.155927129292,-0.00997817256648094,69.5038083759344
00:00:52.5053,69.6519993613737,5.48053795734576,16.1192292863111,-0.0100044903123168,69.5030302620158
00:00:52.5075,69.6519937780451,5.4603819039293,16.0599467762626,-0.0100471984117093,69.5022494609345
00:00:52.5097,69.6519882187659,5.43318581191582,15.9799582703407,-0.0101049352189177,69.5014647684508
00:00:52.5134,69.6519789358189,5.37420504085626,15.8064854142831,-0.0102303116256985,69.5001315898868
00:00:52.5205,69.6519615658084,5.22825352168199,15.3772162402411,-0.0105409169695334,69.4975317823162
00:00:52.5276,69.6519447183567,5.05317633073441,14.8622833256895,-0.010913812846326,69.4948471045619
00:00:52.5347,69.6519284545408,4.86791395091824,14.3173939732889,-0.0113085846893178,69.4920675807655
00:00:52.5418,69.6519127826328,4.68882094433894,13.790649836291,-0.0116902938482031,69.4891918349575
00:00:52.5488,69.651897663181,4.52877876865146,13.3199375548572,-0.0120313819847675,69.486226273046
00:00:52.5559,69.6518830202502,4.39688637390413,12.9320187467769,-0.0123123504876734,69.4831832581949
00:00:52.5630,69.6518687539629,4.29846748293774,12.6425514204051,-0.0125217647547491,69.4800790700857
00:00:52.5729,69.6518491472157,4.21911145170438,12.4091513285423,-0.0126899611820161,69.475662967697
00:00:52.5829,69.6518297622021,4.20270475817122,12.3608963475624,-0.0127234539136085,69.471211239397
00:00:52.5928,69.6518103427472,4.23722040045791,12.4624129425233,-0.0126479615384353,69.4667657032859
00:00:52.6027,69.6517906935075,4.30624447125848,12.6654249154661,-0.012498623132093,69.462358248445
00:00:52.6127,69.6517706959386,4.39212311885,12.9180091730882,-0.0123132374154292,69.4580082223897
00:00:52.6226,69.6517503082399,4.47874954710145,13.1727927855925,-0.0121262812872965,69.4537224404029
00:00:52.6325,69.6517295540367,4.55353138428085,13.3927393655319,-0.0119646963362755,69.4494970369759
00:00:52.6425,69.6517085042245,4.60840885951172,13.5541437044462,-0.0118457166648146,69.445320433166
00:00:52.6549,69.651681753922,4.6446251271877,13.6606621387874,-0.0117662678758458,69.4401061256548
00:00:52.6674,69.6516548893922,4.64721509585384,13.6682796936878,-0.0117587667364176,69.4349113272006
00:00:52.6799,69.6516280768102,4.6245613339298,13.6016509821465,-0.0118052799280301,69.4297089143215
00:00:52.6924,69.6516014282579,4.58808612757632,13.4943709634598,-0.0118813728553192,69.4244805912983
00:00:52.7049,69.651574991776,4.54912879707527,13.3797905796331,-0.0119627828563466,69.4192185144756
00:00:52.7174,69.6515487579916,4.51656160488209,13.2840047202414,-0.0120305190255316,69.4139242128988
00:00:52.7326,69.6515171886594,4.49280697779393,13.2141381699821,-0.0120789745383564,69.4074843089417
00:00:52.7522,69.6514762681196,4.48742162891489,13.1982989085732,-0.0120873799682687,69.3990933000964
00:00:52.7719,69.6514353143964,4.50196956220987,13.2410869476761,-0.0120531018550566,69.3907098844385
00:00:52.7916,69.6513942125585,4.52299611378947,13.3029297464396,-0.0120049513629824,69.382352834571
00:00:52.8113,69.6513529525314,4.53899870486237,13.3499961907717,-0.0119675632473043,69.3740237940733
00:00:52.8309,69.6513115979579,4.54453660085154,13.3662841201516,-0.0119525914248727,69.3657123629087
00:00:52.8590,69.6512525597938,4.5381539537929,13.3475116288026,-0.0119618262674649,69.3538467443892
00:00:52.8871,69.6511936283406,4.52578146059285,13.3111219429201,-0.0119838968635147,69.3419680881287
00:00:52.9152,69.6511348160943,4.51757555318675,13.2869869211375,-0.0119970407932799,69.33007435147
00:00:52.9433,69.6510760595704,4.51670538083309,13.2844275906856,-0.0119944632482835,69.3181759126125
00:00:52.9901,69.6509782044137,4.5210679562554,13.2972586948688,-0.0119777180778659,69.2983829006781
00:00:53.0000,69.6509575132602,4.52245858651809,13.3013487838767,-0.0119731743428143,69.2942021317412
00:00:53.0013,69.6509547074353,4.52173242905941,13.2992130266453,-0.0119745198131957,69.2936353523751
00:00:53.0026,69.6509519027006,4.51900279220419,13.2911846829535,-0.0119801616449324,69.293068404688
00:00:53.0044,69.6509481737061,4.51113986412417,13.2680584238946,-0.0119967416440471,69.2923129760933
00:00:53.0062,69.6509444532787,4.49830492002205,13.2303085883002,-0.0120239846532856,69.2915561638035
00:00:53.0080,69.6509407453551,4.48074938459433,13.1786746605716,-0.0120613522974994,69.2907973237115
00:00:53.0108,69.6509348247481,4.44391832835921,13.0703480245859,-0.0121398913343013,69.2895721440348
00:00:53.0175,69.6509213968314,4.32794369227413,12.7292461537474,-0.0123876133942611,69.2867038299377
00:00:53.0241,69.6509083715414,4.18002593342661,12.294193921843,-0.0127039343282738,69.2837698688224
00:00:53.0307,69.6508958184587,4.01597498924918,11.8116911448505,-0.0130549734242606,69.2807588534567
00:00:53.0373,69.6508837664452,3.84995160423398,11.3233870712764,-0.0134103544356999,69.2776660360344
00:00:53.0439,69.6508722049512,3.69373124956538,10.8639154398982,-0.0137447868142743,69.2744931212708
00:00:53.0506,69.6508610910967,3.55639562347658,10.4599871278723,-0.0140387378081576,69.2712471135274
00:00:53.0572,69.6508503582381,3.44422164289304,10.1300636555678,-0.014278684342496,69.2679389182509
00:00:53.0654,69.650837446573,3.34515881786728,9.83870240549199,-0.0144902250641092,69.2637729277308
00:00:53.0736,69.6508248260245,3.29085314003271,9.67897982362562,-0.0146055693829436,69.2595596075332
00:00:53.0818,69.6508123351422,3.27800404198758,9.64118835878699,-0.0146317783427735,69.2553254320418
00:00:53.0900,69.6507998302349,3.29982876267686,9.70537871375547,-0.0145834236410455,69.2510939695914
00:00:53.0982,69.6507871970418,3.34734484324005,9.84513189188249,-0.0144798231937374,69.2468839628175
00:00:53.1064,69.6507743566916,3.4107031475827,10.0314798458315,-0.0143421644927727,69.2427083481161
00:00:53.1146,69.6507612668154,3.48036104014938,10.2363560004393,-0.0141909740153,69.2385740722721
00:00:53.1228,69.6507479187314,3.5479940970935,10.4352767561574,-0.0140441529982542,69.2344825552941
00:00:53.1310,69.6507343317608,3.60710490553024,10.6091320750889,-0.0139156687142217,69.2304306241911
00:00:53.1413,69.6507171392393,3.66224335838341,10.7713039952453,-0.0137953927686425,69.2254269065252
00:00:53.1540,69.6506954375812,3.69881079250336,10.8788552720687,-0.0137146214033168,69.2192311836746
00:00:53.1667,69.6506736161706,3.70226534458745,10.8890157193749,-0.0137050423069494,69.213056070027
00:00:53.1795,69.6506518420293,3.68073640741295,10.8256953159204,-0.0137491822248772,69.206874171338
00:00:53.1922,69.6506302281108,3.64554527287093,10.7221919790321,-0.0138227062560487,69.2006669589768
00:00:53.2050,69.6506088225634,3.60798932316039,10.6117333034129,-0.0139013238666725,69.1944265321801
00:00:53.2177,69.6505876153813,3.57686792918511,10.5201997917209,-0.0139661074390217,69.1881545302647
00:00:53.2305,69.6505665561678,3.55720607237984,10.4623708011172,-0.0140062419244617,69.18185922115
00:00:53.2477,69.6505382135484,3.54984521800489,10.4407212294262,-0.0140191511940737,69.1733412833823
00:00:53.2649,69.6505098677848,3.55911546132385,10.4679866509525,-0.0139962723605586,69.1648256442578
00:00:53.2821,69.6504814255727,3.57610129403389,10.5179449824526,-0.0139567884336853,69.1563276198623
00:00:53.2994,69.6504528589139,3.59210399019169,10.5650117358579,-0.0139194206700491,69.1478518062324
00:00:53.3166,69.6504241945377,3.60154185518675,10.592770162314,-0.0138961841329256,69.1393938141372
00:00:53.3391,69.6503866011107,3.60235416233952,10.5951593009986,-0.0138906124384252,69.1283262351523
00:00:53.3669,69.6503404239851,3.59295515542704,10.5675151630207,-0.0139061506734794,69.1147115754739
00:00:53.3946,69.6502943620024,3.5821506591864,10.5357372329012,-0.0139247196811804,69.1010826037421
00:00:53.4223,69.6502483933247,3.5769531814206,10.52045053359,-0.0139312144435542,69.0874429063068
00:00:53.4559,69.6501927480993,3.57808238074778,10.5237717080817,-0.0139230882944323,69.0709245134297
00:00:53.4895,69.6501370778649,3.58152342456798,10.5338924251999,-0.0139099817131417,69.0544169845767
00:00:53.5000,69.6501197572173,3.5823886465834,10.5364371958335,-0.0139063476981681,69.0492861751663
00:00:53.5011,69.650117783666,3.58182948709032,10.5347926090892,-0.0139073515042999,69.0487016748367
00:00:53.5023,69.6501158108471,3.57981796701946,10.5288763735867,-0.0139114860771182,69.0481170625475
00:00:53.5040,69.650113094657,3.57370696544656,10.5109028395487,-0.0139243815359626,69.0473106879035
00:00:53.5056,69.6501103846733,3.56354022789051,10.4810006702662,-0.013946020284365,69.0465033087423
00:00:53.5073,69.6501076838709,3.54945034117086,10.4395598269731,-0.0139761171155142,69.0456944358554
00:00:53.5096,69.6501037672351,3.52259869422565,10.3605843947813,-0.0140336006557178,69.0445107751465
00:00:53.5158,69.6500939403929,3.42748453853242,10.0808368780365,-0.0142376454344072,69.041457353123
00:00:53.5219,69.6500844241208,3.30268521704992,9.71378005014683,-0.0145057571834049,69.0383530656354
00:00:53.5280,69.6500752813044,3.16059237616464,9.29585992989599,-0.0148112476536482,69.0351875533169
00:00:53.5341,69.6500665455697,3.01254810196778,8.86043559402288,-0.0151296691919551,69.0319552654754
00:00:53.5402,69.6500582209763,2.86831073769985,8.43620805205838,-0.0154399657682061,69.0286555152433
00:00:53.5463,69.6500502862417,2.73582088188872,8.04653200555506,-0.0157249824684767,69.0252917891165
00:00:53.5524,69.6500427001798,2.62107833331094,7.70905392150275,-0.0159717390230143,69.0218708554084
00:00:53.5586,69.650035407344,2.52811273660205,7.43562569588837,-0.0161715021380695,69.0184018373523
00:00:53.5665,69.6500262781536,2.44327485250371,7.18610250736384,-0.0163534202497798,69.0138545530602
00:00:53.5744,69.6500173869299,2.39828694276237,7.05378512577168,-0.0164492392551624,69.0092684359892
00:00:53.5823,69.6500085957263,2.38979867448416,7.02881963083576,-0.016466170290013,69.0046662250412
00:00:53.5902,69.6499997825548,2.41169531488696,7.09322151437342,-0.0164174186216279,69.0000680335012
00:00:53.5982,69.649990850632,2.45612597793313,7.22389993509744,-0.016319955545018,68.9954898204325
00:00:53.6061,69.6499817329235,2.51457311138008,7.39580326876495,-0.0161921985044611,68.990942638943
00:00:53.6140,69.6499723928854,2.57879404942829,7.58468838067146,-0.0160519698918869,68.9864325130594
00:00:53.6219,69.6499628221593,2.64155626316016,7.76928312694166,-0.015914904682319,68.9819608185007
00:00:53.6298,69.6499530360255,2.69713552718602,7.93275155054711,-0.0157933736620202,68.9775250332776
00:00:53.6378,69.6499430674707,2.74157566993915,8.06345785276221,-0.0156959238866671,68.9731197167368
00:00:53.6484,69.6499294998647,2.78022687665732,8.17713787252151,-0.0156105112366428,68.9672453556465
00:00:53.6617,69.6499123863385,2.79604525889066,8.22366252614899,-0.015573980061455,68.9599325438909
00:00:53.6726,69.6498982704721,2.78601427159242,8.19415962233064,-0.0155937358560016,68.9539150608823
00:00:53.6835,69.6498842364667,2.76206781968329,8.12372888142144,-0.015643576425018,68.9478848223262
00:00:53.6945,69.6498703369423,2.73153953318282,8.03393980347888,-0.0157076532393803,68.9418331490378
00:00:53.7054,69.6498565888301,2.70112281411756,7.94447886505166,-0.0157714963018377,68.935757246219
00:00:53.7163,69.6498429796407,2.67587448749999,7.87021908088233,-0.0158241687963408,68.9296591717843
00:00:53.7297,69.6498264359082,2.65615886034496,7.81223194219106,-0.015864443632933,68.9221637470361
00:00:53.7472,69.6498049911225,2.64911983941083,7.7915289394436,-0.0158765828799308,68.9123864765141
00:00:53.7646,69.6497835435354,2.65793581962834,7.81745829302454,-0.0158544197740437,68.9026115730969
00:00:53.7821,69.6497620035219,2.67398104309413,7.86465012674744,-0.0158166125814673,68.8928538288158
00:00:53.7995,69.6497403453165,2.68888907912809,7.90849729155321,-0.0157812647487885,68.8831174968671
00:00:53.8170,69.649718596094,2.69738180002189,7.93347588241733,-0.0157598004883668,68.8733980913466
00:00:53.8381,69.6496922067845,2.69774606192726,7.93454724096252,-0.015755279166236,68.8616325031424
00:00:53.8592,69.649665845346,2.69082287642968,7.91418493067552,-0.0157665366501021,68.8498650975118
00:00:53.8804,69.649639554482,2.6820676139322,7.88843415862413,-0.0157817645068438,68.8380888202674
00:00:53.9015,69.6496133327088,2.67583622605576,7.87010654722283,-0.0157915294827988,68.8263039149286
00:00:53.9288,69.6495796029082,2.67362727470678,7.86360963149054,-0.0157915084775882,68.8111183079833
00:00:53.9683,69.6495305865588,2.67604807356676,7.87072962813753,-0.0157792814954733,68.7890599950745
00:00:54.0000,69.6494913908634,2.67811065803861,7.87679605305474,-0.0157692335869585,68.7714410829739
00:00:54.0010,69.6494901201853,2.67774473492925,7.87571980861545,-0.0157698461414851,68.7708702293136
00:00:54.0020,69.6494888498839,2.67640168368678,7.87176965790231,-0.0157725769643526,68.7702993199037
00:00:54.0035,69.64948698921,2.67186728284182,7.8584331848289,-0.0157821419863654,68.7694617728988
00:00:54.0050,69.6494851328468,2.66407311608071,7.83550916494327,-0.0157987741284325,68.7686235270856
00:00:54.0065,69.6494832830121,2.65305448675108,7.80310143162082,-0.0158223973080915,68.7677842156829
00:00:54.0085,69.6494809030825,2.63439882646328,7.74823184253907,-0.0158625011071875,68.7666960540461
00:00:54.0124,69.6494761434906,2.5836604529757,7.59900133228147,-0.0159718190307599,68.7644793172792
00:00:54.0185,69.6494690342939,2.47902667670642,7.29125493148948,-0.0161976592776666,68.761028005633
00:00:54.0245,69.6494622487714,2.35172883315893,6.91684950929098,-0.0164727195787233,68.757523370474
00:00:54.0306,69.6494558335513,2.21298112802845,6.50876802361309,-0.0167727028353484,68.7539576811993
00:00:54.0367,69.6494498075931,2.07280736634423,6.09649225395362,-0.017075871014379,68.7503277820761
00:00:54.0428,69.6494441638748,1.93965127474994,5.70485669044099,-0.017363892130129,68.7466348175953
00:00:54.0488,69.6494388738681,1.82020034255477,5.35353041927872,-0.017622228393387,68.7428834957613
00:00:54.0549,69.6494338927024,1.71930799559434,5.05678822233628,-0.0178403131019833,68.7390812361568
00:00:54.0610,69.6494291643701,1.6400066794819,4.82354905729972,-0.0180115303045438,68.7352373092182
00:00:54.0671,69.6494246267087,1.58361292627592,4.65768507728212,-0.0181329933128235,68.7313620111434
00:00:54.0731,69.6494202159528,1.54991275652769,4.55856693096378,-0.0182051464361305,68.7274659087462
00:00:54.0792,69.6494158706803,1.53740700527737,4.52178530963934,-0.018231234049029,68.7235591840497
00:00:54.0853,69.6494115350218,1.54359362655954,4.53998125458688,-0.0182166871743764,68.7196511006936
00:00:54.0914,69.6494071610615,1.56526502500167,4.60372066176963,-0.0181684759421647,68.7157496046094
00:00:54.0974,69.6494027104126,1.59880100746609,4.70235590431203,-0.0180944708578569,68.7118610618461
00:00:54.1035,69.649398155001,1.64044119628713,4.82482704790331,-0.0180028486672135,68.7079901280053
00:00:54.1096,69.649393477133,1.68652435631738,4.96036575387464,-0.0179015705553357,68.7041397369174
00:00:54.1174,69.6493872310146,1.74690845708024,5.13796605023599,-0.0177688863196761,68.6991895594924
00:00:54.1253,69.6493807744199,1.80321217273858,5.30356521393701,-0.0176450779114538,68.6942746775418
00:00:54.1331,69.6493741299978,1.85094436506511,5.4439540148974,-0.0175399059321447,68.6893913341061
00:00:54.1427,69.6493658862377,1.89317718202706,5.56816818243252,-0.0174463908006109,68.6835088520451
00:00:54.1545,69.6493554125434,1.92029619741006,5.64792999238252,-0.0173853033520556,68.6761987377729
00:00:54.1644,69.6493466451561,1.92264900217332,5.65485000639213,-0.0173784156964009,68.6701425048661
00:00:54.1743,69.6493378979753,1.91044244374662,5.61894836396065,-0.0174031819267759,68.6640835379167
00:00:54.1841,69.6493292264094,1.88860113962682,5.55470923419652,-0.0174489009914272,68.6580126466374
00:00:54.1940,69.6493206626221,1.8623264602575,5.47743076546322,-0.0175042672176348,68.6519244943873
00:00:54.2039,69.6493122165309,1.83627940172307,5.40082176977374,-0.0175591457713242,68.6458174338041
00:00:54.2137,69.6493038794502,1.81403814316716,5.33540630343282,-0.0176057528397455,68.6396929037111
00:00:54.2266,69.6492931110682,1.79430712870901,5.27737390796766,-0.0176463619902146,68.6316732950197
00:00:54.2434,69.6492791697977,1.78508785540734,5.25025839825688,-0.0176633995812985,68.6211949321637
00:00:54.2602,69.6492652450108,1.79082352244741,5.26712800719827,-0.0176478946987678,68.6107156290301
00:00:54.2770,69.6492512509968,1.80451265187104,5.30739015256188,-0.017615077720522,68.6002496140535
00:00:54.2939,69.6492371542989,1.81873802323893,5.34922948011451,-0.0175810907161901,68.5898024427926
00:00:54.3107,69.6492229688733,1.82822739328558,5.37713939201641,-0.0175574116231781,68.5793717986757
00:00:54.3275,69.6492087365234,1.83097491306047,5.38522033253079,-0.0175484104698132,68.5689507398213
00:00:54.3512,69.6491886454147,1.82618070898606,5.37111973231193,-0.0175545882560595,68.5542305454867
00:00:54.3750,69.6491686231224,1.81717258632325,5.34462525389191,-0.0175699489676095,68.5395024906344
00:00:54.3987,69.6491486829304,1.80994091674719,5.32335563749173,-0.0175814448368682,68.5247643651753
00:00:54.4225,69.6491287949793,1.80720095191909,5.31529691740909,-0.0175831566481964,68.5100211291655
00:00:54.4564,69.6491003441345,1.8085464407243,5.31925423742441,-0.0175741306913659,68.4889274937143
00:00:54.4904,69.6490718739256,1.81083227884008,5.32597729070611,-0.0175630559727921,68.4678443902129
00:00:54.5000,69.649063879835,1.81116678157743,5.32696112228656,-0.0175606178384877,68.4619301019579
00:00:54.5008,69.6490632065132,1.81096894174364,5.32637924042246,-0.0175609054578748,68.4614320560396
00:00:54.5016,69.649062533364,1.81026199322209,5.32429998006496,-0.0175623034851164,68.4609339854848
00:00:54.5029,69.6490614064371,1.80729211488909,5.31556504379143,-0.0175685399538307,68.4600990532081
00:00:54.5042,69.649060282156,1.80186268524275,5.29959613306692,-0.017580141181187,68.4592636921823
00:00:54.5056,69.649059162038,1.79391029458955,5.27620674879279,-0.0175972457640024,68.4584276499401
00:00:54.5069,69.6490580476108,1.7835485463104,5.24573101856001,-0.0176196062720219,68.4575906722665
00:00:54.5092,69.6490561691554,1.76093030551632,5.17920678093035,-0.0176685344284949,68.4561635369355
00:00:54.5148,69.6490517266582,1.68458160467314,4.95465177845042,-0.0178340995722945,68.4526656158045
00:00:54.5204,69.6490475121231,1.58413652653635,4.65922507804809,-0.018052280943424,68.4491299487888
00:00:54.5260,69.6490435739133,1.46839790850134,4.31881737794512,-0.018303897949738,68.4455484758885
00:00:54.5315,69.6490399414185,1.34554778666401,3.95749349018826,-0.0185711104023564,68.4419162914252
00:00:54.5371,69.6490366243365,1.22280153343684,3.59647509834365,-0.0188381717719756,68.4382317664169
00:00:54.5427,69.6490336149596,1.10626239365166,3.25371292250488,-0.0190917484945765,68.4344961707599
00:00:54.5483,69.6490308912544,1.00083032104984,2.94361859132305,-0.0193211229634404,68.4307131628892
00:00:54.5539,69.6490284201136,0.910152983048413,2.67692053837769,-0.0195183055455248,68.4268882499564
00:00:54.5597,69.649026042425,0.83318811908708,2.45055329143259,-0.019685501201942,68.4228185195676
00:00:54.5656,69.6490238463234,0.776610522314658,2.28414859504311,-0.0198081529222018,68.4187187249359
00:00:54.5704,69.6490221486477,0.745618945390581,2.19299689820759,-0.0198750629936156,68.4153477967604
00:00:54.5752,69.6490205053645,0.727892465443599,2.14086019248117,-0.0199129695408554,68.4119679412993
00:00:54.5800,69.6490188879834,0.722446908072304,2.12484384727148,-0.0199240191827708,68.4085839108336
00:00:54.5849,69.6490172707484,0.727958343903582,2.14105395265759,-0.0199111040077519,68.4052000022587
00:00:54.5897,69.6490156310815,0.742859637174268,2.18488128580667,-0.0198776499916571,68.4018199826688
00:00:54.5945,69.6490139500227,0.765428132389416,2.25125921291005,-0.019827424648924,68.3984470157093
00:00:54.5993,69.6490122125029,0.793868003332845,2.33490589215543,-0.0197643563411749,68.3950836157962
00:00:54.6041,69.6490104074337,0.826385745361952,2.43054630988809,-0.0196923686577262,68.3917316330773
00:00:54.6102,69.6490080007535,0.870755125885699,2.56104448789911,-0.019594223852827,68.3874831580098
00:00:54.6164,69.6490054681259,0.915755858146953,2.69339958278516,-0.0194946997728589,68.3832559344032
00:00:54.6242,69.6490020427696,0.969747945338383,2.85219983923054,-0.0193752021595825,68.377866652565
00:00:54.6321,69.6489984365939,1.01601271211127,2.98827268268021,-0.0192726066311633,68.372507929388
00:00:54.6418,69.6489937612003,1.0584281772733,3.11302405080381,-0.0191780885845976,68.365886096177
00:00:54.6512,69.648989095507,1.08211868631901,3.18270201858532,-0.0191245805814584,68.3595066642073
00:00:54.6607,69.6489843616753,1.08930511032318,3.20383855977406,-0.0191071698472613,68.3531391643519
00:00:54.6701,69.6489796254606,1.08257303613583,3.18403834157597,-0.0191202056144267,68.3467726249765
00:00:54.6795,69.6489749388784,1.06577246585564,3.13462489957542,-0.0191552715541995,68.3403983655094
00:00:54.6890,69.6489703363854,1.04323637510253,3.06834227971333,-0.019202892709716,68.3340106339574
00:00:54.6984,69.6489658341864,1.01910543604415,2.99736892954162,-0.0192540113790814,68.3276067234837
00:00:54.7078,69.6489614320842,0.996827367267147,2.93184519784455,-0.0193010824994672,68.3211866646785
00:00:54.7201,69.6489558392838,0.974699024534287,2.86676183686555,-0.0193473298668767,68.3128304232036
00:00:54.7354,69.6489489610399,0.960235156324614,2.82422104801357,-0.0193762531524207,68.302346713223
00:00:54.7472,69.6489437047743,0.958836269246583,2.82010667425465,-0.0193772011450203,68.2942567934457
00:00:54.7590,69.648938439604,0.964032434035376,2.83538951186875,-0.0193637067082122,68.2861692446482
00:00:54.7709,69.6489331369685,0.973052170939971,2.86191814982344,-0.0193418368277562,68.2780888382056
00:00:54.7827,69.6489277835964,0.983068219699091,2.89137711676203,-0.0193177827688281,68.2700177919985
00:00:54.7945,69.6489223799886,0.991780857391881,2.91700252174083,-0.0192965820087027,68.2619560230054
00:00:54.8124,69.6489141549847,0.999470275251231,2.93961845662127,-0.0192765421837029,68.2497936904538
00:00:54.8317,69.6489052131812,1.00025559687135,2.94192822609221,-0.0192713652617747,68.2366337268363
00:00:54.8510,69.6488962874258,0.995352405007148,2.92750707355044,-0.0192786570626916,68.2234734385472
00:00:54.8704,69.6488874111293,0.988385576089015,2.90701640026181,-0.0192904763444497,68.2103072379789
00:00:54.8897,69.6488785890489,0.982595706651761,2.88998737250518,-0.019299719443719,68.1971343274419
00:00:54.9137,69.648867705573,0.979306307277243,2.88031266846248,-0.0193026579178938,68.1808073890652
00:00:54.9412,69.6488551963757,0.979703063113242,2.88147959739189,-0.0192968679899617,68.1620152256481
00:00:54.9688,69.648842677147,0.981572853504744,2.88697898089631,-0.0192878474013524,68.1432295314046
00:00:54.9964,69.6488301458135,0.982193466352369,2.88880431280109,-0.0192815694201082,68.1244506512164
00:00:55.0000,69.6488285170548,0.982126353512175,2.88860692209463,-0.0192810782634674,68.1220114291452
00:00:55.0005,69.6488282638046,0.982036159735664,2.88834164628136,-0.0192811769889581,68.121632147923
00:00:55.0011,69.648828010606,0.981756207913012,2.88751825856768,-0.0192816922940318,68.1212528600365
00:00:55.0021,69.6488275475752,0.980395887684885,2.88351731672025,-0.019284496934334,68.1205585497155
00:00:55.0029,69.6488271735584,0.978376903790715,2.87757912879622,-0.0192887822970174,68.1199966492851
00:00:55.0037,69.6488268004876,0.975440840629935,2.86894364891157,-0.0192950810640253,68.1194345947195
00:00:55.0046,69.6488264287132,0.971582843692786,2.85759659909643,-0.0193034039609372,68.1188723273298
00:00:55.0058,69.6488258707087,0.964080215149109,2.8355300445562,-0.0193196537425374,68.1180228186303
00:00:55.0080,69.6488249212561,0.946751057082146,2.78456193259455,-0.019357318141245,68.1165560091174
00:00:55.0113,69.6488234657731,0.909375753830182,2.67463457008877,-0.0194387798984079,68.114232291073
00:00:55.0154,69.6488217997995,0.850504988923811,2.50148526154062,-0.0195673313093386,68.1114105859253
00:00:55.0195,69.6488202559711,0.779804708688591,2.2935432608488,-0.0197218865355189,68.1085685227864
00:00:55.0236,69.6488188534031,0.700695750565526,2.06086985460449,-0.0198949430311612,68.1057028951243
00:00:55.0277,69.6488176051862,0.616379070918399,1.81287962034823,-0.020079477174998,68.1028115044976
00:00:55.0318,69.648816518537,0.529792453324383,1.55821309801289,-0.0202690389194577,68.0998931359719
00:00:55.0359,69.6488155953212,0.443586936292789,1.30466745968467,-0.0204578036571904,68.0969474710998
00:00:55.0400,69.6488148326538,0.360102516904293,1.05912504971851,-0.0206406261076867,68.0939749879074
00:00:55.0454,69.6488140592431,0.257953606631955,0.758687078329279,-0.0208643083059639,68.0900239776446
00:00:55.0524,69.6488134020571,0.143345246714358,0.421603666806936,-0.0211151779831857,68.0848299336031
00:00:55.0582,69.6488131160159,0.0669136932077627,0.196804980022831,-0.021282331102911,68.0804959719907
00:00:55.0640,69.6488130098612,0.00905186686742081,0.0266231378453553,-0.0214086540053338,68.0761320234007
00:00:55.0686,69.6488130229561,-0.0231751981050288,-0.0681623473677319,-0.0214809945827067,68.0726705696323
00:00:55.0731,69.6488130919615,-0.0437687991880322,-0.128731762317742,-0.0215273988491358,68.069199568976
00:00:55.0777,69.6488131929553,-0.0533994042145934,-0.157057071219392,-0.0215486793082149,68.0657231180159
00:00:55.0823,69.6488133038814,-0.0530286749865489,-0.155966691136908,-0.0215470360323774,68.0622450557519
00:00:55.0868,69.648813404912,-0.0438430178249452,-0.128950052426309,-0.0215251860060407,68.0587688491494
00:00:55.0914,69.6488134788613,-0.0271930308132663,-0.0799795023919597,-0.0214862239871852,68.055297505172
00:00:55.0960,69.6488135114873,-0.00453216486738314,-0.0133298966687739,-0.0214334814725032,68.0518335153139
00:00:55.1006,69.6488134916521,0.0226459964722802,0.0666058719772946,-0.0213723348247024,68.0483786386078
00:00:55.1051,69.6488134113459,0.0528681412125319,0.155494532978035,-0.0213050004126091,68.0449341047361
00:00:55.1097,69.6488132655913,0.0847335088904659,0.249216202619017,-0.0212340479554738,68.0415007030623
00:00:55.1153,69.6488129972013,0.12376068018476,0.364002000543412,-0.0211471549574868,68.0373382963475
00:00:55.1208,69.6488126306187,0.161334020130409,0.474511823912967,-0.0210634624799183,68.0331925700757
00:00:55.1283,69.6488119942838,0.206602957129371,0.607655756262855,-0.0209624888721716,68.0276304951902
00:00:55.1386,69.6488109050038,0.254492791062858,0.748508209008407,-0.0208552558033219,68.0200442481829
00:00:55.1461,69.6488099815979,0.277793328840285,0.817039202471427,-0.0208026374554851,68.0145114419914
00:00:55.1536,69.648808995251,0.290524624884139,0.854484190835703,-0.0207732869294672,68.0089895570815
00:00:55.1612,69.6488079813648,0.293452020928798,0.863094179202346,-0.0207655215501097,68.0034726479898
00:00:55.1687,69.6488069712215,0.288082125277098,0.847300368462053,-0.0207760271320288,67.9979554604824
00:00:55.1762,69.6488059901748,0.276368327769943,0.812848022852774,-0.0208005055025757,67.9924337352488
00:00:55.1837,69.6488050565457,0.260455571748818,0.76604579926123,-0.020834235703356,67.9869043936615
00:00:55.1912,69.6488041813094,0.242460503006119,0.713119126488585,-0.0208725576295424,67.9813655905888
00:00:55.1988,69.648803368479,0.224294253991297,0.659688982327344,-0.0209112621966862,67.9758166503487
00:00:55.2063,69.6488026160247,0.20753477307866,0.610396391407822,-0.0209468727680974,67.9702579126806
00:00:55.2174,69.6488015973108,0.187878915535804,0.55258504569354,-0.0209882465637216,67.9620399894642
00:00:55.2293,69.6488005945598,0.17486914623084,0.514321018325999,-0.0210148431745688,67.9532230219795
00:00:55.2389,69.6487998185924,0.170647533070702,0.501904509031475,-0.0210224601228117,67.9460426758503
00:00:55.2486,69.6487990507326,0.171470899688572,0.504326175554624,-0.0210189569914267,67.9388615433548
00:00:55.2583,69.6487982712951,0.176062779903865,0.517831705599603,-0.0210071454249451,67.9316829347132
00:00:55.2680,69.6487974668758,0.182903513238425,0.537951509524779,-0.0209903743776343,67.9245091043903
00:00:55.2776,69.6487966307039,0.190502521030378,0.560301532442288,-0.0209719297555011,67.9173411916484
00:00:55.2873,69.6487957620904,0.197596905210862,0.58116736826724,-0.0209545963218114,67.9101793128991
00:00:55.3010,69.6487944841782,0.205016953150391,0.602991038677621,-0.0209358344953204,67.9000213618592
00:00:55.3182,69.6487928416066,0.208952200637185,0.614565295991721,-0.020924154221173,67.8873156805288
00:00:55.3322,69.6487914993321,0.208023120742951,0.611832708067502,-0.0209237739144895,67.877022631192
00:00:55.3461,69.6487901704611,0.204501691989768,0.601475564675789,-0.0209291150507308,67.8667285208131
00:00:55.3600,69.6487888670017,0.199852672892274,0.587801979094922,-0.0209369469484461,67.8564313273077
00:00:55.3739,69.6487875920539,0.195421108677952,0.574767966699859,-0.0209443015116855,67.8461305276779
00:00:55.3918,69.6487859882984,0.191466902613716,0.563137948863871,-0.0209499152958579,67.8328973521754
00:00:55.4159,69.6487838647964,0.18956550138149,0.557545592298499,-0.0209499307239308,67.8151203363441
00:00:55.4399,69.64878174925,0.190292451869398,0.559683681968819,-0.020944143607802,67.7973455300472
00:00:55.4639,69.6487796250315,0.191593845030274,0.56351130891257,-0.020937088504732,67.7795757330693
00:00:55.4879,69.648777493763,0.191881266072526,0.564356664919194,-0.0209322751413716,67.7618106705161
00:00:55.5000,69.6487764291918,0.191441699563089,0.56306382224438,-0.0209311605322969,67.752938653678
00:00:55.5004,69.6487763919352,0.191385747271067,0.562899256679608,-0.0209312111553859,67.7526279196107
00:00:55.5008,69.648776354703,0.191244258344929,0.562483112779203,-0.0209314508644126,67.752317182505
00:00:55.5014,69.6487762983969,0.190743923680928,0.561011540238022,-0.0209324462007429,67.7518463835621
00:00:55.5021,69.6487762423053,0.189817215394694,0.558285927631454,-0.0209343840851283,67.7513755509467
00:00:55.5027,69.6487761865604,0.188400041080814,0.554117767884748,-0.0209374062211754,67.7509046623546
00:00:55.5033,69.6487761313097,0.186465288595787,0.548427319399372,-0.0209415725698949,67.7504336929162
00:00:55.5041,69.6487760624895,0.183277083248227,0.539050244847727,-0.0209484808293256,67.7498386759578
00:00:55.5053,69.6487759696998,0.177536597060662,0.522166461943124,-0.0209609781622009,67.7490158718465
00:00:55.5068,69.648775847284,0.167180481301177,0.491707297944638,-0.0209836062606947,67.7478778923253
00:00:55.5089,69.6487756956263,0.149041311868946,0.438356799614546,-0.0210233489346296,67.7463367572017
00:00:55.5117,69.6487755228162,0.117738663200699,0.346290185884408,-0.0210920721555528,67.7442443690722
00:00:55.5153,69.6487753679534,0.0672748828710778,0.197867302561994,-0.0212030286834566,67.7415133589235
00:00:55.5190,69.6487753057421,0.00782223939806178,0.0230065864648876,-0.0213338826172989,67.7387668004243
00:00:55.5227,69.6487753493313,-0.0582963410569363,-0.171459826638048,-0.0214849228466199,67.7360020527201
00:00:55.5263,69.6487755082367,-0.128873213667321,-0.379038863727414,-0.0216468717146535,67.733217218071
00:00:55.5300,69.6487757883321,-0.201843345033729,-0.593656897158028,-0.0218143656849324,67.730411182079
00:00:55.5336,69.6487761920962,-0.275299270756261,-0.809703737518416,-0.0219830119013331,67.7275834880477
00:00:55.5384,69.6487769119676,-0.369819676272255,-1.08770493021252,-0.0222000484264928,67.7238193230375
00:00:55.5446,69.6487781306088,-0.482275144454251,-1.41845630721839,-0.0224582644677811,67.7189369899928
00:00:55.5508,69.6487796494257,-0.580242816231406,-1.70659651832767,-0.0226831478662882,67.7140020871715
00:00:55.5570,69.6487814218739,-0.659836341617298,-1.94069512240382,-0.0228657092292592,67.709022789218
00:00:55.5632,69.6487833926108,-0.718843196595795,-2.11424469586998,-0.0230008170907434,67.7040088239408
00:00:55.5694,69.6487855022036,-0.756677806862692,-2.22552296136086,-0.023087095777524,67.6989706443786
00:00:55.5745,69.6487872980684,-0.772359028486313,-2.27164420143033,-0.0231224449886159,67.6948253975536
00:00:55.5796,69.648789116068,-0.775305863693658,-2.28031136380488,-0.0231284069635662,67.6906764046384
00:00:55.5846,69.6487909279739,-0.767018341562096,-2.25593629871205,-0.023108439138818,67.6865286352701
00:00:55.5897,69.6487927095979,-0.749288939754081,-2.20379099927671,-0.0230666762612253,67.6823863483727
00:00:55.5948,69.6487944411222,-0.724086481410247,-2.12966612179484,-0.0230076618033634,67.6782530337072
00:00:55.5999,69.6487961073882,-0.693450466513309,-2.03956019562738,-0.022936103358423,67.6741313607163
00:00:55.6050,69.6487976979733,-0.659395477123958,-1.93939846212929,-0.0228566514068682,67.6700231649408
00:00:55.6100,69.6487992070475,-0.623828134725333,-1.8347886315451,-0.0227737072330501,67.6659294731707
00:00:55.6151,69.648800633046,-0.588478858137879,-1.73082017099376,-0.0226912651998185,67.661850561188
00:00:55.6214,69.6488022920834,-0.547269159786035,-1.60961517584128,-0.0225950894908483,67.6568069088146
00:00:55.6299,69.6488043363344,-0.500373317041488,-1.47168622659261,-0.0224854323275242,67.6501070934263
00:00:55.6403,69.648806674201,-0.45882655806235,-1.34948987665397,-0.022387767092548,67.6417930267936
00:00:55.6473,69.6488081254353,-0.442600844731704,-1.30176719038736,-0.0223491429335154,67.6363077024478
00:00:55.6542,69.648809538958,-0.435502782921693,-1.28089053800498,-0.0223315873440584,67.63082930549
00:00:55.6612,69.6488109426558,-0.436600930691471,-1.28412038438668,-0.022332953055029,67.6253529253852
00:00:55.6681,69.6488123603645,-0.444457106253444,-1.30722678309836,-0.0223499230968001,67.619874364267
00:00:55.6751,69.6488138109278,-0.457350360453229,-1.34514811898009,-0.0223785271541869,67.6143903026127
00:00:55.6820,69.6488153075868,-0.473459612532972,-1.3925282721558,-0.0224145626164597,67.6088984071091
00:00:55.6889,69.6488168578754,-0.491019460299749,-1.44417488323456,-0.0224539540180877,67.6033973493129
00:00:55.6959,69.6488184639802,-0.508446474395904,-1.49543080704678,-0.0224930446509295,67.5978867425837
00:00:55.7049,69.6488206197541,-0.528579574937648,-1.55464580864014,-0.0225380517066488,67.5907422273983
00:00:55.7184,69.6488239814177,-0.550276490652705,-1.6184602666256,-0.0225859303823837,67.5799993990565
00:00:55.7291,69.6488267424061,-0.559283783450958,-1.64495230426752,-0.0226049487285055,67.5714106520567
00:00:55.7399,69.6488295304508,-0.560939048702817,-1.64982073147887,-0.0226069779961367,67.5628178186041
00:00:55.7507,69.6488323129573,-0.556721490522037,-1.63741614859423,-0.0225954321989526,67.5542266449225
00:00:55.7614,69.648835066283,-0.548792975143858,-1.61409698571723,-0.0225753057049725,67.5456413002808
00:00:55.7722,69.648837777635,-0.539449394800334,-1.58661586705981,-0.0225519047889272,67.5370640415307
00:00:55.7829,69.6488404447331,-0.530691701395566,-1.56085794528108,-0.0225298557126868,67.5284952718396
00:00:55.7937,69.648843073751,-0.523952359819246,-1.54103635240955,-0.0225124716862821,67.5199339030879
00:00:55.8124,69.6488475915071,-0.518745662003649,-1.52572253530485,-0.0224973055152344,67.5050770710562
00:00:55.8260,69.6488508523722,-0.519750448463921,-1.52867778959977,-0.0224973659219577,67.4943069710108
00:00:55.8395,69.6488541274563,-0.523615068210804,-1.54004431826707,-0.0225040450154133,67.4835354447457
00:00:55.8531,69.6488574297689,-0.528739872333259,-1.55511727156841,-0.0225136432920539,67.4727601949744
00:00:55.8666,69.6488607626812,-0.533628592638853,-1.56949586070251,-0.0225226985378468,67.4619806251728
00:00:55.8837,69.6488649878672,-0.537885238829105,-1.5820154083209,-0.0225297130359243,67.4484236639473
00:00:55.9063,69.6488706313478,-0.539811629292869,-1.58768126262608,-0.0225304035504316,67.4304109613398
00:00:55.9289,69.6488762807138,-0.538753212303772,-1.58456827148168,-0.0225241836673613,67.4124002335097
00:00:55.9516,69.6488819173773,-0.536888284609626,-1.57908319002831,-0.0225160960348463,67.3943947631118
00:00:55.9742,69.6488875416975,-0.536029066488425,-1.57655607790713,-0.0225103394800821,67.3763944854752
00:00:56.0000,69.6488939362368,-0.536999045867668,-1.57940895843432,-0.0225083103715059,67.3559375238425
00:00:56.0004,69.648894055207,-0.537080517397732,-1.57964858058157,-0.0225084197422625,67.3555571019122
00:00:56.0009,69.6488941742241,-0.537276864268667,-1.58022607137843,-0.0225087954501084,67.3551766730269
00:00:56.0017,69.648894359778,-0.537977008342611,-1.58228531865474,-0.0225102948913787,67.3545840834829
00:00:56.0024,69.6488945456816,-0.539258573554777,-1.58605462810228,-0.0225131424138482,67.3539914353585
00:00:56.0031,69.6488947321418,-0.541195193735222,-1.59175056980948,-0.0225175087839655,67.3533986920323
00:00:56.0039,69.6488949193868,-0.543809600056414,-1.59944000016592,-0.0225234467564305,67.3528058131692
00:00:56.0049,69.6488951666518,-0.548253480980786,-1.61251023817878,-0.0225335881640276,67.3520277299606
00:00:56.0063,69.6488955431089,-0.557004848089042,-1.63824955320307,-0.0225536359391342,67.3508567050783
00:00:56.0086,69.6488961342673,-0.574867110939949,-1.69078562041162,-0.0225946815213951,67.3490593947587
00:00:56.0119,69.6488970371592,-0.60941575961118,-1.79239929297406,-0.0226742560499417,67.3464305119312
00:00:56.0163,69.6488983405812,-0.668520339642764,-1.96623629306695,-0.0228106137153553,67.3428987084611
00:00:56.0207,69.6488997752282,-0.739059158408365,-2.17370340708343,-0.0229735236520765,67.339343797989
00:00:56.0251,69.6489013603238,-0.817251296301415,-2.40368028323946,-0.0231542270073702,67.3357623735825
00:00:56.0295,69.6489031080515,-0.899564898685142,-2.64577911377983,-0.0233445372607047,67.3321522727696
00:00:56.0350,69.6489055644637,-1.00448086592974,-2.95435548802865,-0.0235871752189297,67.3275334601192
00:00:56.0406,69.6489082851315,-1.10533180570895,-3.25097589914396,-0.0238204477575506,67.3228680254084
00:00:56.0462,69.6489112538049,-1.1975230706099,-3.52212667826441,-0.0240336761099962,67.3181588337589
00:00:56.0518,69.6489144438846,-1.27750664394065,-3.75737248217839,-0.0242186034686332,67.3134105860912
00:00:56.0589,69.6489187918642,-1.35823557798848,-3.99481052349553,-0.0244050693060005,67.3072828422558
00:00:56.0675,69.6489243365776,-1.42110437403566,-4.17971874716369,-0.0245498462722237,67.299816294302
00:00:56.0741,69.6489286926417,-1.44360536508196,-4.24589813259399,-0.0246011363597792,67.2941087765295
00:00:56.0807,69.6489330875585,-1.44599791443672,-4.25293504246095,-0.0246056851985041,67.2883946050084
00:00:56.0873,69.6489374644478,-1.43130517968462,-4.20972111671947,-0.0245705109353951,67.282683866344
00:00:56.0938,69.648941777251,-1.40328870773151,-4.12731972862208,-0.0245043543071846,67.2769847297659
00:00:56.1004,69.6489459917703,-1.36604588301396,-4.01778200886459,-0.0244167405965907,67.271303261713
00:00:56.1070,69.6489500861289,-1.32366714294017,-3.89313865570637,-0.0243171806482438,67.2656433434351
00:00:56.1136,69.648954050367,-1.2799520899246,-3.76456497036647,-0.0242145094373079,67.2600067425312
00:00:56.1202,69.6489578852613,-1.23819063507843,-3.64173716199538,-0.0241163766015244,67.2543933221604
00:00:56.1288,69.6489627477145,-1.19087057786621,-3.5025605231359,-0.0240049891315778,67.247049575207
00:00:56.1374,69.648967445234,-1.15510272884025,-3.39736096717721,-0.0239204554589502,67.2397354987363
00:00:56.1485,69.64897328041,-1.12885300778531,-3.32015590525091,-0.023857670309787,67.2304384466296
00:00:56.1571,69.6489777693895,-1.12309066710419,-3.3032078444241,-0.0238429060364428,67.2231914257803
00:00:56.1657,69.6489822565095,-1.1284617940735,-3.31900527668676,-0.0238540355855082,67.2159451485777
00:00:56.1743,69.6489867806762,-1.14219118231178,-3.35938583032877,-0.0238846108309021,67.2086927115102
00:00:56.1829,69.6489913686795,-1.16107514179284,-3.414926887626,-0.0239271848879841,67.2014293591873
00:00:56.1915,69.6489960347868,-1.1819523061704,-3.47633031226589,-0.0239744060157827,67.1941525571359
00:00:56.2001,69.6490007816162,-1.2020609856437,-3.53547348718734,-0.0240198488194047,67.1868618378346
00:00:56.2121,69.6490075079785,-1.2246992721927,-3.60205668291971,-0.0240706604775503,67.176689322449
00:00:56.2267,69.6490158553391,-1.2408948438157,-3.64969071710501,-0.024106071560503,67.1642365635961
00:00:56.2413,69.649024269047,-1.24430666434244,-3.65972548336011,-0.0241117258060301,67.1517732074678
00:00:56.2560,69.6490326748699,-1.23780667356531,-3.64060786342739,-0.0240942982394603,67.1393124372242
00:00:56.2706,69.6490410229648,-1.22621214401441,-3.60650630592474,-0.0240649998278651,67.1268631084031
00:00:56.2853,69.6490492950583,-1.21442697605818,-3.57184404722993,-0.0240352512248721,67.1144284701124
00:00:56.2999,69.6490575007419,-1.20602147426485,-3.54712198313191,-0.0240133718286671,67.1020068202211
00:00:56.3186,69.6490679352622,-1.20240383323658,-3.53648186246054,-0.0240020099699673,67.0861472430244
00:00:56.3373,69.6490783663091,-1.20551259281177,-3.54562527297579,-0.0240063277956163,67.0702902174202
00:00:56.3560,69.6490888360664,-1.21212475519304,-3.56507280939128,-0.0240188192898342,67.054428240242
00:00:56.3747,69.6490993594934,-1.21866248184159,-3.58430141718115,-0.0240311444438597,67.038558647267
00:00:56.3934,69.6491099270862,-1.22274324659722,-3.59630366646241,-0.0240377446104062,67.0226831256951
00:00:56.4208,69.6491253996733,-1.22374854410327,-3.59926042383314,-0.024035826807232,66.9994808947616
00:00:56.4481,69.6491408684248,-1.22158990607286,-3.59291148844959,-0.0240265281817895,66.9762834621052
00:00:56.4754,69.6491563166649,-1.21972021310157,-3.58741239147521,-0.0240179042228938,66.9530937943174
00:00:56.5000,69.6491701726996,-1.21990093256793,-3.58794391931745,-0.0240145076258483,66.9322873748627
00:00:56.5008,69.6491706342982,-1.22011747714926,-3.58858081514489,-0.0240148863829647,66.9315942457897
00:00:56.5016,69.6491710960841,-1.22076680318737,-3.59049059760991,-0.0240162762727889,66.9309010870046
00:00:56.5027,69.6491717162614,-1.22266890803643,-3.59608502363655,-0.0240205497598576,66.9299710896399
00:00:56.5038,69.6491723377539,-1.22590189856382,-3.60559381930536,-0.0240279328987079,66.9290408644599
00:00:56.5049,69.649172961235,-1.2305114872684,-3.61915143314236,-0.0240385326705715,66.9281102914472
00:00:56.5062,69.6491737468085,-1.23816176301361,-3.64165224415768,-0.0240561943505759,66.926942975232
00:00:56.5085,69.6491750443138,-1.25477555988403,-3.69051635260009,-0.0240946663029953,66.9250318484986
00:00:56.5131,69.6491777607807,-1.30193599252038,-3.82922350741287,-0.0242041665681923,66.9211213353882
00:00:56.5194,69.6491817168315,-1.38967936888319,-4.08729226142114,-0.0244082822375665,66.9156796400676
00:00:56.5258,69.6491859531645,-1.49477314996604,-4.39639161754717,-0.0246530289423836,66.9101881786396
00:00:56.5321,69.6491905055138,-1.60736143669531,-4.72753363733915,-0.0249153875666818,66.9046405610467
00:00:56.5384,69.649195383975,-1.71876717540862,-5.05519757473124,-0.0251750720509416,66.8990349671911
00:00:56.5448,69.6492005753514,-1.82183973651993,-5.35835216623508,-0.0254153452190741,66.893373732907
00:00:56.5511,69.6492060477555,-1.91112099436336,-5.6209441010687,-0.025623413927347,66.8876625330766
00:00:56.5574,69.6492117557641,-1.98290798212098,-5.83208230035584,-0.0257905837418436,66.8819094641476
00:00:56.5654,69.6492191855902,-2.04551635682797,-6.01622457890579,-0.0259360730204959,66.8746236183842
00:00:56.5734,69.6492267897204,-2.0773004870602,-6.10970731488295,-0.026009398748073,66.8673069510969
00:00:56.5814,69.6492344607015,-2.08088251213764,-6.12024268275777,-0.0260166697284054,66.8599786558005
00:00:56.5894,69.6492421039773,-2.06116493350357,-6.06224980442227,-0.0259693517360767,66.8526556285373
00:00:56.5973,69.649249645393,-2.02447240343643,-5.95433059834245,-0.0258822541918376,66.8453511233651
00:00:56.6053,69.6492570348938,-1.97765807974474,-5.81664141101394,-0.0257714317193474,66.838074088798
00:00:56.6133,69.6492642470478,-1.92731548696792,-5.66857496167037,-0.0256523334009625,66.8308290728554
00:00:56.6213,69.649271279002,-1.8791644847327,-5.52695436686088,-0.0255383617911229,66.823616587941
00:00:56.6293,69.6492781465603,-1.83764038333461,-5.40482465686651,-0.0254399097392788,66.8164338116181
00:00:56.6372,69.6492848791254,-1.80568863418758,-5.31084892408111,-0.0253638799210196,66.8092754905802
00:00:56.6481,69.6492938919547,-1.77986017468253,-5.23488286671332,-0.0253017729060948,66.7995688322282
00:00:56.6589,69.6493028234321,-1.77339421560877,-5.2158653400258,-0.0252850366931928,66.7898773221614
00:00:56.6698,69.6493117601009,-1.78285345121247,-5.24368662121314,-0.0253056289389966,66.7801854885549
00:00:56.6806,69.6493207679693,-1.80292090535683,-5.30270854516716,-0.0253510994118735,66.7704815265205
00:00:56.6915,69.6493298855544,-1.82769005913529,-5.37555899745674,-0.0254076091136345,66.7607585433229
00:00:56.7023,69.6493391235919,-1.85182135318799,-5.44653339172938,-0.0254626396594575,66.7510146130813
00:00:56.7132,69.6493484696961,-1.87133909965329,-5.50393852839203,-0.0255068634008358,66.7412519461779
00:00:56.7265,69.649360066001,-1.88585705784385,-5.54663840542307,-0.025539011500316,66.7292282283817
00:00:56.7442,69.6493755247629,-1.88949207476179,-5.55732963165233,-0.0255450050120882,66.7132604052905
00:00:56.7619,69.6493909652576,-1.88036451668042,-5.53048387258947,-0.0255210424338315,66.6972974417699
00:00:56.7796,69.6494063179006,-1.86628353260187,-5.48906921353491,-0.0254854426133383,66.6813517992441
00:00:56.7973,69.649421569956,-1.85439064739193,-5.45409013938802,-0.025454971374106,66.6654257626389
00:00:56.8150,69.6494367527375,-1.8487449560202,-5.4374851647653,-0.025439166741699,66.6495137260515
00:00:56.8366,69.6494552676801,-1.85040221464966,-5.44235945485193,-0.0254399573172326,66.6300958307782
00:00:56.8583,69.6494738215998,-1.85746738670893,-5.46313937267331,-0.0254534633216515,66.610673313482
00:00:56.8799,69.6494924419624,-1.86483061811262,-5.48479593562534,-0.0254676806491964,66.5912412447459
00:00:56.9015,69.6495111169616,-1.86904721159066,-5.497197681149,-0.0254745081744413,66.5718017359139
00:00:56.9293,69.6495352152235,-1.86930160485797,-5.4979458966411,-0.0254711302551108,66.5467433261809
00:00:56.9572,69.649559303077,-1.86675449312169,-5.49045439153439,-0.0254611628152358,66.5216906968147
00:00:56.9850,69.6495833680738,-1.86494822859232,-5.48514184880094,-0.0254529399812642,66.4966460791911
00:00:57.0000,69.649596237025,-1.86495902741705,-5.48517361005015,-0.0254508425845984,66.4832496345472
00:00:57.0010,69.6495971527664,-1.86532109769889,-5.4862385226438,-0.0254515443275874,66.4822964140695
00:00:57.0021,69.6495980689053,-1.86645505384033,-5.48957368776567,-0.0254540640809893,66.4813431278301
00:00:57.0036,69.6495993689804,-1.86996930525761,-5.49990972134592,-0.0254621272648075,66.4799918176421
00:00:57.0051,69.6496006723518,-1.8758700041221,-5.51726471800617,-0.0254758117905585,66.478639926549
00:00:57.0066,69.6496019806341,-1.88412220011843,-5.54153588270127,-0.0254950358311663,66.4772871644295
00:00:57.0086,69.6496037732362,-1.89881704192163,-5.58475600565186,-0.0255293599981275,66.4754430381812
00:00:57.0130,69.6496077016923,-1.9418454075966,-5.71131002234296,-0.0256301020391072,66.4714534812073
00:00:57.0194,69.6496135845173,-2.02530196708665,-5.95677049143131,-0.0258258517604851,66.4656384217474
00:00:57.0258,69.6496197368424,-2.12541126186798,-6.25120959372936,-0.0260609157681754,66.4597751148849
00:00:57.0322,69.6496261929894,-2.23263885171886,-6.56658485799664,-0.0263128456652739,66.4538573729398
00:00:57.0386,69.6496329624086,-2.3385871223933,-6.87819741880383,-0.0265618498104142,66.4478834772764
00:00:57.0450,69.6496400318509,-2.43635365604928,-7.16574604720377,-0.0267916411886402,66.4418557922838
00:00:57.0514,69.6496473698894,-2.52069759251307,-7.41381644856784,-0.0269898362857086,66.4357799559626
00:00:57.0578,69.6496549320203,-2.58809794556995,-7.61205278108808,-0.0271481005506424,66.4296639648466
00:00:57.0666,69.6496655031148,-2.64971714816837,-7.79328572990698,-0.0272924710851141,66.4212747231027
00:00:57.0753,69.6496762537615,-2.67700757353969,-7.87355168688144,-0.0273558219297033,66.4128534833055
00:00:57.0840,69.6496870551758,-2.67371193976303,-7.86385864636186,-0.027346951352103,66.4044234359778
00:00:57.0927,69.6496977976427,-2.64633800638333,-7.78334707759803,-0.0272812067115467,66.3960043454427
00:00:57.1015,69.6497084003114,-2.60293322303225,-7.65568595009485,-0.0271775860345316,66.3876107807205
00:00:57.1102,69.6497188150771,-2.55183667710386,-7.50540199148193,-0.0270557839119068,66.3792514129019
00:00:57.1189,69.6497290257106,-2.50063207543734,-7.35480022187454,-0.0269337136468907,66.3709291702283
00:00:57.1277,69.6497390433917,-2.45540081484565,-7.2217671024872,-0.0268257410139084,66.3626420420795
00:00:57.1364,69.6497488999068,-2.42030373852474,-7.11854040742571,-0.0267416964835635,66.3543843043524
00:00:57.1474,69.6497611959102,-2.39352858702655,-7.03978996184278,-0.0266770009334156,66.3439819655277
00:00:57.1608,69.649776030064,-2.3860676229,-7.01784594970589,-0.0266576203254622,66.3313654504277
00:00:57.1742,69.6497908808773,-2.40020284134507,-7.05942012160315,-0.0266892774484054,66.3187467575518
00:00:57.1876,69.6498058509067,-2.4266420273549,-7.13718243339677,-0.0267500348624482,66.3061073932899
00:00:57.2010,69.6498209866992,-2.45562316621541,-7.22242107710414,-0.0268168277470525,66.2934389552685
00:00:57.2144,69.6498362818508,-2.47938392242453,-7.29230565418979,-0.0268713001924082,66.2807425882067
00:00:57.2278,69.6498516927774,-2.49354158147444,-7.33394582786599,-0.0269030754611858,66.2680261461682
00:00:57.2446,69.6498710758977,-2.49707548103755,-7.34433965011043,-0.0269092910924404,66.2520753198706
00:00:57.2614,69.6498904449427,-2.48897530316283,-7.32051559753774,-0.0268879747971245,66.2361283090786
00:00:57.2781,69.6499097375002,-2.47587977299453,-7.28199933233686,-0.0268548264825706,66.2201963828346
00:00:57.2949,69.6499289382657,-2.46409561123698,-7.24734003304995,-0.0268247732401771,66.2042823086421
00:00:57.3117,69.6499480701828,-2.45753382108364,-7.22804065024601,-0.0268070799960057,66.1883819463255
00:00:57.3335,69.6499728357223,-2.45760931667337,-7.22826269609815,-0.0268044693918026,66.1677821639503
00:00:57.3552,69.6499976291465,-2.46385253481872,-7.24662510240799,-0.0268164790208484,66.1471794811565
00:00:57.3770,69.650022485185,-2.47119691573406,-7.26822622274722,-0.0268311101863452,66.1265676144966
00:00:57.3988,69.6500473977997,-2.47583911273502,-7.28187974333828,-0.02683934545101,66.1059476490705
00:00:57.4273,69.6500801051447,-2.47656785353006,-7.28402309861783,-0.0268374438866914,66.0789002035537
00:00:57.4654,69.6501237038494,-2.47364030485274,-7.2754126613316,-0.0268256617807592,66.0428410819297
00:00:57.5000,69.65016331405,-2.47191828756456,-7.27034790460165,-0.0268171833790818,66.0100690436287
00:00:57.5013,69.6501648281462,-2.47243344858986,-7.27186308408783,-0.0268182392430514,66.0088161874913
00:00:57.5026,69.6501663429357,-2.47418199869546,-7.27700587851605,-0.0268222246836821,66.0075632135408
00:00:57.5043,69.6501683041827,-2.47892272748774,-7.29094919849334,-0.0268332683933872,66.0059426789983
00:00:57.5060,69.650170270338,-2.48655784766599,-7.31340543431173,-0.0268511879026976,66.004321268172
00:00:57.5077,69.6501722436063,-2.49695183110991,-7.34397597385267,-0.0268756620454934,66.0026985815129
00:00:57.5105,69.6501754634124,-2.51894046745763,-7.4086484336989,-0.0269275487869904,66.0000644353321
00:00:57.5169,69.6501830013086,-2.58801856530789,-7.6118193097291,-0.027090880274631,65.9939862969274
00:00:57.5232,69.6501907706325,-2.67646633287721,-7.87195980258003,-0.0273002986782787,65.9878663842907
00:00:57.5296,69.650198812666,-2.77512176456961,-8.16212283696945,-0.0275340575786352,65.9816971985574
00:00:57.5360,69.650207145877,-2.87568374681627,-8.45789337298902,-0.0277724359588509,65.9754753730897
00:00:57.5424,69.6502157663342,-2.9711390943584,-8.73864439517177,-0.0279987542721777,65.9692016025402
00:00:57.5487,69.650224651404,-3.05595941426429,-8.98811592430673,-0.0281998474891326,65.9628799762372
00:00:57.5566,69.6502359865949,-3.14044371755607,-9.23659916928255,-0.0284000424360806,65.9549776344931
00:00:57.5663,69.6502501219599,-3.20788252239295,-9.43494859527338,-0.0285595462625692,65.9452947326736
00:00:57.5759,69.6502644712145,-3.23635645644385,-9.51869546012897,-0.0286263182967572,65.9355733407331
00:00:57.5855,69.6502788735381,-3.2303474919303,-9.50102203508911,-0.0286109793613256,65.9258426613013
00:00:57.5952,69.6502931948108,-3.19812471149777,-9.40624915146403,-0.0285331951776392,65.9161270595513
00:00:57.6048,69.650307341166,-3.14986889163806,-9.26432026952372,-0.028417203731291,65.9064435942702
00:00:57.6144,69.6503212636243,-3.09583436522562,-9.10539519184005,-0.0282874282731073,65.8968011710598
00:00:57.6240,69.6503349553318,-3.04488360780312,-8.95554002295034,-0.0281649807676088,65.8872010415214
00:00:57.6337,69.6503484434493,-3.00353648580603,-8.83393084060596,-0.0280653952022576,65.8776382757542
00:00:57.6433,69.6503617780004,-2.97555662896743,-8.75163714402187,-0.0279976425599369,65.8681037879135
00:00:57.6568,69.6503803000476,-2.95997257840894,-8.70580170120276,-0.0279589784508856,65.8547921408935
00:00:57.6702,69.6503987946492,-2.96752355100623,-8.72801044413599,-0.0279754462129345,65.8414862079547
00:00:57.6837,69.6504173768096,-2.99001031180715,-8.79414797590339,-0.028027530818093,65.8281650773793
00:00:57.6972,69.6504361096398,-3.01784576086439,-8.8760169437188,-0.0280923937472959,65.8148172640691
00:00:57.7107,69.6504550020648,-3.04270646427139,-8.94913665962175,-0.0281501895451352,65.8014411336747
00:00:57.7241,69.6504740211485,-3.05925825219904,-8.99781838882071,-0.0281881859505068,65.7880426684693
00:00:57.7410,69.6504980107781,-3.06604289502366,-9.01777322065782,-0.0282025087657475,65.7711892202468
00:00:57.7580,69.6505220073504,-3.06031279597211,-9.00091998815326,-0.0281869656252348,65.7543356267542
00:00:57.7749,69.6505459394629,-3.04815808263143,-8.9651708312689,-0.0281560778562973,65.7374948893504
00:00:57.7918,69.6505697815817,-3.03602105918698,-8.92947370349111,-0.0281252219019489,65.7206716622205
00:00:57.8088,69.6505935490959,-3.02835354888177,-8.90692220259345,-0.028105032721735,65.7038631462628
00:00:57.8313,69.6506251294147,-3.02695574214224,-8.90281100630071,-0.0280991998342859,65.6815084700232
00:00:57.8605,69.6506661198553,-3.03395170087808,-8.92338735552377,-0.0281126972537201,65.6525153711621
00:00:57.8897,69.6507072007987,-3.04226293189,-8.94783215261765,-0.0281293602334628,65.623509083602
00:00:57.9189,69.6507483529662,-3.0457862846211,-8.95819495476795,-0.0281345881044435,65.5944931100014
00:00:57.9540,69.6507977538256,-3.04407872185566,-8.95317271134017,-0.0281266669417442,65.5596725019128
00:00:57.9890,69.650847125875,-3.041038825446,-8.94423183954707,-0.0281155589602077,65.5248619009075
00:00:58.0000,69.6508625336055,-3.04039384706102,-8.94233484429711,-0.0281128198704182,65.5139953326745
00:00:58.0015,69.6508646904338,-3.04107006452309,-8.94432371918555,-0.0281142730823024,65.5124741996397
00:00:58.0030,69.6508668483581,-3.04335956643812,-8.95105754834741,-0.0281195920536813,65.5109528752981
00:00:58.0052,69.6508699624572,-3.05039447481868,-8.97174845534907,-0.0281362089865948,65.5087600805501
00:00:58.0074,69.6508730859997,-3.06180478490536,-9.00530819089812,-0.0281633123841276,65.5065655782949
00:00:58.0096,69.6508762231905,-3.07723565233694,-9.05069309510865,-0.0282000535633971,65.5043685996846
00:00:58.0134,69.6508815550186,-3.11079936544071,-9.14940989835504,-0.0282800965330904,65.5006570221317
00:00:58.0205,69.6508919252374,-3.19386974083036,-9.39373453185401,-0.0284784824000215,65.4935389827547
00:00:58.0276,69.6509025933128,-3.2933573671311,-9.6863451974444,-0.0287163138892743,65.4863666517257
00:00:58.0347,69.6509135931526,-3.39823683843844,-9.99481423070129,-0.0289671771109813,65.4791338046955
00:00:58.0418,69.6509249277982,-3.49897968060964,-10.2911167076754,-0.0292082183129561,65.4718398610718
00:00:58.0489,69.6509365724585,-3.58810178498913,-10.5532405440857,-0.0294214628539226,65.4644893353595
00:00:58.0560,69.6509484811898,-3.66036972443971,-10.7657933071756,-0.0295943206110363,65.4570906195829
00:00:58.0655,69.6509647561172,-3.72597157850569,-10.9587399367814,-0.0297510169241109,65.4471096503205
00:00:58.0773,69.6509851762682,-3.75820322156425,-11.0535388869537,-0.0298274106698118,65.4346977506875
00:00:58.0869,69.6510018419651,-3.74894009398828,-11.0262943940832,-0.0298043181325959,65.424594416087
00:00:58.0965,69.6510184190811,-3.71627299963132,-10.930214704798,-0.0297249784905327,65.414507603388
00:00:58.1061,69.6510348241543,-3.66977977818879,-10.7934699358494,-0.0296123954782641,65.4044526154706
00:00:58.1157,69.6510510165371,-3.61894149914786,-10.643945585729,-0.0294893498862489,65.394436910049
00:00:58.1253,69.6510669941421,-3.57181329823087,-10.5053332300908,-0.0293752005110905,65.3844608765761
00:00:58.1349,69.6510827853504,-3.53419792870373,-10.3946997903051,-0.0292838963431508,65.3745193182533
00:00:58.1472,69.6511028449992,-3.5047454356256,-10.3080748106635,-0.0292119409602408,65.3618080161203
00:00:58.1639,69.6511299187683,-3.49691716317401,-10.2850504799236,-0.0291915426714899,65.3445929419887
00:00:58.1776,69.6511522413448,-3.51234971381746,-10.3304403347572,-0.0292273603075242,65.3304054665581
00:00:58.1914,69.6511746870808,-3.53783349591101,-10.4053926350324,-0.0292873764541258,65.3161960191826
00:00:58.2051,69.6511972920953,-3.5640999587128,-10.4826469373906,-0.0293493053498811,65.3019579611955
00:00:58.2189,69.6512200411863,-3.58419308621513,-10.541744371221,-0.0293964046630752,65.2876940708479
00:00:58.2355,69.651247744992,-3.59566839903955,-10.5754952912928,-0.0294225122755837,65.2703764381749
00:00:58.2588,69.6512863341454,-3.59200963074982,-10.5647342080877,-0.0294115935565083,65.2462709619514
00:00:58.2820,69.6513248338277,-3.57669041341484,-10.5196776865142,-0.0293725773919341,65.2221836597561
00:00:58.3052,69.6513631913459,-3.56268239441467,-10.4784776306314,-0.0293367020564958,65.1981242215796
00:00:58.3284,69.6514014527716,-3.55741474118255,-10.4629845328899,-0.0293218836140671,65.1740841849845
00:00:58.3516,69.6514397024506,-3.56084039139153,-10.473059974681,-0.0293280301134909,65.1500480402347
00:00:58.3802,69.6514868845225,-3.56932940760038,-10.4980276694129,-0.0293459184760865,65.1204332870519
00:00:58.4087,69.65153415143,-3.57534014671662,-10.5157063138724,-0.0293578477688025,65.0908055269263
00:00:58.4373,69.6515814582253,-3.57591146382416,-10.5173866583064,-0.0293566572862094,65.0611730226555
00:00:58.4834,69.6516575893387,-3.57226074116225,-10.5066492387125,-0.0293437093991827,65.0134764921906
00:00:58.5000,69.6516850373506,-3.57061948187536,-10.5018220055158,-0.029338255882532,64.9962756962209
00:00:58.5018,69.6516880488647,-3.57152172398183,-10.5044756587701,-0.0293402746688656,64.9943883843523
00:00:58.5036,69.6516910621155,-3.57464940676947,-10.5136747257926,-0.0293476750926734,64.9925007625791
00:00:58.5060,69.6516950069274,-3.58295929363882,-10.5381155695259,-0.0293675582150086,64.9900324726033
00:00:58.5084,69.6516989634446,-3.59591282281151,-10.5762141847397,-0.0293986735544789,64.9875620410335
00:00:58.5107,69.6517029364484,-3.61303267813076,-10.6265667003846,-0.0294398687993028,64.9850885855975
00:00:58.5156,69.6517111955988,-3.65857630532185,-10.7605185450643,-0.0295496046005388,64.9799787667347
00:00:58.5237,69.6517250187265,-3.75381165917869,-11.0406225269961,-0.029779340366261,64.9715425039722
00:00:58.5317,69.6517392181198,-3.86269809335563,-11.3608767451636,-0.0300422234084965,64.9630369722997
00:00:58.5398,69.6517538174146,-3.97145293480919,-11.6807439259094,-0.0303049132353678,64.9544577761597
00:00:58.5478,69.6517687970375,-4.06893108747278,-11.9674443749199,-0.0305404120928586,64.9458084982736
00:00:58.5559,69.6517841021098,-4.14730373004262,-12.1979521471842,-0.0307297229668554,64.9370992492864
00:00:58.5657,69.6518031377135,-4.21102703046708,-12.3853736190208,-0.0308834862406894,64.9263895244149
00:00:58.5785,69.6518280097994,-4.24149926763363,-12.4749978459813,-0.0309565120965431,64.91249664509
00:00:58.5888,69.6518481575308,-4.22875336082043,-12.437509884766,-0.0309249269420955,64.9012633841038
00:00:58.5990,69.6518681943473,-4.19250762633571,-12.3309047833403,-0.0308363411132058,64.8900508896804
00:00:58.6093,69.6518880336124,-4.14376720884001,-12.1875506142353,-0.0307174299076197,64.878875194518
00:00:58.6196,69.6519076403468,-4.09305509930648,-12.0383973509014,-0.0305937108781708,64.8677427784751
00:00:58.6299,69.6519270242564,-4.0488311360362,-11.9083268706947,-0.0304857042268132,64.8566518547677
00:00:58.6402,69.651946227988,-4.01661454011372,-11.813572176805,-0.0304068028698318,64.8455945404988
00:00:58.6542,69.6519721818097,-3.99557238814852,-11.7516834945545,-0.0303547204362226,64.8305865057797
00:00:58.6681,69.6519980735455,-3.99794485390116,-11.7586613350034,-0.0303594454101735,64.8155904691612
00:00:58.6821,69.6520240272578,-4.01650262580931,-11.8132430170862,-0.030403466452403,64.800583463236
00:00:58.6961,69.6520501166621,-4.04185676548925,-11.8878140161448,-0.03046401475312,64.7855518299085
00:00:58.7101,69.652076359257,-4.06542106434143,-11.9571207774748,-0.0305202476708706,64.7704923156962
00:00:58.7241,69.652102727172,-4.08145649743708,-12.0042838159914,-0.0305582174769105,64.7554100717746
00:00:58.7430,69.652138409016,-4.08823518614546,-12.0242211357219,-0.0305733693897861,64.7350372633043
00:00:58.7669,69.6521837225549,-4.07947523951015,-11.9984565867946,-0.0305503994065092,64.7091612811403
00:00:58.7909,69.6522289155286,-4.06377449496065,-11.9522779263549,-0.0305105365849316,64.6833090866048
00:00:58.8149,69.6522739747707,-4.0528632631201,-11.9201860680003,-0.0304823056369777,64.657483130317
00:00:58.8389,69.6523189691158,-4.05134871119917,-11.915731503527,-0.0304769343389813,64.6316706434406
00:00:58.8736,69.6523841758042,-4.05876792359855,-11.9375527164663,-0.0304925736111021,64.5942838749375
00:00:58.9083,69.6524494842856,-4.06650609693768,-11.9603120498167,-0.0305090222305929,64.5568811505915
00:00:58.9430,69.6525148549804,-4.06796027404524,-11.9645890413095,-0.030510179403704,64.5194698026278
00:00:58.9877,69.6525989511664,-4.06433085480736,-11.9539142788452,-0.030498267540921,64.4713383607842
00:00:59.0000,69.6526219709963,-4.06285767199291,-11.9495813882144,-0.0304938367634329,64.4581605161987
00:00:59.0020,69.6526258294701,-4.06392150386801,-11.9527103054941,-0.0304962938187954,64.455951667569
00:00:59.0041,69.6526296902921,-4.06766527542705,-11.9637213983149,-0.0305052933827825,64.4537423917565
00:00:59.0066,69.6526345485579,-4.07701355435263,-11.9912163363313,-0.0305279406034447,64.4509654677548
00:00:59.0092,69.6526394208801,-4.09128896196486,-12.0332028293084,-0.0305626199957554,64.4481859417715
00:00:59.0124,69.6526455800794,-4.11524685613507,-12.1036672239267,-0.0306209016939361,64.4446834142271
00:00:59.0195,69.6526591504562,-4.18388350248798,-12.3055397131999,-0.0307880640971512,64.4370260320475
00:00:59.0285,69.6526767567561,-4.29101964464337,-12.620646013657,-0.0310492386963209,64.4272296878296
00:00:59.0374,69.6526948138404,-4.40446821171335,-12.9543182697452,-0.0313259804036688,64.4173494887958
00:00:59.0464,69.652713316362,-4.50880826008712,-13.2612007649621,-0.0315805993977442,64.4073863900118
00:00:59.0554,69.6527322061401,-4.59293397699867,-13.5086293441137,-0.0317859053175335,64.3973512036284
00:00:59.0644,69.6527513885816,-4.65055675434307,-13.678108101009,-0.0319264623411259,64.3872615472611
00:00:59.0766,69.6527778338705,-4.68471148795265,-13.7785631998607,-0.0320095013267408,64.3734363049906
00:00:59.0889,69.6528043507124,-4.67451943968463,-13.7485865873077,-0.0319840172289634,64.3595979444734
00:00:59.1011,69.6528307319162,-4.63359716322906,-13.6282269506737,-0.0318832849021761,64.3457851509605
00:00:59.1134,69.6528568505357,-4.57846360107462,-13.4660694149254,-0.0317477232131901,64.3320216413435
00:00:59.1256,69.6528826676643,-4.52446059068588,-13.3072370314291,-0.0316148913496755,64.3183146969459
00:00:59.1379,69.6529082185279,-4.48279579833095,-13.1846935245028,-0.0315122390575313,64.304657752846
00:00:59.1501,69.6529335860921,-4.45919304130374,-13.1152736508934,-0.0314537980353675,64.2910353222632
00:00:59.1671,69.6529687680033,-4.45532635991376,-13.1039010585699,-0.0314434428091054,64.2721084377723
00:00:59.1842,69.6530040049569,-4.47516285553723,-13.1622436927566,-0.0314911821514404,64.2531717868449
00:00:59.2012,69.6530394208767,-4.50402388789052,-13.2471290820309,-0.0315610822594727,64.2342021890676
00:00:59.2183,69.653075037536,-4.52869556090257,-13.319692826184,-0.0316207549027808,64.2151955519095
00:00:59.2353,69.6531107975857,-4.54156746996861,-13.3575513822606,-0.0316515162326154,64.1961625845063
00:00:59.2570,69.6531563610637,-4.54050986655734,-13.3544407839922,-0.0316478909684605,64.1719312956542
00:00:59.2787,69.6532018648191,-4.52787260124066,-13.3172723565902,-0.0316158354727206,64.1477119840328
00:00:59.3003,69.6532472481258,-4.5141472461327,-13.2769036650962,-0.0315810904219943,64.1235160269951
00:00:59.3220,69.6532925319496,-4.5066373179641,-13.2548156410709,-0.0315615992938417,64.0993395044154
00:00:59.3499,69.6533507866291,-4.50767073643374,-13.2578551071581,-0.0315628036947576,64.0682263941292
00:00:59.3850,69.6534240891701,-4.51587842368147,-13.281995363769,-0.0315813282875439,64.0291017452011
00:00:59.4201,69.6534974849201,-4.52152653907716,-13.298607467874,-0.0315935906387514,63.9899616454739
00:00:59.4552,69.6535709143557,-4.52080499301362,-13.2964852735695,-0.0315901944664362,63.9508172434444
00:00:59.5000,69.6536645310386,-4.51660637735344,-13.2841364039807,-0.031577798449254,63.9008990401476
00:00:59.5024,69.6536697296707,-4.51815531111531,-13.2886920915156,-0.0315815034368201,63.8981269579191
00:00:59.5049,69.6536749322237,-4.52344963533981,-13.3042636333524,-0.0315944424029781,63.8953541481303
00:00:59.5074,69.6536801433731,-4.53313463826678,-13.3327489360788,-0.0316182078243459,63.8925797315021
00:00:59.5099,69.6536853679734,-4.54695932421625,-13.3734097771066,-0.0316521828463991,63.8898027948652
00:00:59.5138,69.6536935363766,-4.57523149726876,-13.4565632272611,-0.0317217282809914,63.8854743773029
00:00:59.5223,69.6537117864325,-4.65700932957555,-13.6970862634575,-0.0319230718915942,63.8758802346244
00:00:59.5308,69.6537303878192,-4.75469231628726,-13.9843891655508,-0.0321637603526214,63.8662200785838
00:00:59.5394,69.6537493719305,-4.85393804248198,-14.2762883602411,-0.0324084308622791,63.8564879674617
00:00:59.5479,69.6537687236322,-4.94308443182535,-14.5384836230157,-0.0326282890265685,63.8466867161901
00:00:59.5564,69.6537883889685,-5.01398939274285,-14.7470276257143,-0.0328031964825985,63.8368264562734
00:00:59.5674,69.6538139869115,-5.07162543922231,-14.9165454094774,-0.0329453468129324,63.8240913361994
00:00:59.5817,69.6538476105795,-5.0922465467312,-14.97719572568,-0.0329960134105418,63.8074391122234
00:00:59.5933,69.6538749229287,-5.07114137739064,-14.9151216982078,-0.0329436005684948,63.7939171312524
00:00:59.6049,69.653902073408,-5.02903502896676,-14.791279496961,-0.0328392418584952,63.7804257803709
00:00:59.6166,69.6539289832602,-4.97923389129992,-14.6448055626468,-0.0327158223805863,63.7669799239024
00:00:59.6282,69.6539556408077,-4.93330952075228,-14.5097338845655,-0.0326019537657709,63.753581778231
00:00:59.6398,69.6539820863249,-4.89923601861293,-14.4095177018027,-0.0325173627972238,63.7402237589794
00:00:59.6547,69.6540158858413,-4.87810910816746,-14.3473797299043,-0.0324646769975533,63.723093211633
00:00:59.6742,69.6540598985421,-4.88293990025175,-14.3615879419169,-0.0324760759912803,63.7007661610981
00:00:59.6937,69.6541040369935,-4.90923934723382,-14.43893925657,-0.032540642136048,63.678415735023
00:00:59.7131,69.6541484054273,-4.93813716107408,-14.5239328266885,-0.0326116985661994,63.6560222271253
00:00:59.7326,69.6541929732062,-4.95606372734793,-14.5766580216116,-0.0326556278661847,63.6335913968199
00:00:59.7520,69.6542376320568,-4.95872648854281,-14.5844896721847,-0.0326617572307974,63.6111436853791
00:00:59.7789,69.6542992081458,-4.94659249233859,-14.5488014480547,-0.0326310246432771,63.5801742729862
00:00:59.8058,69.6543606315507,-4.93087586483102,-14.5025760730324,-0.0325913834479077,63.5492343690553
00:00:59.8326,69.6544219250801,-4.92321837621498,-14.4800540476911,-0.0325717204077078,63.5183196673133
00:00:59.8595,69.6544831852373,-4.925402270522,-14.4864772662412,-0.032576490349229,63.4874119004954
00:00:59.8961,69.6545667950714,-4.93344234341072,-14.5101245394433,-0.0325955990162376,63.4452536679883
00:00:59.9328,69.6546504901921,-4.93776707035414,-14.522844324571,-0.0326055114550447,63.4030803691131
00:00:59.9694,69.6547342011326,-4.93582039474053,-14.5171188080604,-0.0325998475055539,63.3609051500437
00:01:00.0000,69.6548039792749,-4.93221181416405,-14.5065053357766,-0.0325901889267526,63.3257406530332
00:01:00.0028,69.6548104409606,-4.93415586215327,-14.5122231239802,-0.0325949680069949,63.322484239457
00:01:00.0056,69.6548169082533,-4.94060731266927,-14.531197978439,-0.032610973143494,63.3192267667783
00:01:00.0084,69.6548233873456,-4.95218486913611,-14.5652496151062,-0.0326397475621902,63.3159670584087
00:01:00.0113,69.6548298845615,-4.96845347596385,-14.6130984587172,-0.032680210472502,63.3127039125254
00:01:00.0159,69.6548406148556,-5.00313633120483,-14.7151068564848,-0.0327665178910618,63.30733219378
00:01:00.0251,69.6548621245877,-5.08990100171677,-14.9702970638729,-0.0329825596287784,63.2966462243551
00:01:00.0343,69.6548840242446,-5.18838936872392,-15.2599687315409,-0.0332279464409001,63.2858861658687
00:01:00.0435,69.6549063287979,-5.28332897319547,-15.5392028623396,-0.0334646216697254,63.2750491318349
00:01:00.0527,69.6549290006387,-5.36306640545947,-15.7737247219396,-0.0336635005424416,63.2641422375503
00:01:00.0619,69.6549519621956,-5.42040037657304,-15.9423540487442,-0.0338065709352901,63.2531802119663
00:01:00.0746,69.6549837732281,-5.45874919814305,-16.0551447004207,-0.033902327840623,63.2380703906126
00:01:00.0872,69.6550156892884,-5.45543175235012,-16.0453875069121,-0.0338940894895926,63.2229405585062
00:01:00.0999,69.6550475067294,-5.42215266282546,-15.9475078318396,-0.0338110148481151,63.2078294989298
00:01:00.1125,69.6550790956387,-5.37410664670344,-15.806196019716,-0.0336910205379858,63.1927619701695
00:01:00.1251,69.6551104106993,-5.32585394715879,-15.6642763151729,-0.0335704665844419,63.1777466229549
00:01:00.1378,69.6551414795686,-5.28823024271662,-15.5536183609312,-0.033476427544877,63.1627782041394
00:01:00.1504,69.6551723777072,-5.26686683603807,-15.4907848118767,-0.0334229896227734,63.1478423460523
00:01:00.1691,69.6552179374073,-5.26376049199495,-15.4816485058675,-0.0334151407128309,63.1257918079869
00:01:00.1878,69.6552635597281,-5.28349184962744,-15.5396819106689,-0.0334644077118041,63.1037293704639
00:01:00.2065,69.6553093670149,-5.31013679308801,-15.6180493914353,-0.0335310152325969,63.0816316782815
00:01:00.2251,69.655355365247,-5.3303204096867,-15.6774129696668,-0.0335815059925795,63.0594975645456
00:01:00.2438,69.6554014786174,-5.33767544959635,-15.6990454399893,-0.0335999166708858,63.0373414785791
00:01:00.2704,69.6554671572366,-5.33040129540988,-15.6776508688526,-0.0335817017418106,63.005783173069
00:01:00.2970,69.6555327148419,-5.31523418787434,-15.6330417290422,-0.0335436950319923,62.9742480006607
00:01:00.3236,69.6555981325379,-5.30488147147541,-15.602592563163,-0.0335177338516079,62.9427395817106
00:01:00.3502,69.6556634853199,-5.30392611177376,-15.5997826816875,-0.0335153343315186,62.9112435789836
00:01:00.3924,69.6557671852013,-5.31093456032125,-15.6203957656507,-0.0335329476153504,62.8612837264596
00:01:00.4346,69.6558709740651,-5.3159077969478,-15.6350229321994,-0.0335455006869549,62.8113067623826
00:01:00.4768,69.6559747819948,-5.31398367295708,-15.6293637439914,-0.0335407518946199,62.7613260414256
00:01:00.5000,69.6560316598732,-5.31101219326947,-15.6206240978514,-0.0335333333199326,62.7339355303336
00:01:00.5031,69.6560393789352,-5.31324049231137,-15.6271779185628,-0.0335389487275034,62.7302183455341
00:01:00.5062,69.6560471051244,-5.32055051387239,-15.6486779819776,-0.0335573536662602,62.726499791479
00:01:00.5094,69.6560548460218,-5.33349826401662,-15.6867596000489,-0.0335899505071561,62.7227784126335
00:01:00.5125,69.6560626092322,-5.3514747173076,-15.739631521493,-0.0336352099793812,62.7190527484441
00:01:00.5180,69.6560761830713,-5.39160377736639,-15.8576581687247,-0.0337362600003674,62.7125600209901
00:01:00.5279,69.6561011593047,-5.4809894317072,-16.12055715208,-0.0339614308079206,62.7006995992515
00:01:00.5378,69.6561265567633,-5.57775297827792,-16.4051558184645,-0.0342053259238162,62.6887582070134
00:01:00.5479,69.6561529470433,-5.66761337135346,-16.6694510922161,-0.0344319763734828,62.6764694297133
00:01:00.5581,69.6561797051524,-5.73668229553105,-16.872594986856,-0.034606338965327,62.6641098543566
00:01:00.5682,69.656206722775,-5.77895072260571,-16.9969138900168,-0.0347132011034959,62.6517002777093
00:01:00.5833,69.656247149808,-5.79390239922802,-17.0408894094942,-0.0347513399355504,62.6331800468009
00:01:00.5984,69.6562875363581,-5.76497662787888,-16.9558136114085,-0.0346787656684546,62.614667395023
00:01:00.6135,69.6563276598207,-5.71369691911979,-16.8049909385876,-0.0345497271803675,62.5962051812427
00:01:00.6286,69.656367437846,-5.66175270106391,-16.6522138266585,-0.0344189503506975,62.5778092846976
00:01:00.6437,69.6564069142143,-5.62475107282008,-16.5433855082944,-0.034325845417572,62.5594713019339
00:01:00.6588,69.6564462095595,-5.60932141145862,-16.4980041513489,-0.0342871823899756,62.5411680187423
00:01:00.6804,69.656502318361,-5.61796678227897,-16.5234317125852,-0.0343094633496747,62.5150265808865
00:01:00.7020,69.6565585856287,-5.64480972740701,-16.6023815511971,-0.0343777785561693,62.4888542389932
00:01:00.7236,69.6566150880173,-5.6695064270387,-16.675018903055,-0.0344407355237836,62.462636179724
00:01:00.7452,69.6566717555848,-5.68009560150197,-16.7061635338293,-0.0344680562956008,62.4363858613294
00:01:00.7667,69.6567284568329,-5.6758581395288,-16.6937004103788,-0.034457871236686,62.4101286416383
00:01:00.7938,69.6567993592027,-5.66141702711992,-16.6512265503527,-0.0344219759774697,62.3772651529837
00:01:00.8208,69.6568701134262,-5.64929379845297,-16.6155699954499,-0.0343919278305918,62.3444296510787
00:01:00.8478,69.6569407806113,-5.64618447204812,-16.6064249177886,-0.0343847144994915,62.3116103328561
00:01:00.8864,69.6570416655167,-5.65149967110149,-16.6220578561808,-0.0343991741663244,62.2647619081297
00:01:00.9249,69.6571426244128,-5.65699648060031,-16.6382249429421,-0.0344141403710306,62.2178977984609
00:01:00.9635,69.6572436150607,-5.65645794212855,-16.6366410062605,-0.03441381326664,62.1710261450409
00:01:01.0000,69.657339027838,-5.65235205598559,-16.6245648705458,-0.0344043758699366,62.1267329535632
00:01:01.0030,69.6573469514811,-5.65413769197606,-16.6298167411061,-0.0344090015644914,62.1230544140549
00:01:01.0060,69.6573548807052,-5.66021903851315,-16.6477030544505,-0.0344245551301298,62.1193747824388
00:01:01.0090,69.6573628217895,-5.67111012885297,-16.679735673097,-0.0344523467209693,62.1156928401911
00:01:01.0121,69.6573707810456,-5.68633179760212,-16.724505287065,-0.034491160420861,62.1120073620947
00:01:01.0176,69.6573853793133,-5.72243410576274,-16.830688546361,-0.0345831905352677,62.1052657595513
00:01:01.0281,69.6574134980608,-5.80793671646281,-17.0821668131259,-0.034801172253441,62.0923609223231
00:01:01.0386,69.6574420447243,-5.90077370889138,-17.355216790857,-0.0350379732874984,62.0793728389046
00:01:01.0492,69.6574710116458,-5.98398826225359,-17.5999654772164,-0.0352504142245674,62.0663029467555
00:01:01.0597,69.6575003273905,-6.04602651629763,-17.7824309302872,-0.0354090169749914,62.0531650817374
00:01:01.0725,69.6575363000746,-6.08580286370669,-17.8994201873726,-0.0355110754347784,62.0371181199435
00:01:01.0887,69.6575818164984,-6.08571794850343,-17.8991704367748,-0.0355117128103855,62.0168479718459
00:01:01.1049,69.6576272026198,-6.04720317107663,-17.7858916796371,-0.0354143081885513,61.9966027029351
00:01:01.1210,69.6576722680375,-5.99461162927411,-17.6312106743356,-0.0352809283005533,61.976419380266
00:01:01.1372,69.6577169833779,-5.94946822996291,-17.4984359704791,-0.035166486973628,61.9563037518801
00:01:01.1534,69.6577614429707,-5.9243579706619,-17.4245822666526,-0.0351031272358916,61.9362374838784
00:01:01.1695,69.6578057965092,-5.92142161990996,-17.4159459409117,-0.0350963594560334,61.9161914453695
00:01:01.1896,69.6578608733998,-5.93826194288374,-17.4654763025992,-0.0351402960460786,61.8913144666579
00:01:01.2097,69.6579161250702,-5.96247802533476,-17.536700074514,-0.035203131832813,61.8664027551933
00:01:01.2297,69.6579715580077,-5.98017523390721,-17.5887506879624,-0.0352493596989703,61.8414550158972
00:01:01.2498,69.6580270918254,-5.98515197091054,-17.6033881497369,-0.0352630899798886,61.8164869011353
00:01:01.2797,69.6581099247081,-5.97566220695938,-17.5754770792923,-0.0352403062403304,61.7792340700034
00:01:01.3096,69.6581926110628,-5.96080036252559,-17.5317657721341,-0.0352037475756952,61.7420082773678
00:01:01.3395,69.6582751603409,-5.95311192728923,-17.5091527273213,-0.0351855434163765,61.7048076846922
00:01:01.3695,69.6583576683627,-5.95463110894348,-17.5136209086573,-0.0351909444786048,61.6676135630532
00:01:01.4133,69.6584785399198,-5.96065520243538,-17.5313388306923,-0.0352086446200413,61.6131393133678
00:01:01.4571,69.6585994621617,-5.96195754146084,-17.5351692395907,-0.0352142765465829,61.5586516332194
00:01:01.5000,69.6587176535218,-5.95793658260562,-17.5233428900165,-0.0352062075496769,61.5053839170488
00:01:01.5034,69.6587272809647,-5.96017742335637,-17.529933598107,-0.0352121561152914,61.501044871523
00:01:01.5069,69.658736916297,-5.96753969358834,-17.5515873340834,-0.0352312779240812,61.496704254976
00:01:01.5104,69.6587465679302,-5.98043908730236,-17.5895267273599,-0.0352646458586812,61.4923604168665
00:01:01.5139,69.6587562440811,-5.99813913394028,-17.6415856880596,-0.0353103697943357,61.4880117442936
00:01:01.5207,69.6587751095219,-6.04178482717856,-17.7699553740546,-0.035423049544747,61.4795579962425
00:01:01.5321,69.6588072269651,-6.12863366394245,-18.0253931292425,-0.0356472701345647,61.4652530867623
00:01:01.5435,69.6588397955461,-6.21615607370636,-18.2828119814893,-0.0358733850818825,61.4508592911765
00:01:01.5549,69.6588727746852,-6.28774172886808,-18.4933580260826,-0.0360586002012939,61.4363845245432
00:01:01.5663,69.6589060594419,-6.33368464147342,-18.6284842396277,-0.0361778481981799,61.4218493619182
00:01:01.5812,69.6589498514713,-6.35250641767366,-18.6838424049225,-0.0362275213680839,61.4027761292218
00:01:01.5961,69.6589936497282,-6.33361604537124,-18.628282486386,-0.036179966553025,61.3837010734791
00:01:01.6110,69.6590372570254,-6.29340352562438,-18.5100103694835,-0.0360773805139384,61.3646629872875
00:01:01.6260,69.6590805867467,-6.24962426162498,-18.3812478283088,-0.0359655366083542,61.345678933882
00:01:01.6409,69.6591236572956,-6.21597559424528,-18.2822811595449,-0.0358797787710478,61.326745317051
00:01:01.6558,69.6591665566716,-6.19924672014128,-18.2330785886508,-0.0358376529979606,61.3078448356478
00:01:01.6777,69.6592293435541,-6.20202375410595,-18.2412463356057,-0.0358463665318949,61.280167018229
00:01:01.6995,69.6592922351414,-6.22286557515426,-18.3025458092772,-0.0359017766123596,61.2524673590396
00:01:01.7214,69.6593553195522,-6.24406801707423,-18.3649059325713,-0.0359581833548232,61.2247284623752
00:01:01.7432,69.6594185512861,-6.25417611113901,-18.3946356209971,-0.0359859575226508,61.1969592653694
00:01:01.7702,69.6594966536045,-6.25008176194207,-18.3825934174767,-0.0359773999000749,61.1626654616125
00:01:01.7972,69.6595746644071,-6.23730213109122,-18.3450062679154,-0.0359463526258146,61.1283877947285
00:01:01.8242,69.6596525462208,-6.22691483782635,-18.3144554053716,-0.0359214796456228,61.0941336697684
00:01:01.8579,69.6597495971008,-6.22412172963765,-18.3062403812872,-0.0359167825020907,61.0514237651923
00:01:01.9072,69.6598918417161,-6.22882108001586,-18.3200620000467,-0.0359327426709758,60.9888244441697
00:01:01.9566,69.660034131443,-6.23102444937244,-18.3265424981542,-0.0359422925070766,60.9262095642234
00:01:02.0000,69.6601592561072,-6.22759315543487,-18.3164504571614,-0.035936777966938,60.8711379658871
00:01:02.0040,69.6601710020375,-6.23048156527336,-18.3249457802157,-0.0359446117492697,60.8659683352401
00:01:02.0081,69.6601827595361,-6.23951533769158,-18.3515156990929,-0.0359684328162891,60.8607963625809
00:01:02.0122,69.6601945399785,-6.25491824490951,-18.3968183673809,-0.0360088286966852,60.855619790167
00:01:02.0162,69.6602063541106,-6.27557961152504,-18.4575870927207,-0.0360629158151377,60.8504364843779
00:01:02.0247,69.6602309852848,-6.32826897947748,-18.6125558219926,-0.0362007379509561,60.8396648266739
00:01:02.0371,69.6602675951638,-6.41409519406753,-18.8649858649045,-0.0364252691692887,60.8237490248484
00:01:02.0495,69.6603046657869,-6.49249525374557,-19.0955742757223,-0.0366306302590648,60.8077412072354
00:01:02.0619,69.660342113356,-6.54837053100312,-19.2599133264798,-0.0367774436710451,60.7916579637871
00:01:02.0743,69.6603797959312,-6.57523542020065,-19.3389277064725,-0.0368487277424287,60.7755274642991
00:01:02.0918,69.6604330026806,-6.56986498033474,-19.3231322951022,-0.0368365137527755,60.752767407877
00:01:02.1093,69.6604860502954,-6.53225667885557,-19.2125196436929,-0.0367401871408507,60.7300379223967
00:01:02.1268,69.6605387819257,-6.48651367632496,-19.0779814009558,-0.0366225677078001,60.7073702415326
00:01:02.1443,69.6605912036332,-6.45198233380746,-18.9764186288455,-0.0365341374923234,60.6847631941057
00:01:02.1618,69.6606434327452,-6.43773877040028,-18.9345257952949,-0.0364986243782247,60.6621934505155
00:01:02.1854,69.6607137282244,-6.4454655050832,-18.9572514855388,-0.0365210652882785,60.6318084388874
00:01:02.2089,69.6607841638483,-6.46714419601898,-19.0210123412323,-0.0365800128927931,60.6013935890327
00:01:02.2325,69.6608547915778,-6.4846706583666,-19.0725607599018,-0.0366281764433332,60.5709385043037
00:01:02.2561,69.6609255296884,-6.48900136651867,-19.0852981368196,-0.0366418698530708,60.540459449696
00:01:02.2879,69.6610211086329,-6.47919225010077,-19.056447794414,-0.0366193990633186,60.4992640272028
00:01:02.3198,69.6611165393753,-6.46568926792352,-19.0167331409515,-0.0365872330079827,60.458094613874
00:01:02.3516,69.6612118426744,-6.4594659226863,-18.9984291843715,-0.0365741277880281,60.4169470649904
00:01:02.3919,69.661332474168,-6.46151829876414,-19.0044655846004,-0.0365836009345262,60.3648507401174
00:01:02.4418,69.6614816419762,-6.46508626972836,-19.0149596168481,-0.0365980833921602,60.3004321511604
00:01:02.4916,69.6616308039272,-6.46283695119047,-19.0083439740896,-0.0365973391107145,60.2360056922747
00:01:02.5000,69.6616557160242,-6.46175635295379,-19.0051657439817,-0.0365953643445301,60.2252438637099
00:01:02.5048,69.6616703328373,-6.46557560350444,-19.0163988338366,-0.0366059232050481,60.2189303611385
00:01:02.5097,69.6616849675698,-6.47702152273091,-19.0500633021497,-0.0366365549389669,60.2126131732985
00:01:02.5146,69.6616996364445,-6.49591886889564,-19.105643732046,-0.0366868067779027,60.2062890423501
00:01:02.5195,69.6617143539846,-6.5205266875234,-19.1780196691865,-0.036752105170571,60.1999550503417
00:01:02.5303,69.6617470980124,-6.58387425449971,-19.3643360426462,-0.0369200904670836,60.1859138790007
00:01:02.5439,69.6617888976213,-6.66467844902602,-19.6019954383118,-0.0371345169929686,60.1680910321549
00:01:02.5575,69.6618311406965,-6.72842850562154,-19.7894956047692,-0.0373041728868886,60.1501782811493
00:01:02.5712,69.6618736889495,-6.76357363227226,-19.8928636243302,-0.0373985339565621,60.1322033678827
00:01:02.5884,69.6619275480176,-6.76700367732243,-19.9029519921248,-0.0374097569649833,60.1094805566663
00:01:02.6056,69.6619813185949,-6.73842456428185,-19.8188957772996,-0.0373365196676079,60.0867742457761
00:01:02.6228,69.6620348325475,-6.69803923348074,-19.7001153925904,-0.0372320660555558,60.0641182916333
00:01:02.6400,69.6620880639388,-6.66391610747265,-19.5997532572725,-0.0371440770554314,60.0415179472557
00:01:02.6572,69.662141095112,-6.64621627297212,-19.5476949205062,-0.0370994084867858,60.0189566585682
00:01:02.6798,69.6622105230666,-6.64752815507827,-19.551553397289,-0.0371055930338159,59.989400273681
00:01:02.7023,69.6622800318531,-6.66440415588524,-19.6011886937801,-0.0371529483465978,59.9598254053759
00:01:02.7249,69.6623496998758,-6.68147863624739,-19.6514077536688,-0.0372008910001115,59.9302162136171
00:01:02.7474,69.6624194857934,-6.68887899621831,-19.6731735182891,-0.0372232877207168,59.9005810056282
00:01:02.7773,69.662512056729,-6.68356315448197,-19.6575386896528,-0.0372129632823996,59.8612682160946
00:01:02.8072,69.6626045219721,-6.67133495036776,-19.6215733834346,-0.0371843177378986,59.8219728294305
00:01:02.8372,69.6626968600742,-6.66279458134959,-19.5964546510282,-0.0371654291906038,59.7826991828875
00:01:02.8759,69.6628162896003,-6.66152776027393,-19.592728706688,-0.0371669467344163,59.7318797256164
00:01:02.9342,69.6629961477553,-6.66441530763413,-19.6012214930416,-0.0371820347356715,59.6553363396885
00:01:02.9925,69.6631759856941,-6.66262785010719,-19.5959642650211,-0.0371847809502453,59.5787816932847
00:01:03.0000,69.6631990693758,-6.66182742678409,-19.5936100787767,-0.0371836184976405,59.5689535295149
00:01:03.0053,69.6632154553305,-6.66583666838591,-19.6054019658409,-0.0371949805035415,59.5619780314351
00:01:03.0106,69.6632318613558,-6.67752707971956,-19.6397855285869,-0.0372267995661619,59.5549983272523
00:01:03.0159,69.6632483048669,-6.69650566434294,-19.6956048951263,-0.0372780386010239,59.5480108779313
00:01:03.0212,69.6632648010003,-6.7208311763837,-19.7671505187756,-0.0373435367804216,59.5410126057032
00:01:03.0333,69.6633027608086,-6.78348125988634,-19.9514154702539,-0.0375121132924574,59.5249628154316
00:01:03.0481,69.6633493282427,-6.8558530595395,-20.1642737045279,-0.0377071151076028,59.505371855946
00:01:03.0628,69.6633963040282,-6.90689578022532,-20.3143993536039,-0.0378454001237516,59.4856967419636
00:01:03.0776,69.6634435206584,-6.9279094043486,-20.3762041304371,-0.0379036682630608,59.4659714945433
00:01:03.0979,69.6635086176706,-6.91549579421837,-20.339693512407,-0.037873584582364,59.4387804459493
00:01:03.1182,69.6635734982006,-6.87730675775425,-20.2273728169243,-0.037774633897667,59.4116313202303
00:01:03.1386,69.6636380474113,-6.83938958656712,-20.1158517251974,-0.0376763263948132,59.3845475438236
00:01:03.1589,69.6637023352674,-6.81860802928021,-20.054729497883,-0.0376237386155176,59.3575149009117
00:01:03.1792,69.6637665231925,-6.81818553315971,-20.0534868622344,-0.0376255514880839,59.3305005089578
00:01:03.2053,69.6638489565856,-6.83385236825851,-20.0995657889956,-0.03767126477854,59.295822902686
00:01:03.2314,69.6639315592865,-6.85023241722301,-20.1477424035971,-0.0377189612317509,59.2611072044319
00:01:03.2575,69.6640142777579,-6.85547233952137,-20.1631539397687,-0.0377368850723233,59.2263643021228
00:01:03.2903,69.6641183218028,-6.84760723810226,-20.1400212885361,-0.0377207192432101,59.1826541214481
00:01:03.3231,69.6642222347016,-6.83550843718448,-20.1044365799544,-0.037693186485401,59.1389650799981
00:01:03.3559,69.664326023677,-6.82904970034227,-20.0854402951243,-0.0376807747029429,59.0952956984161
00:01:03.3997,69.6644646102985,-6.82941380919943,-20.0865112035277,-0.0376883651333239,59.036964276306
00:01:03.4567,69.6646449125289,-6.83074869784913,-20.0904373466151,-0.0377006355620776,58.9610590563395
00:01:03.5000,69.6647815590057,-6.82806090805613,-20.082532082518,-0.0377000310379859,58.9035146109271
00:01:03.5059,69.6648004617875,-6.83244681720076,-20.0954318152963,-0.0377127701681414,58.8955546220463
00:01:03.5119,69.6648193886746,-6.84487359767974,-20.1319811696463,-0.0377471848839276,58.8875894824521
00:01:03.5179,69.6648383596664,-6.86458965543031,-20.189969574795,-0.0378012608078242,58.8796150784618
00:01:03.5252,69.6648616663582,-6.89498242983327,-20.2793600877449,-0.0378843564787107,58.8698360696823
00:01:03.5388,69.6649054280878,-6.95532309148021,-20.4568326220006,-0.0380493014069011,58.8515349760716
00:01:03.5525,69.6649495385278,-7.0082061306043,-20.6123709723656,-0.0381942632834651,58.8331610453883
00:01:03.5661,69.664993916252,-7.04220062096639,-20.7123547675482,-0.0382883502935464,58.814730986358
00:01:03.5837,69.6650510815815,-7.05367211463323,-20.7460944548036,-0.0383223515007393,58.791024794199
00:01:03.6012,69.6651082324293,-7.03698187512428,-20.6970055150714,-0.0382802886095119,58.7673197261095
00:01:03.6187,69.6651652075991,-7.00694155083657,-20.6086516201075,-0.038202107637988,58.7436490087753
00:01:03.6363,69.6652219581774,-6.9785573260194,-20.5251686059394,-0.0381283459801682,58.7200227505336
00:01:03.6538,69.6652785309786,-6.96150035281069,-20.4750010376785,-0.0380851693127566,58.6964313231869
00:01:03.6775,69.6653549764257,-6.95880063381799,-20.4670606877,-0.0380818562756944,58.664528995149
00:01:03.7064,69.6654481178292,-6.97229499588061,-20.5067499878841,-0.0381232838984228,58.6256683263965
00:01:03.7353,69.6655414121247,-6.98583183505616,-20.5465642207534,-0.0381649049095581,58.5867710451936
00:01:03.7641,69.6656347970455,-6.98818103368886,-20.5534736284967,-0.038176258915,58.5478499730156
00:01:03.8013,69.6657551022234,-6.97864596271744,-20.5254293021101,-0.0381568349491648,58.497688273286
00:01:03.8386,69.6658752568912,-6.9677872498126,-20.4934919112135,-0.0381338038598981,58.4475492702665
00:01:03.8758,69.6659952980403,-6.9636376109312,-20.4812870909741,-0.0381290004000278,58.3974252877773
00:01:03.9294,69.6661680867538,-6.96416631001254,-20.4828420882722,-0.0381398226320414,58.3252517263971
00:01:03.9830,69.6663408419064,-6.96304934252726,-20.4795568897861,-0.0381462410478068,58.253067293761
00:01:04.0000,69.6663956063285,-6.96158796518876,-20.4752587211434,-0.0381452711128511,58.2301784782079
00:01:04.0079,69.6664211606667,-6.96813873863096,-20.4945257018558,-0.0381645498399098,58.219500105509
00:01:04.0158,69.6664467599201,-6.98537067422457,-20.5452078653664,-0.0382129824023687,58.2088119891264
00:01:04.0237,69.6664724365264,-7.01093084291288,-20.6203848320967,-0.038284168529804,58.1981073718517
00:01:04.0332,69.6665034146563,-7.04635364292646,-20.724569538019,-0.0383826107890158,58.1852197335059
00:01:04.0482,69.6665522958672,-7.09755941090548,-20.8751747379573,-0.038525243051609,58.164943802385
00:01:04.0631,69.6666014688926,-7.13330310830433,-20.9803032597186,-0.0386257555076707,58.1446055806088
00:01:04.0813,69.6666614426571,-7.14805481110444,-21.0236906208954,-0.0386695953066464,58.1198392481817
00:01:04.1048,69.6667391037836,-7.13161783561969,-20.975346575352,-0.0386292127909365,58.0877619358095
00:01:04.1283,69.6668165227312,-7.0985170729524,-20.8779913910365,-0.0385431833144621,58.0557313956499
00:01:04.1518,69.6668936479009,-7.07250076657551,-20.8014728428692,-0.0384764642756647,58.0237584364659
00:01:04.1753,69.6669705984781,-7.06454929337744,-20.7780861569925,-0.0384591707560826,57.9918182045824
00:01:04.2059,69.6670708557176,-7.07361128217401,-20.8047390652177,-0.0384898758677463,57.9502001059663
00:01:04.2365,69.6671712408546,-7.08668578301283,-20.8431934794495,-0.038531659741466,57.9085488660259
00:01:04.2672,69.6672717233931,-7.09031364411402,-20.8538636591589,-0.0385475880274788,57.8668708137657
00:01:04.3045,69.667394221295,-7.08231778143613,-20.8303464159886,-0.0385329328465989,57.816043935208
00:01:04.3497,69.6675423383589,-7.070581913875,-20.7958291584559,-0.0385095311454006,57.7545369714844
00:01:04.3949,69.6676903070833,-7.06581039589806,-20.7817952820531,-0.0385052975423407,57.6930469458001
00:01:04.4543,69.6678844400862,-7.06529208248479,-20.7802708308376,-0.0385156316122979,57.6123356585449
00:01:04.5000,69.6680338383231,-7.06365303379356,-20.7754500993928,-0.0385202295267215,57.5501971256801
00:01:04.5087,69.6680624181321,-7.0702086154893,-20.7947312220273,-0.0385400875745442,57.5383111068413
00:01:04.5174,69.6680910457357,-7.08656937970481,-20.8428511167789,-0.0385870468089669,57.5264144739532
00:01:04.5262,69.6681197525688,-7.11003192412001,-20.911858600353,-0.0386536581819128,57.5145005953241
00:01:04.5372,69.6681560671145,-7.1425766197988,-21.0075782935259,-0.0387458854517939,57.4994573345959
00:01:04.5538,69.6682112110467,-7.18389876715595,-21.1291140210469,-0.038863642797913,57.4766684861969
00:01:04.5704,69.6682665957061,-7.20729230208999,-21.1979185355588,-0.0389319080856063,57.4538267861766
00:01:04.5918,69.6683378609966,-7.208315132962,-21.2009268616529,-0.0389393261757886,57.4244544534023
00:01:04.6132,69.66840904219,-7.18796481166085,-21.1410729754731,-0.0388875514149429,57.395096438675
00:01:04.6345,69.6684800179316,-7.16300727065383,-21.0676684430995,-0.038822959061278,57.3657783949329
00:01:04.6559,69.6685508015246,-7.1465230111723,-21.0191853269774,-0.038781799760025,57.3364975388775
00:01:04.6823,69.6686380533279,-7.14307644189888,-21.0090483585261,-0.0387778364159629,57.3003767702851
00:01:04.7185,69.6687579501009,-7.15288176796488,-21.0378875528379,-0.0388127852599223,57.2507429958926
00:01:04.7547,69.6688779596903,-7.1607920766083,-21.061153166495,-0.0388425608630288,57.2010753781546
00:01:04.7909,69.6689979940323,-7.15777872787555,-21.0522903761046,-0.0388420270888074,57.1513925206866
00:01:04.8415,69.6691654816,-7.14623831299555,-21.0183479793987,-0.0388208968234572,57.0820190383916
00:01:04.8921,69.6693327791217,-7.13857896753515,-20.9958204927504,-0.0388105846076792,57.0126662628185
00:01:04.9528,69.6695334556362,-7.13612838660047,-20.9886129017661,-0.0388170722280439,56.9294234831712
00:01:05.0000,69.6696891272784,-7.13447511861153,-20.9837503488575,-0.0388228655761186,56.8648166837123
00:01:05.0114,69.6697271310097,-7.14294049918937,-21.0086485270276,-0.0388490973794072,56.8490462571346
00:01:05.0229,69.6697652099961,-7.16219670553768,-21.065284428052,-0.0389055455213069,56.8332587284217
00:01:05.0344,69.6698034035501,-7.1871297548319,-21.1386169259762,-0.0389779267564931,56.8174456920227
00:01:05.0490,69.6698519020021,-7.21654011702986,-21.2251179912643,-0.0390636013905444,56.7974003336952
00:01:05.0685,69.6699172368736,-7.24054688681579,-21.2957261376935,-0.0391353757287195,56.7704391486446
00:01:05.0924,69.66999725199,-7.24281537452272,-21.3023981603609,-0.039147309213319,56.7374419555252
00:01:05.1163,69.6700771939698,-7.22522078680905,-21.2506493729678,-0.0391035418456428,56.7044557222049
00:01:05.1401,69.670156941731,-7.20399982919384,-21.1882347917466,-0.0390495501122771,56.671506364843
00:01:05.1640,69.6702365160358,-7.19138546471457,-21.1511337197487,-0.0390196735969341,56.6385894646159
00:01:05.1942,69.6703370623011,-7.19067041295255,-21.149030626331,-0.0390246807519975,56.5969735326427
00:01:05.2333,69.6704673100411,-7.19861037863769,-21.1723834665815,-0.0390561494997558,56.5430635024124
00:01:05.2724,69.6705976242109,-7.20155009029666,-21.1810296773431,-0.0390736333621034,56.4891265426411
00:01:05.3115,69.6707279039951,-7.19560797971591,-21.1635528815174,-0.0390661444639007,56.4351842412256
00:01:05.3739,69.6709354457909,-7.18424277723007,-21.1301258153826,-0.0390488964270715,56.3491790655172
00:01:05.4362,69.6711427702008,-7.17834368158083,-21.1127755340613,-0.0390471253595032,56.2631879871525
00:01:05.5000,69.6713545464807,-7.17523950207397,-21.1036455943352,-0.0390536751071392,56.175288466454
00:01:05.5180,69.6714145319535,-7.18797109867455,-21.1410914666899,-0.0390941176851949,56.1503940929472
00:01:05.5330,69.6714644222485,-7.20791707514972,-21.1997561033815,-0.0391543118650944,56.1297090959742
00:01:05.5479,69.6715144476182,-7.22867833204687,-21.2608186236673,-0.0392168776110069,56.1089929420062
00:01:05.5701,69.6715888413597,-7.24713317227697,-21.3150975655205,-0.0392747693530723,56.078219205618
00:01:05.5971,69.6716794358324,-7.24705060880092,-21.3148547317674,-0.0392813091659748,56.0407579570545
00:01:05.6242,69.6717699454698,-7.23159835675172,-21.2694069316227,-0.0392441907521876,56.0033086429433
00:01:05.6512,69.6718602777068,-7.21537178967835,-21.2216817343481,-0.0392048293663697,55.9658913318146
00:01:05.6782,69.671950472396,-7.20773070161781,-21.1992079459347,-0.0391898563073725,55.9284973985222
00:01:05.7155,69.6720752003482,-7.20923297486626,-21.2036263966655,-0.0392035204623685,55.8767661781395
00:01:05.7529,69.6721999557836,-7.21340015519922,-21.2158828094095,-0.0392248397996613,55.8250165452825
00:01:05.7981,69.6723507553163,-7.21114252608859,-21.20924272379,-0.0392298820009119,55.7624464690415
00:01:05.8576,69.6725492532947,-7.20153101917276,-21.1809735858022,-0.0392176278642302,55.6800250194412
00:01:05.9171,69.6727475397514,-7.19368180788267,-21.1578876702432,-0.0392104495646053,55.5976176831875
00:01:06.0000,69.6730234124731,-7.18747152542906,-21.1396221336149,-0.0392140765792559,55.4828614990902
00:01:06.0551,69.6732074747387,-7.2120289691757,-21.2118499093403,-0.0392990456295066,55.4063187384801
00:01:06.0838,69.6733030910973,-7.22401381399057,-21.2470994529134,-0.03934108132647,55.3665837568499
00:01:06.1124,69.6733987689578,-7.22313082894464,-21.2445024380725,-0.0393461682691741,55.3268276112995
00:01:06.1509,69.6735275430728,-7.21015476284853,-21.2063375377898,-0.0393191023484946,55.2732833429378
00:01:06.1895,69.673656126449,-7.19837451733886,-21.171689756879,-0.0392954554927247,55.2197669760748
00:01:06.2280,69.6737845869979,-7.19481256768024,-21.1612134343537,-0.0392955097678934,55.1662635668523
00:01:06.2867,69.673979915544,-7.19456669617445,-21.160490282866,-0.039310602452932,55.0848712454877
00:01:06.3453,69.6741751562373,-7.19072328781276,-21.1491861406258,-0.0393153966155603,55.0034654526525
00:01:06.4199,69.6744234251098,-7.18117545271808,-21.1211042727002,-0.0393081120208504,54.8998552003601
00:01:06.5000,69.6746892769736,-7.17230024811496,-21.0950007297499,-0.0393043480434803,54.788785319328
00:01:06.6000,69.6750214090076,-7.17328666334886,-21.097901951026,-0.0393350157593005,54.6499109220753
00:01:06.6999,69.6753532634071,-7.16470542588557,-21.0726630173105,-0.0393380930815121,54.5109995356397
00:01:06.7999,69.6756846225777,-7.15122627440114,-21.033018454121,-0.0393270335294381,54.3720988711797
00:01:06.8999,69.6760154826778,-7.14117437253272,-21.0034540368609,-0.0393261805437466,54.2332090740682
00:01:07.0000,69.676345897107,-7.13233066103514,-20.9774431206916,-0.0393290812130259,54.0943174920313
00:01:07.1000,69.6766753189594,-7.10282332238877,-20.8906568305552,-0.0392711506650994,53.9555466833107
00:01:07.1609,69.676875679162,-7.09369545227722,-20.8638101537565,-0.0392619778612151,53.871004402008
00:01:07.2219,69.6770759023991,-7.09333348644965,-20.8627455483813,-0.039278819647929,53.7864545138905
00:01:07.2828,69.677276032264,-7.08988264222596,-20.8525960065469,-0.0392866280591709,53.7018870090245
00:01:07.3604,69.677530522554,-7.07990658063145,-20.823254648916,-0.0392801082588404,53.5942426443365
00:01:07.4604,69.6778580317487,-7.06841183206109,-20.7894465648856,-0.0392759003542083,53.455527974908
00:01:07.5000,69.6779873502831,-7.06485768021939,-20.7789931771158,-0.0392772380991083,53.4007000463526
00:01:07.5310,69.6780886680054,-7.04258041833751,-20.7134718186397,-0.0392200984831259,53.3576897307055
00:01:07.5538,69.6781628501301,-7.01983699361005,-20.6465793929707,-0.0391590035592086,53.3261485924331
00:01:07.5766,69.6782368439008,-7.00419510538661,-20.6005738393724,-0.039119074746066,53.294644883107
00:01:07.6057,69.6783311706411,-7.00031308096794,-20.5891561204939,-0.0391161797053885,53.2544526102698
00:01:07.6426,69.6784508817944,-7.0077810577102,-20.6111207579712,-0.0391496528496975,53.2034359244545
00:01:07.6795,69.6785706690149,-7.01290484354835,-20.6261907163187,-0.0391761979094214,53.1523873102375
00:01:07.7164,69.6786904511311,-7.00867772166086,-20.6137580048849,-0.0391747585964694,53.1013252599978
00:01:07.7721,69.6788709222576,-6.99669341369804,-20.5785100402884,-0.0391557703507962,53.0243247661141
00:01:07.8277,69.6790511715404,-6.98881149292231,-20.5553279203598,-0.0391491328912483,52.9473416404992
00:01:07.8956,69.6792707177843,-6.98451730755015,-20.5426979633828,-0.0391571255449972,52.8534928559881
00:01:07.9894,69.679573795935,-6.97631059008533,-20.5185605590745,-0.039161499235778,52.7237936444692
00:01:08.0000,69.6796079083162,-6.97511271477186,-20.5150373963878,-0.0391611768796643,52.7091850270943
00:01:08.0150,69.6796564497401,-6.96223652697961,-20.4771662558224,-0.0391269232317373,52.6883839302124
00:01:08.0300,69.6797048631777,-6.93829343048436,-20.4067453837775,-0.03905914551928,52.6676098842634
00:01:08.0451,69.6797531070851,-6.91166414917533,-20.3284239681627,-0.038983181064771,52.6468725036333
00:01:08.0639,69.6798131111933,-6.88703880551329,-20.2559964868038,-0.0389143689037062,52.6210342405649
00:01:08.0872,69.6798873988742,-6.87623606938892,-20.2242237334968,-0.0388887620150374,52.5890044230718
00:01:08.1193,69.6799897760266,-6.8851312730687,-20.2503860972609,-0.0389255820149668,52.5448526517806
00:01:08.1514,69.680092292675,-6.89968546992169,-20.2931925585932,-0.0389796791280429,52.5006573570474
00:01:08.1836,69.6801949168256,-6.90321940657574,-20.3035864899286,-0.0390004107382106,52.456425869876
00:01:08.2157,69.6802975067329,-6.89492202115644,-20.279182415166,-0.0389852134575575,52.4121909841786
00:01:08.2576,69.6804310871635,-6.8816630380103,-20.2401854059126,-0.0389579531867443,52.3545387795273
00:01:08.2995,69.6805644997314,-6.87516103863023,-20.2210618783242,-0.0389512590971185,52.2969061755017
00:01:08.3527,69.6807338603728,-6.87388867160758,-20.2173196223752,-0.0389641126818286,52.2236974719661
00:01:08.4180,69.6809416066926,-6.87008182726966,-20.2061230213813,-0.0389731519354848,52.1338312567062
00:01:08.5000,69.681202108172,-6.86000099401352,-20.1764735118045,-0.038968411657257,52.021020711581
00:01:08.5118,69.6812398534233,-6.84829739787969,-20.1420511702344,-0.0389363335643554,52.0046565651429
00:01:08.5237,69.6812775011996,-6.82507098703786,-20.0737381971702,-0.038868895870389,51.9883136233326
00:01:08.5356,69.6813150091557,-6.79621584156041,-19.9888701222365,-0.0387841490898684,51.9720018081005
00:01:08.5501,69.6813603744053,-6.76399114952288,-19.8940916162438,-0.0386898076085248,51.9522308913613
00:01:08.5690,69.6814194456187,-6.7374959493554,-19.8161645569276,-0.0386143564850683,51.9264337476166
00:01:08.5922,69.6814918459634,-6.73146442289882,-19.7984247732318,-0.0386030155793256,51.8947773055451
00:01:08.6154,69.6815642739303,-6.74474248988728,-19.8374779114332,-0.0386510221144881,51.8631084729316
00:01:08.6386,69.6816368448966,-6.76162779911018,-19.8871405856182,-0.0387102057800718,51.8314001693822
00:01:08.6618,69.6817095400679,-6.77023046616623,-19.9124425475477,-0.0387439936352362,51.7996567509354
00:01:08.6909,69.6818004902691,-6.76605039071172,-19.9001482079757,-0.0387403147235115,51.7599380322367
00:01:08.7288,69.6819191701836,-6.7509313077797,-19.8556803169991,-0.0387057416697979,51.708063222812
00:01:08.7667,69.6820376515955,-6.73992517004696,-19.8233093236675,-0.0386838131813166,51.6562190012099
00:01:08.8047,69.6821560274678,-6.73789725889583,-19.8173448791054,-0.0386896043214389,51.6043834806652
00:01:08.8677,69.6823526155432,-6.7376272179948,-19.8165506411612,-0.0387089076563882,51.5182541527521
00:01:08.9307,69.6825490818993,-6.73203125501457,-19.8000919265134,-0.0387118461234772,51.4321085963225
00:01:09.0000,69.6827647082508,-6.72222748741234,-19.7712573159186,-0.0387038199506399,51.3374607521082
00:01:09.0092,69.682793374052,-6.71306106479546,-19.7442972493984,-0.0386783305001871,51.3248656713724
00:01:09.0184,69.6828219773427,-6.69366952084113,-19.6872632965916,-0.0386210523241749,51.3122844349375
00:01:09.0276,69.6828504845076,-6.66729644826951,-19.6096954360868,-0.0385420464159741,51.2997250198454
00:01:09.0388,69.6828851057221,-6.63304086518816,-19.5089437211416,-0.0384391407794488,51.2844390126273
00:01:09.0552,69.6829352736296,-6.59199914198308,-19.3882327705385,-0.0383166820331938,51.2622295990291
00:01:09.0716,69.6829852046577,-6.56873130076636,-19.3197979434305,-0.0382494114839097,51.2400734081006
00:01:09.0932,69.6830507563685,-6.56607316270528,-19.3119798903096,-0.038247828335619,51.2109569035841
00:01:09.1147,69.6831163676742,-6.58314213283532,-19.3621827436333,-0.038307696223748,51.1818211263827
00:01:09.1363,69.6831821460852,-6.60328825083137,-19.421436031857,-0.0383772476999198,51.15264049893
00:01:09.1578,69.6832480678807,-6.61427892446637,-19.4537615425481,-0.0384183513625074,51.123420604255
00:01:09.1843,69.6833291528374,-6.61146916245492,-19.4454975366321,-0.0384180296089538,51.0874812926316
00:01:09.2188,69.6834346424654,-6.59551776041558,-19.3985816482811,-0.0383792303907388,51.040684017838
00:01:09.2533,69.6835399277242,-6.5821029880989,-19.359126435585,-0.0383483046265213,50.9939220412032
00:01:09.2879,69.6836450914004,-6.5787224387895,-19.3491836434985,-0.0383487417939574,50.9471756339375
00:01:09.3377,69.6837969094498,-6.58074011298191,-19.3551179793586,-0.0383710376854054,50.8796624276955
00:01:09.3875,69.6839486998651,-6.57913424833866,-19.3503948480549,-0.0383820759999397,50.8121276161418
00:01:09.4373,69.6841003823267,-6.57188919102556,-19.3290858559575,-0.0383754713962975,50.7445903166375
00:01:09.5000,69.6842907228762,-6.56295295741937,-19.3028028159393,-0.0383677338924367,50.6597555334417
00:01:09.5074,69.6843133497559,-6.5558931267254,-19.2820386080159,-0.0383479365705766,50.6496617839365
00:01:09.5149,69.6843359357464,-6.54001023432179,-19.2353242185935,-0.0383003471486813,50.6395772165877
00:01:09.5223,69.6843584553636,-6.51701467928544,-19.1676902331925,-0.0382303379399487,50.6295079576123
00:01:09.5314,69.6843858132975,-6.48443228778244,-19.0718596699483,-0.0381306285858404,50.6172504772695
00:01:09.5463,69.6844302518456,-6.43394098168527,-18.9233558284861,-0.0379762680910449,50.5972797242524
00:01:09.5611,69.6844743963382,-6.39655107929911,-18.8133855273503,-0.0378630829674673,50.577377193993
00:01:09.5760,69.6845183550088,-6.37876618485587,-18.761077014282,-0.0378116166585725,50.5575169107444
00:01:09.5982,69.6845841540045,-6.38321620799746,-18.7741653176396,-0.03783252599145,50.5277734136201
00:01:09.6205,69.6846500818922,-6.4072678596982,-18.8449054697006,-0.0379153521821352,50.4979934505037
00:01:09.6428,69.6847162272806,-6.43002886673366,-18.9118496080402,-0.0379942322754209,50.4681556290451
00:01:09.6650,69.6847825236365,-6.43894041477758,-18.9380600434635,-0.038029456677987,50.4382759093762
00:01:09.6919,69.6848625772252,-6.43137559417201,-18.9158105710941,-0.0380140946135952,50.4021893858328
00:01:09.7188,69.6849425005132,-6.41529667109092,-18.8685196208557,-0.0379717675556577,50.3661262000416
00:01:09.7457,69.6850222638453,-6.40291417431937,-18.832100512704,-0.037941094855265,50.3300935287605
00:01:09.7784,69.6851192498061,-6.39909026677887,-18.8208537258202,-0.0379393760586358,50.2862461356454
00:01:09.8281,69.6852665279258,-6.40226423090966,-18.8301889144402,-0.0379653160268643,50.2196362756
00:01:09.8778,69.6854138002632,-6.40191228388512,-18.8291537761327,-0.037980170104923,50.1529998628136
00:01:09.9275,69.6855609761357,-6.39467474377839,-18.8078668934659,-0.037973191158073,50.0863587749779
00:01:10.0000,69.6857754171661,-6.38422595398351,-18.777135158775,-0.0379634047789386,49.9891520703559
00:01:10.0024,69.6857825383856,-6.38604150181525,-18.782475005339,-0.0379699799843209,49.9859220938931
00:01:10.0048,69.6857896641411,-6.39221259951241,-18.8006252926836,-0.0379904523850055,49.9826909464279
00:01:10.0077,69.6857983527608,-6.40661022741725,-18.8429712571096,-0.0380373491427064,49.978754032649
00:01:10.0106,69.6858070655563,-6.42798320170179,-18.9058329461817,-0.0381065179401683,49.9748111344214
00:01:10.0147,69.6858192626647,-6.46718796738639,-19.0211410805482,-0.0382330100732343,49.9693033866565
00:01:10.0236,69.6858459495231,-6.57571908301871,-19.3403502441727,-0.0385825888727165,49.9573163703667
00:01:10.0324,69.6858731118151,-6.70209498225546,-19.7120440654572,-0.0389895443118933,49.9452125365522
00:01:10.0412,69.6859007798291,-6.82722580093975,-20.0800758851169,-0.0393929384670256,49.9329843869671
00:01:10.0501,69.6859289202184,-6.93604127207375,-20.4001213884522,-0.039744528580233,49.920639938437
00:01:10.0589,69.6859574487845,-7.01857700922313,-20.6428735565386,-0.0400123005891575,49.9081996411745
00:01:10.0707,69.6859960716681,-7.08072403639427,-20.8256589305714,-0.0402162244527807,49.8914293809347
00:01:10.0826,69.6860348930458,-7.09050511373653,-20.8544268051075,-0.0402524785505549,49.874608586779
00:01:10.0944,69.6860736625417,-7.05891567098729,-20.7615166793744,-0.0401561038839171,49.8577984412984
00:01:10.1063,69.6861122000158,-7.00230371415098,-20.5950109239735,-0.03997941458769,49.8410430119665
00:01:10.1181,69.6861504150495,-6.93797461176289,-20.4058076816555,-0.0397778678469748,49.8243644519892
00:01:10.1299,69.6861883029715,-6.88049258809466,-20.2367429061608,-0.039598170497002,49.8077639483349
00:01:10.1418,69.6862259244609,-6.83941758787812,-20.1159340819945,-0.039471007390382,49.7912266962222
00:01:10.1578,69.6862764373255,-6.81549155646727,-20.0455634013743,-0.039400386296732,49.7689751048119
00:01:10.1774,69.6863385054267,-6.8255268999395,-20.0750791174691,-0.0394401738882925,49.7416173758012
00:01:10.1971,69.6864007478678,-6.85837481595785,-20.1716906351701,-0.0395533390671564,49.7142116363835
00:01:10.2167,69.6864632632704,-6.89062456920645,-20.2665428506072,-0.0396647516976795,49.6867336407773
00:01:10.2363,69.6865259875868,-6.90709329702969,-20.3149802853814,-0.0397255448290852,49.6591990122932
00:01:10.2560,69.6865887755401,-6.90461494975489,-20.3076910286908,-0.039725417300456,49.6316433460742
00:01:10.2823,69.6866726020829,-6.88478674818561,-20.2493727887812,-0.0396720401366822,49.5948203248574
00:01:10.3085,69.6867562013546,-6.86332602093701,-20.1862530027559,-0.0396133213995767,49.5580434612888
00:01:10.3348,69.6868396199475,-6.85251273365267,-20.1544492166255,-0.0395888764164011,49.5213013407567
00:01:10.3674,69.6869431362981,-6.85339218757517,-20.1570358458093,-0.0396046970471134,49.4756798465287
00:01:10.4000,69.6870466811175,-6.85884988046746,-20.1730878837278,-0.0396353773729104,49.4300363272445
00:01:10.4327,69.6871502523598,-6.85911693184186,-20.1738733289466,-0.0396493470198823,49.3843712319734
00:01:10.4764,69.6872890600882,-6.85053221000785,-20.1486241470819,-0.0396391802636044,49.3231286861702
00:01:10.5000,69.6873637185674,-6.84398028795385,-20.1293537880996,-0.039627451684712,49.290164079356
00:01:10.5016,69.687369009458,-6.84544452116867,-20.1336603563784,-0.0396328741016421,49.2878273226415
00:01:10.5033,69.6873743031701,-6.85112978562412,-20.1503817224239,-0.0396519855223799,49.2854898280982
00:01:10.5055,69.6873813630104,-6.86714904373834,-20.1974971874657,-0.0397048399037928,49.2823746721908
00:01:10.5077,69.6873884442286,-6.89268001269262,-20.2725882726253,-0.0397885594501734,49.279254155926
00:01:10.5100,69.6873955560264,-6.92687307247694,-20.3731560955204,-0.0399004029969749,49.2761260009105
00:01:10.5141,69.6874087860286,-7.00843255866477,-20.6130369372493,-0.0401667956222988,49.2703281501377
00:01:10.5214,69.6874328910478,-7.19680480250318,-21.1670729485388,-0.0407817011967728,49.2598528844269
00:01:10.5287,69.6874576867415,-7.41925574214125,-21.8213404180625,-0.0415081766118088,49.2492055725228
00:01:10.5360,69.6874832414401,-7.65020923249748,-22.5006153896985,-0.0422633140650929,49.2383690436237
00:01:10.5434,69.6875095497111,-7.86797861024544,-23.1411135595454,-0.0429765366282766,49.2273443995814
00:01:10.5512,69.6875385994072,-8.06834510558058,-23.7304267811193,-0.0436342736555594,49.2152986557559
00:01:10.5591,69.6875682899422,-8.22129398852923,-24.1802764368507,-0.0441380702002446,49.2030922067283
00:01:10.5693,69.6876071663051,-8.33942911210019,-24.5277326826476,-0.0445301185131669,49.1872079405406
00:01:10.5794,69.6876463993355,-8.37244827460438,-24.6248478664835,-0.0446443646061424,49.1712325753253
00:01:10.5896,69.687685628967,-8.33423879573913,-24.5124670462915,-0.0445257901283166,49.1552558069024
00:01:10.5997,69.6877245732506,-8.24629528479226,-24.2538096611537,-0.0442445015838721,49.1393479520391
00:01:10.6099,69.6877630556259,-8.13296240443729,-23.9204776601097,-0.0438800616568059,49.1235530854271
00:01:10.6200,69.6878010088126,-8.017077921073,-23.5796409443323,-0.0435071406718046,49.1078880370143
00:01:10.6302,69.6878384607706,-7.91677759914488,-23.2846399974849,-0.0431850294393622,49.0923458851103
00:01:10.6403,69.6878755090724,-7.84373627619901,-23.0698125770559,-0.0429519001530287,49.0769023458288
00:01:10.6537,69.6879240495739,-7.7958793927809,-22.9290570375909,-0.0428027730298388,49.0566047181621
00:01:10.6671,69.6879724430466,-7.79746998535953,-22.9337352510574,-0.0428152863026137,49.0363402861148
00:01:10.6805,69.6880209431413,-7.8338703425822,-23.0407951252418,-0.0429417620334473,49.016045756877
00:01:10.6939,69.6880697053077,-7.88600890283394,-23.1941438318645,-0.0431199410708156,48.9956822706786
00:01:10.7073,69.6881187742143,-7.93608093540198,-23.3414145158882,-0.0432915704741334,48.9752385864953
00:01:10.7207,69.6881681024731,-7.97159691613357,-23.4458732827458,-0.043415676357828,48.9547264627259
00:01:10.7381,69.688232297076,-7.98820969994914,-23.4947344116151,-0.04348021072539,48.9280599655484
00:01:10.7616,69.688318973014,-7.97002508952616,-23.4412502633122,-0.0434341051700879,48.8920414073157
00:01:10.7851,69.6884053666507,-7.93081828304713,-23.3259361266092,-0.0433188448787706,48.856082358175
00:01:10.8085,69.6884914003027,-7.89783627607906,-23.228930223762,-0.043223874379245,48.8202023660694
00:01:10.8320,69.6885771964559,-7.88468919155954,-23.1902623281163,-0.043194026256204,48.7843707999404
00:01:10.8615,69.6886848899715,-7.89022962567288,-23.2065577225673,-0.0432291236047522,48.7393698386263
00:01:10.8910,69.6887926711549,-7.90179858448918,-23.240584072027,-0.0432842012217218,48.6943292196865
00:01:10.9205,69.6889005253518,-7.90427403413148,-23.2478648062691,-0.0433094112652437,48.6492525450167
00:01:10.9563,69.6890314264929,-7.89315757336507,-23.2151693334267,-0.0432934596148383,48.594506652101
00:01:11.0000,69.6891908719395,-7.87520276348133,-23.1623610690627,-0.0432594469254428,48.5277422373877
00:01:11.0019,69.6891978745637,-7.87688917530206,-23.1673211038296,-0.0432661419586559,48.5248081402484
00:01:11.0038,69.6892048809756,-7.8839802895443,-23.1881773221891,-0.0432907231382158,48.5218730110825
00:01:11.0062,69.6892136502324,-7.90225816737204,-23.2419357863883,-0.0433526122975065,48.5182016878453
00:01:11.0086,69.6892224453297,-7.93063733078605,-23.3254039140766,-0.0434479554173971,48.5145237212972
00:01:11.0115,69.6892330569171,-7.97639746046462,-23.4599925307783,-0.0436011634813326,48.5100942045197
00:01:11.0173,69.689254774559,-8.09854395251625,-23.8192469191654,-0.0440092824790973,48.5010666064247
00:01:11.0255,69.6892859778942,-8.31442591964766,-24.4541938813166,-0.0447301687095306,48.4882001943636
00:01:11.0337,69.6893180340126,-8.55333396957522,-25.1568646163977,-0.0455286029330099,48.4751164257262
00:01:11.0419,69.6893509720307,-8.78513559955213,-25.8386341163298,-0.046304687063049,48.4618076015739
00:01:11.0501,69.6893847244956,-8.98635100071133,-26.4304441197392,-0.0469801943601103,48.4482904971557
00:01:11.0583,69.6894191494559,-9.1413767186678,-26.8864021137288,-0.0475028154703726,48.4346008608467
00:01:11.0687,69.6894630678565,-9.25982489848361,-27.2347791131871,-0.0479058918436579,48.4172249397426
00:01:11.0790,69.6895073559363,-9.29559577331856,-27.339987568584,-0.0480336683471068,48.3997519849505
00:01:11.0893,69.6895516565983,-9.26155815714207,-27.2398769327708,-0.0479286084057825,48.3822727592025
00:01:11.0996,69.6895956884422,-9.17848137850757,-26.9955334661987,-0.0476598009813677,48.3648588802964
00:01:11.1099,69.6896392742262,-9.07019945815208,-26.677057229859,-0.047306717889704,48.3475555090518
00:01:11.1203,69.6896823455945,-8.95917028663724,-26.3505008430507,-0.0469442916468491,48.3303801071247
00:01:11.1306,69.6897249293006,-8.8632141590561,-26.0682769384003,-0.0466319875400398,48.3133259292718
00:01:11.1409,69.6897671214172,-8.79372232722909,-25.8638891977326,-0.0464078323138499,48.2963685815732
00:01:11.1552,69.6898250392583,-8.74791704309133,-25.729167773798,-0.0462655026263883,48.2730327319527
00:01:11.1694,69.6898828183575,-8.75297510558536,-25.7440444281922,-0.0462929084057754,48.2497268911972
00:01:11.1837,69.6899407290033,-8.79192298497565,-25.8585970146343,-0.0464336229657234,48.2263821991951
00:01:11.1979,69.6899989238192,-8.84357477182788,-26.0105140347879,-0.0466170308235244,48.2029596820208
00:01:11.2122,69.6900574283329,-8.88922718041726,-26.1447858247567,-0.046780628290916,48.1794527224854
00:01:11.2264,69.6901161694667,-8.91705504279824,-26.2266324788183,-0.0468847634338291,48.1558798700856
00:01:11.2460,69.6901967807935,-8.92190354765498,-26.2408927872205,-0.046916123304387,48.1235410510024
00:01:11.2694,69.6902935302957,-8.89368868194333,-26.1579078880686,-0.0468396946212463,48.0846960732308
00:01:11.2929,69.6903899447948,-8.85441956369418,-26.0424104814535,-0.0467260245714619,48.0459218091871
00:01:11.3164,69.690486021766,-8.82677509473834,-25.9611032198186,-0.0466512054554737,48.0072190039368
00:01:11.3398,69.6905819101921,-8.81860227739932,-25.9370655217627,-0.0466417211224607,47.9685495733764
00:01:11.3763,69.6907309631781,-8.82554137848744,-25.9574746426101,-0.0466931128061917,47.9084093907972
00:01:11.4128,69.6908800773476,-8.83146220271247,-25.9748888315073,-0.0467412715213644,47.8482172176852
00:01:11.4493,69.6910291441087,-8.82288976901096,-25.9496757912087,-0.0467406890997914,47.7880008385396
00:01:11.5000,69.6912357794119,-8.80034780427669,-25.8833758949315,-0.0467039541429734,47.7044166298036
00:01:11.5018,69.6912433058154,-8.80145379416283,-25.8866288063613,-0.0467091323492243,47.7013698144058
00:01:11.5036,69.6912508348673,-8.80714403916934,-25.9033648210863,-0.046729814407411,47.6983222214793
00:01:11.5062,69.6912612035099,-8.82434970086379,-25.9539697084229,-0.046789990722593,47.6941271137294
00:01:11.5087,69.6912715984557,-8.85199395744282,-26.0352763454201,-0.0468854986333573,47.6899250403352
00:01:11.5113,69.6912820311479,-8.88891861293592,-26.1438782733409,-0.0470124419850789,47.6857130457178
00:01:11.5166,69.6913042374408,-8.99010969791276,-26.4414991115081,-0.0473592751550581,47.6767727367296
00:01:11.5253,69.6913408099839,-9.197407486778,-27.0511984905235,-0.0480687986127887,47.6621374901475
00:01:11.5340,69.691378254646,-9.42966909693346,-27.7343208733337,-0.0488642028755034,47.6472744249438
00:01:11.5427,69.6914166030126,-9.65423667865074,-28.3948137607375,-0.0496348453148047,47.6321749966471
00:01:11.5514,69.6914557783499,-9.84593837675417,-28.9586422845711,-0.0502950009008757,47.6168587185413
00:01:11.5600,69.6914956209345,-9.98863025896288,-29.3783242910673,-0.0507893182557717,47.6013667113019
00:01:11.5711,69.691547191671,-10.0897211002761,-29.6756502949297,-0.051145068415171,47.5813891426656
00:01:11.5822,69.6915990644204,-10.1050033298348,-29.7205980289258,-0.0512087068673841,47.5613286222565
00:01:11.5934,69.6916508513345,-10.0518277640351,-29.5641993059857,-0.0510388969561028,47.5412859300247
00:01:11.6045,69.691702267798,-9.95544085062185,-29.2807083841819,-0.0507215304431006,47.5213351279788
00:01:11.6156,69.6917531602962,-9.84284798634773,-28.9495529010227,-0.0503486584552541,47.5015162303668
00:01:11.6267,69.6918035030777,-9.73756344243119,-28.6398924777388,-0.0500004782339996,47.4818360277832
00:01:11.6378,69.6918533723672,-9.65618618406753,-28.4005476001986,-0.049733625570659,47.4622747765525
00:01:11.6517,69.6919155817674,-9.599610302415,-28.2341479482794,-0.0495539028086829,47.4378101165214
00:01:11.6705,69.6919992830054,-9.59478084977544,-28.2199436758101,-0.0495552884835058,47.4048507503771
00:01:11.6894,69.692083144217,-9.64241976941936,-28.3600581453511,-0.0497360333755367,47.3718377268851
00:01:11.7082,69.6921674362461,-9.70256701542649,-28.5369618100779,-0.0499599541545245,47.338700297416
00:01:11.7270,69.692252142046,-9.7435639218899,-28.657540946735,-0.0501187566938261,47.3054426912621
00:01:11.7458,69.6923370560405,-9.7520538242846,-28.6825112478959,-0.0501664550071411,47.2721184125794
00:01:11.7713,69.6924518055542,-9.72446411272276,-28.6013650374199,-0.0500970574307893,47.2270498611153
00:01:11.7968,69.6925661774679,-9.68145397049731,-28.4748646191097,-0.0499745614335079,47.1820575441694
00:01:11.8222,69.6926801492394,-9.65057725911194,-28.3840507620939,-0.0498935083619858,47.1371474900295
00:01:11.8477,69.6927938932443,-9.64132330156557,-28.3568332398987,-0.0498866758514501,47.0922746304191
00:01:11.8862,69.6929656690017,-9.64674011851926,-28.3727650544684,-0.0499432045095748,47.0244602781204
00:01:11.9246,69.6931374571737,-9.64883919535451,-28.3789388098662,-0.0499885382276035,46.9565910246843
00:01:11.9631,69.6933091216298,-9.63551866026769,-28.3397607654932,-0.0499807826488498,46.8887025349829
00:01:12.0000,69.693473385298,-9.61542951830408,-28.2806750538355,-0.0499480207781027,46.8236569414969
00:01:12.0020,69.6934825709668,-9.61672973308552,-28.2844992149574,-0.0499545764681928,46.8200171829077
00:01:12.0041,69.693491760333,-9.62341092244303,-28.3041497718913,-0.0499797590228324,46.8163762978269
00:01:12.0068,69.693503887637,-9.6422342436507,-28.3595124813256,-0.0500476390842823,46.8115733412726
00:01:12.0095,69.693516045309,-9.67181946777986,-28.4465278464114,-0.0501528090788207,46.8067621024193
00:01:12.0130,69.693531642089,-9.72287094549125,-28.5966792514449,-0.0503331444863356,46.8005980973368
00:01:12.0205,69.6935657662637,-9.86865262863205,-29.0254489077413,-0.050846155417464,46.7871565152263
00:01:12.0300,69.6936097128058,-10.0926331219157,-29.684215064458,-0.0516334808709974,46.7699481328836
00:01:12.0395,69.6936546446668,-10.3243919925029,-30.365858801479,-0.0524493575173863,46.7524752643465
00:01:12.0490,69.6937005229006,-10.5298200358223,-30.970058928889,-0.0531751748747085,46.734747763332
00:01:12.0585,69.693747187703,-10.6858018546101,-31.4288289841473,-0.053730027804195,46.7168076220175
00:01:12.0680,69.6937944026814,-10.7810498434213,-31.7089701277096,-0.054073972729363,46.6987173376089
00:01:12.0815,69.6938615785567,-10.815462211993,-31.81018297645,-0.0542111163660778,46.6730160623482
00:01:12.0949,69.6939286919994,-10.7565454888738,-31.6368984966876,-0.0540225534396531,46.6473233520873
00:01:12.1084,69.6939952975567,-10.6433038216134,-31.3038347694512,-0.0536440367786605,46.6217578533051
00:01:12.1218,69.6940611844473,-10.517251589076,-30.933092909047,-0.0532204105443508,46.5963758429302
00:01:12.1353,69.6941263691095,-10.4118839491529,-30.6231880857439,-0.052868641325348,46.5711731145646
00:01:12.1487,69.6941910303631,-10.3465353284149,-30.4309862600438,-0.0526563353982046,46.5461021884043
00:01:12.1652,69.6942696271102,-10.3248918083934,-30.3673288482158,-0.0526000440864641,46.5155792605413
00:01:12.1816,69.694348228118,-10.3513518178942,-30.4451524055713,-0.0527119675027635,46.4850439255402
00:01:12.1980,69.6944270914813,-10.3998954009467,-30.5879276498431,-0.0529014473649886,46.4544272468702
00:01:12.2144,69.6945062917015,-10.4450948868236,-30.720867314187,-0.0530795869534069,46.4237091727879
00:01:12.2308,69.6945857495234,-10.4704043393983,-30.7953068805833,-0.0531883024095276,46.3929107196495
00:01:12.2520,69.6946883902042,-10.4682854215745,-30.7890747693368,-0.0532067651664508,46.3531213620588
00:01:12.2779,69.694813822606,-10.4331483902373,-30.6857305595214,-0.0531150357210667,46.3044441349479
00:01:12.3039,69.6949388355551,-10.3917722030106,-30.5640358912077,-0.0530011360103466,46.2558504167116
00:01:12.3298,69.6950634767478,-10.3665291514705,-30.489791621972,-0.0529437898948273,46.2073275540735
00:01:12.3557,69.6951879343403,-10.3610226967335,-30.4735961668631,-0.052955909043199,46.1588251086201
00:01:12.3919,69.6953614843474,-10.3644966615163,-30.4838137103421,-0.053012307672557,46.0911386856403
00:01:12.4281,69.695534994805,-10.3610719325101,-30.4737409779709,-0.0530445636409646,46.0234063828654
00:01:12.4643,69.6957083279481,-10.344578535093,-30.4252309855677,-0.053030683356991,45.955665215632
00:01:12.5000,69.695879106112,-10.3234451166988,-30.3630738726435,-0.0529997507124899,45.888831453528
00:01:12.5023,69.6958901638838,-10.325081203503,-30.3678858926558,-0.0530084071109557,45.8845010020548
00:01:12.5046,69.6959012267846,-10.3330386910088,-30.391290267673,-0.0530394958322528,45.8801689288701
00:01:12.5075,69.6959152075366,-10.3537564119424,-30.452224741007,-0.0531166298766731,45.874696338332
00:01:12.5104,69.6959292235953,-10.3855141741393,-30.5456299239393,-0.0532329875474066,45.8692138149608
00:01:12.5144,69.6959484564679,-10.443499216917,-30.7161741674028,-0.0534438860354846,45.8617001511886
00:01:12.5233,69.6959916844033,-10.6107996487049,-31.2082342608966,-0.0540497725917091,45.8448666515531
00:01:12.5321,69.696035652321,-10.8078409674482,-31.7877675513182,-0.0547625849074682,45.8278287871561
00:01:12.5410,69.6960804131474,-11.0039711744132,-32.3646211012153,-0.0554734850661581,45.8105718274755
00:01:12.5499,69.6961259174553,-11.1749309061414,-32.8674438415924,-0.0560958932795536,45.7931088295801
00:01:12.5602,69.69617945885,-11.3205293561124,-33.2956745768012,-0.0566309235904006,45.7726391511295
00:01:12.5727,69.6962452266193,-11.4100611175067,-33.5590032867844,-0.0569698008124908,45.7475602521132
00:01:12.5852,69.6963112593605,-11.4103803309912,-33.559942149974,-0.0569899969926922,45.7224007792191
00:01:12.5977,69.6963771155966,-11.3435441607851,-33.3633651787798,-0.0567697893647896,45.697281119072
00:01:12.6102,69.6964424986575,-11.2403944925658,-33.0599838016641,-0.0564192956283003,45.6722823271072
00:01:12.6227,69.6965072855253,-11.1318255948232,-32.7406635141858,-0.0560490377652508,45.6474381312031
00:01:12.6352,69.6965715094203,-11.0419807171169,-32.4764138738732,-0.0557454707110279,45.6227396122043
00:01:12.6477,69.6966353121843,-10.9846354310385,-32.3077512677603,-0.0555580104560818,45.5981481616318
00:01:12.6651,69.6967238629796,-10.9611112426273,-32.2385624783154,-0.0554985530306413,45.5639706491495
00:01:12.6826,69.6968124052398,-10.9859471870616,-32.3116093737105,-0.0556125295303774,45.5297801143098
00:01:12.7000,69.696901205495,-11.0314461431672,-32.4454298328446,-0.0558009906428369,45.495503533699
00:01:12.7174,69.6969903283989,-11.0712863408687,-32.5626068849079,-0.0559695382167249,45.4611230127127
00:01:12.7348,69.6970796751155,-11.0895303517201,-32.6162657403531,-0.056060738720323,45.4266654592394
00:01:12.7580,69.6971985903064,-11.0784139626943,-32.5835704785128,-0.0560548696689557,45.3807828124382
00:01:12.7812,69.6973172790029,-11.0436662353513,-32.4813712804449,-0.0559637688845233,45.3349345078591
00:01:12.8044,69.6974356143468,-11.0075254571236,-32.375074873893,-0.0558674268585134,45.2891555089912
00:01:12.8276,69.6975536491416,-10.9847716632617,-32.3081519507698,-0.0558192367011022,45.2434314006515
00:01:12.8591,69.6977140680839,-10.9759222276245,-32.2821241988956,-0.05583353616373,45.1812193408828
00:01:12.8978,69.6979106046723,-10.9753724193074,-32.28050711561,-0.0558885360082762,45.1049176877773
00:01:12.9365,69.6981070109823,-10.9661149754379,-32.2532793395231,-0.0559122066265355,45.0285740356484
00:01:12.9751,69.6983031382227,-10.9448074168524,-32.1906100495659,-0.0558921867889974,44.9522294343661
00:01:13.0000,69.6984288293707,-10.9284373551218,-32.1424628091819,-0.0558695124890067,44.9032390760339
00:01:13.0030,69.6984442352206,-10.9317412041919,-32.1521800123291,-0.0558860765913884,44.8972312538801
00:01:13.0060,69.6984596532905,-10.9452270865361,-32.1918443721649,-0.0559397441613165,44.8912195479428
00:01:13.0091,69.6984750983745,-10.9700803369491,-32.2649421674975,-0.0560348610800683,44.8851998444589
00:01:13.0121,69.6984905853925,-11.0051416318849,-32.368063623191,-0.0561672366447217,44.8791679914485
00:01:13.0173,69.6985171624684,-11.0827443390439,-32.5963068795409,-0.0564581230814035,44.8688310388656
00:01:13.0270,69.6985672556832,-11.2621567041762,-33.1239903064005,-0.0571280625043694,44.8494084758128
00:01:13.0367,69.6986181808404,-11.4592955011292,-33.7038102974388,-0.0578641949650059,44.8297488419467
00:01:13.0464,69.6986699406852,-11.6416632221395,-34.2401859474691,-0.0585477898679712,44.8098509091187
00:01:13.0560,69.6987224223821,-11.7858342311553,-34.6642183269274,-0.0590927336903192,44.7897457452455
00:01:13.0657,69.6987754320288,-11.8789823599519,-34.9381834116232,-0.0594514386415147,44.769487211756
00:01:13.0798,69.698853122152,-11.9220277900843,-35.0647876178951,-0.0596346375649954,44.7398283613777
00:01:13.0940,69.6989308129577,-11.8756645227954,-34.9284250670452,-0.0594895069765489,44.7101568518899
00:01:13.1081,69.6990080539452,-11.7758673551,-34.6349039855884,-0.0591476623912636,44.6805989716276
00:01:13.1222,69.6990846251328,-11.6624000227759,-34.3011765375761,-0.0587550845764475,44.6512165716347
00:01:13.1363,69.6991605348934,-11.5676339691331,-34.0224528503915,-0.0584307973525221,44.6220075264117
00:01:13.1504,69.6992359547403,-11.5099388972559,-33.8527614625173,-0.0582424912279858,44.5929239231816
00:01:13.1685,69.6993325032561,-11.4924421681694,-33.8013004946159,-0.0582087011640354,44.5556436863436
00:01:13.1867,69.6994290743849,-11.5195425743895,-33.8810075717338,-0.058339278181766,44.5183374026719
00:01:13.2048,69.6995259112956,-11.5623615819449,-34.0069458292496,-0.0585282104998665,44.4809365864412
00:01:13.2229,69.6996230449121,-11.5953517760473,-34.1039758119039,-0.0586813104647069,44.4434323159644
00:01:13.2410,69.6997203490582,-11.6050366594417,-34.1324607630637,-0.0587485920374316,44.4058599345019
00:01:13.2669,69.6998590940757,-11.5832121033714,-34.0682708922687,-0.058712852218162,44.3522418380738
00:01:13.2927,69.6999974940203,-11.5425016793083,-33.9485343509067,-0.0586069916811055,44.2986801904965
00:01:13.3186,69.7001354757714,-11.5078003177281,-33.8464715227297,-0.0585231415555739,44.245195793371
00:01:13.3445,69.7002731588253,-11.4905214663645,-33.7956513716603,-0.0585038195100559,44.1917549633178
00:01:13.3833,69.700479928494,-11.4839519690971,-33.776329320874,-0.0585470044854335,44.1113993521712
00:01:13.4222,69.7006865361775,-11.4776546856712,-33.7578078990329,-0.0585914821043174,44.0309966347379
00:01:13.4611,69.7008928938793,-11.4590129394102,-33.7029792335593,-0.0585900765049609,43.9505716469864
00:01:13.5000,69.7010989253142,-11.4329306130502,-33.6262665089713,-0.0585608737808528,43.8701392468127
00:01:13.5028,69.7011142031938,-11.4350441578877,-33.6324828173167,-0.0585738720794201,43.8641697573071
00:01:13.5057,69.7011294895089,-11.4454287498514,-33.6630257348571,-0.058617863754649,43.8581973380447
00:01:13.5086,69.7011447958955,-11.4651790673027,-33.7211149038313,-0.0586969724245301,43.8522186622568
00:01:13.5115,69.7011601341428,-11.4934565052375,-33.8042838389337,-0.0588080833243681,43.84623035657
00:01:13.5166,69.7011875913738,-11.5599746450312,-33.9999254265624,-0.0590667223978859,43.8355213463961
00:01:13.5268,69.7012426105092,-11.72752225881,-34.4927125259118,-0.0597142534871689,43.8141160284945
00:01:13.5370,69.701298453211,-11.9139635981967,-35.0410694064608,-0.0604342718604442,43.7924678784858
00:01:13.5472,69.7013551229886,-12.0851498508191,-35.5445583847621,-0.0610984808147124,43.7705753784267
00:01:13.5574,69.7014124974471,-12.2169382988953,-35.932171467339,-0.0616155857436975,43.748473192993
00:01:13.5677,69.701470368033,-12.2968563526317,-36.1672245665637,-0.0619379313689005,43.7262209115738
00:01:13.5828,69.7015567384956,-12.3218789960758,-36.2408205766935,-0.0620637387149201,43.6930282010087
00:01:13.5980,69.701642997559,-12.2605822134335,-36.0605359218634,-0.0618633993630338,43.65985091792
00:01:13.6132,69.7017287027738,-12.1545312353191,-35.7486212803502,-0.0614934147656439,43.6268166949133
00:01:13.6283,69.7018136853091,-12.0460943772092,-35.4296893447331,-0.0611138201017087,43.5939744662894
00:01:13.6435,69.7018980246545,-11.9660570058559,-35.194285311341,-0.0608411227810666,43.5613015776212
00:01:13.6587,69.7019819531999,-11.9277339381531,-35.0815704063326,-0.0607259475304532,43.5287311784458
00:01:13.6806,69.7021030173427,-11.9329457976877,-35.0968994049639,-0.0607888878447304,43.481706683758
00:01:13.7025,69.7022242786738,-11.9740677906646,-35.2178464431313,-0.0609884120106663,43.4345915136489
00:01:13.7244,69.7023458888188,-12.0106283632001,-35.3253775388238,-0.0611712542970456,43.3873414692778
00:01:13.7463,69.7024677057761,-12.0191942202338,-35.3505712359817,-0.0612480989780201,43.3399973850062
00:01:13.7726,69.7026138046292,-11.993871499788,-35.2760926464352,-0.0612048923813256,43.2831603969477
00:01:13.7989,69.7027595282349,-11.9522409029054,-35.1536497144277,-0.061099302088095,43.2263831754329
00:01:13.8252,69.7029048215488,-11.9178803307191,-35.0525892079974,-0.0610211769041947,43.1696818840206
00:01:13.8515,69.7030498112633,-11.9006311507222,-35.0018563256535,-0.0610083185252774,43.1130197447204
00:01:13.8934,69.7032809633998,-11.8908683587297,-34.9731422315579,-0.0610559648297957,43.0225572397123
00:01:13.9354,69.7035118530969,-11.8790029160936,-34.9382438708637,-0.0610958775797236,42.9320450994218
00:01:13.9773,69.7037423637495,-11.8542858110248,-34.8655465030141,-0.06108655455296,42.8415172657956
00:01:14.0000,69.7038663070688,-11.8370422144214,-34.8148300424158,-0.0610663790090788,42.7927683055625
00:01:14.0037,69.7038867463805,-11.840889346945,-34.8261451380734,-0.0610888691879697,42.7847246933784
00:01:14.0074,69.7039072036825,-11.857137920142,-34.8739350592412,-0.0611592381473821,42.7766747763225
00:01:14.0111,69.7039277002679,-11.8865204365981,-34.9603542252885,-0.0612803619884769,42.7686122802729
00:01:14.0149,69.7039482566718,-11.9270461823792,-35.0795475952328,-0.0614446120024423,42.7605311474522
00:01:14.0219,69.703987485396,-12.023984532897,-35.3646603908737,-0.0618340960373675,42.7451293088568
00:01:14.0330,69.7040497095035,-12.200031014734,-35.8824441609823,-0.062539133274517,42.7207601513813
00:01:14.0441,69.7041128133182,-12.3734231549069,-36.392421043844,-0.0632356658100511,42.6961216294333
00:01:14.0552,69.7041767031236,-12.5126339173605,-36.8018644628251,-0.0638012077462156,42.6712408499663
00:01:14.0663,69.7042411659498,-12.5995973925468,-37.0576393898435,-0.0641649346321665,42.6461803730065
00:01:14.0810,69.704326978221,-12.6303146723765,-37.1479843305191,-0.0643190632281482,42.6128391626209
00:01:14.0957,69.704412748966,-12.5836003189225,-37.0105891733015,-0.0641719244166212,42.5794923657657
00:01:14.1104,69.7044980778793,-12.492745440995,-36.7433689441029,-0.0638524918885919,42.5462588985469
00:01:14.1251,69.7045827859175,-12.3938039113413,-36.4523644451215,-0.0635009885764728,42.5131921708575
00:01:14.1398,69.7046669052934,-12.3148665966254,-36.2201958724277,-0.0632269048788074,42.480282874806
00:01:14.1545,69.7047506103407,-12.2702854870788,-36.0890749619965,-0.0630863926253989,42.4474793992946
00:01:14.1754,69.7048693482411,-12.2616347264267,-36.0636315483139,-0.0630999797513502,42.4008946832764
00:01:14.1963,69.704988159666,-12.2909096068946,-36.1497341379253,-0.0632620046101795,42.3542529176575
00:01:14.2172,69.7051072378241,-12.3243179550301,-36.2479939853827,-0.0634407764200168,42.3074962434913
00:01:14.2381,69.705226522127,-12.3381210223394,-36.2885912421748,-0.0635432403216785,42.260642444656
00:01:14.2633,69.7053702688204,-12.3220992928093,-36.2414685082628,-0.0635388727624676,42.2041302240955
00:01:14.2953,69.7055523468012,-12.277015761717,-36.1088698874028,-0.0634359594598233,42.132432663873
00:01:14.3273,69.7057338359955,-12.2354143982382,-35.9865129359948,-0.0633463672150304,42.0608279750514
00:01:14.3593,69.705914877812,-12.2132615296817,-35.9213574402403,-0.0633332394083533,41.9892738634427
00:01:14.4031,69.7061625164704,-12.1995451320574,-35.8810150942865,-0.0633811152571444,41.8912269888798
00:01:14.4469,69.7064097850898,-12.1821010856798,-35.8297090755289,-0.0634145931777533,41.7931334043795
00:01:14.4907,69.7066565606908,-12.1528221426871,-35.743594537315,-0.0634012725120348,41.6950300592885
00:01:14.5000,69.7067085113127,-12.1452077132628,-35.7211991566552,-0.0633927274684642,41.6743504539301
00:01:14.5038,69.7067303069734,-12.1485765306133,-35.7311074429802,-0.06341527263299,41.6656720444768
00:01:14.5077,69.7067521201573,-12.1638498817663,-35.7760290640186,-0.0634852426076571,41.6569870603065
00:01:14.5116,69.7067739718735,-12.1916037116384,-35.8576579754072,-0.0636049837634048,41.6482891132551
00:01:14.5155,69.7067958822417,-12.22981730255,-35.9700508898529,-0.0637665061742676,41.6395720778756
00:01:14.5232,69.7068397477891,-12.3253481879412,-36.2510240821801,-0.0641660857707747,41.6221392274841
00:01:14.5350,69.706907477196,-12.4914883303692,-36.7396715599095,-0.0648585924833002,41.595278962787
00:01:14.5467,69.7069760705507,-12.6491455820432,-37.2033693589506,-0.0655190676308711,41.5681430286141
00:01:14.5585,69.7070454005205,-12.7677242773816,-37.5521302275929,-0.0660246924858508,41.5407696248867
00:01:14.5703,69.7071152221509,-12.8317818436915,-37.7405348343867,-0.0663127812229657,41.5132330953303
00:01:14.5868,69.7072133623,-12.8337827278105,-37.7464197876778,-0.0663649118276043,41.4745259657204
00:01:14.6034,69.7073112600819,-12.7626842962021,-37.5373067535355,-0.0661232393305417,41.4358674911309
00:01:14.6199,69.7074085377097,-12.6618972287369,-37.2408742021674,-0.0657615934670054,41.3973736395873
00:01:14.6364,69.7075051135019,-12.5713048501604,-36.9744260298836,-0.0654402266455969,41.3590698041757
00:01:14.6530,69.7076011424376,-12.5151295132374,-36.8092044506983,-0.0652567900150077,41.3209087697022
00:01:14.6728,69.7077161865841,-12.4978879806506,-36.7584940607369,-0.0652384696537307,41.275128892933
00:01:14.6927,69.7078312204433,-12.5172641696885,-36.8154828520248,-0.0653679679690741,41.2293161489335
00:01:14.7126,69.7079464471376,-12.5460408878982,-36.9001202585242,-0.0655359286424787,41.1834078388717
00:01:14.7324,69.7080618598456,-12.562094987642,-36.947338198947,-0.0656529552616655,41.1374057834021
00:01:14.7571,69.7082050963573,-12.5527708694634,-36.9199143219512,-0.0656801097318954,41.0802646314991
00:01:14.7934,69.7084160676763,-12.506639696368,-36.7842344010823,-0.0655888533885206,40.9959563503026
00:01:14.8298,69.708626315949,-12.458808915271,-36.6435556331501,-0.0654902474531797,40.9117489972112
00:01:14.8662,69.7088359690076,-12.4311560711109,-36.5622237385616,-0.0654735443007347,40.8276031264801
00:01:14.9113,69.7090955330493,-12.4132596419202,-36.5095871821182,-0.0655199629491876,40.7232094130877
00:01:14.9565,69.7093546286936,-12.3915138732966,-36.4456290391076,-0.0655510152002836,40.6187708276914
00:01:15.0000,69.709603808845,-12.359979163707,-36.3528798932558,-0.0655377269201598,40.5180977401561
00:01:15.0041,69.7096275278945,-12.3632005326377,-36.3623545077578,-0.0655620838440168,40.5085034519013
00:01:15.0082,69.7096512651944,-12.3783270395032,-36.406844233833,-0.0656354670746677,40.4989018052962
00:01:15.0124,69.7096750430861,-12.4057208097202,-36.4874141462358,-0.0657594284945887,40.4892857781399
00:01:15.0165,69.7096988825542,-12.4431658182244,-36.5975465241893,-0.0659249104544593,40.479648764824
00:01:15.0252,69.7097491166636,-12.5403487195871,-36.8833785870208,-0.0663493866243622,40.4593612493086
00:01:15.0378,69.7098226680855,-12.6955268781106,-37.3397849356193,-0.0670253560718229,40.4297088687137
00:01:15.0504,69.7098970539408,-12.8341137453358,-37.7473933686347,-0.0676347114630862,40.3997775708712
00:01:15.0630,69.7099721004191,-12.92789422713,-38.0232183150882,-0.0680601246447719,40.3696214950272
00:01:15.0756,69.7100475258689,-12.9656704859029,-38.1343249585379,-0.0682542608917645,40.3393291342757
00:01:15.0929,69.7101514524193,-12.9391442371957,-38.0563065799873,-0.0681959836626412,40.2975648097772
00:01:15.1103,69.7102549682921,-12.8562559279054,-37.8125174350159,-0.0679031915404996,40.255899020847
00:01:15.1276,69.7103578077506,-12.7609822868889,-37.5323008437909,-0.0675581521000166,40.2144162793624
00:01:15.1449,69.7104599972429,-12.6877414828616,-37.3168867142988,-0.0673040100293062,40.1731086002085
00:01:15.1623,69.7105617574218,-12.6520431342906,-37.2118915714429,-0.0672056656858986,40.1319062870689
00:01:15.1865,69.7107036604359,-12.6529342762394,-37.2145125771748,-0.0672797061640995,40.0743830235945
00:01:15.2107,69.7108456739158,-12.6790647827719,-37.2913670081526,-0.0674596347452745,40.0167641207496
00:01:15.2349,69.7109878358577,-12.6884952539531,-37.3191036880973,-0.0675704130741203,39.9590371143162
00:01:15.2591,69.7111297431233,-12.6585907663927,-37.2311493129196,-0.0675166103416269,39.9012999883626
00:01:15.2834,69.7112712762401,-12.6252154676087,-37.1329866694372,-0.0674480395396554,39.8436215010314
00:01:15.3131,69.711444462911,-12.5922672071706,-37.03608002109,-0.067397264067787,39.7729119532746
00:01:15.3581,69.7117065843354,-12.554482774298,-36.9249493361705,-0.0673713597039465,39.665712722642
00:01:15.4132,69.7120265839992,-12.519567480149,-36.822257294556,-0.0673875962299641,39.5345083158749
00:01:15.4804,69.712414852856,-12.4757541056442,-36.6933944283654,-0.0674022016481541,39.3747858120648
00:01:15.5000,69.712527970379,-12.461691394457,-36.652033513109,-0.0674011440718871,39.3281412756224
00:01:15.5044,69.712553730396,-12.4652748546103,-36.662573101795,-0.067429822491906,39.3175124533809
00:01:15.5089,69.7125795111737,-12.4808106303657,-36.7082665598992,-0.0675094680392515,39.3068747443021
00:01:15.5133,69.7126053362441,-12.5082977891074,-36.7891111444336,-0.0676401485529834,39.2962205025034
00:01:15.5178,69.7126312271567,-12.5452097187615,-36.8976756434162,-0.0678111676068312,39.2855427058615
00:01:15.5277,69.7126887148603,-12.6432284335646,-37.1859659810724,-0.0682599837027227,39.2618534979323
00:01:15.5411,69.7127676726858,-12.7823831986039,-37.5952447017761,-0.0688971769222461,39.2293624831632
00:01:15.5545,69.7128473912974,-12.8955445189532,-37.9280721145682,-0.0694250342749479,39.1966029106808
00:01:15.5679,69.7129276455332,-12.9593950310817,-38.1158677384757,-0.0697428284264235,39.1636476593847
00:01:15.5844,69.7130263424973,-12.9660717810494,-38.1355052383805,-0.0698258255918202,39.1231115891257
00:01:15.6008,69.713124882913,-12.9138739298799,-37.9819821467055,-0.06965571478347,39.0825953895618
00:01:15.6173,69.7132229531112,-12.8352443716495,-37.7507187401455,-0.0693713327761682,39.0422020632938
00:01:15.6337,69.7133204663309,-12.7614036704653,-37.5335402072508,-0.0691068768593996,39.0019603987599
00:01:15.6502,69.7134175231029,-12.7121844652906,-37.38877783909,-0.0689479395059538,38.9618376970417
00:01:15.6714,69.7135422855495,-12.690499331774,-37.3249980346293,-0.0689228045119058,38.9101879018937
00:01:15.6926,69.7136669706781,-12.6999891506807,-37.352909266708,-0.0690324604582346,38.8585121287002
00:01:15.7138,69.713791757491,-12.7167136540116,-37.4020989823871,-0.069173928309828,38.8067511750187
00:01:15.7350,69.7139166331324,-12.7218489499798,-37.4172027940583,-0.0692656920122378,38.7549089885875
00:01:15.7629,69.714080476217,-12.7028874542005,-37.361433688825,-0.0692749602824105,38.6868014373242
00:01:15.8018,69.714309085687,-12.6546007982514,-37.219414112504,-0.0691931727540081,38.5915697516557
00:01:15.8408,69.7145369225143,-12.6104690004758,-37.0896147072817,-0.0691290990846159,38.4964183103461
00:01:15.8797,69.7147641347284,-12.5826779593401,-37.0078763510004,-0.0691363238552416,38.4012979425271
00:01:15.9385,69.715106159435,-12.5486014959631,-36.9076514587149,-0.0691821386456158,38.2577028663447
00:01:16.0000,69.7154623771651,-12.5045145584098,-36.7779839953231,-0.0691932486019273,38.1076151980255
00:01:16.0051,69.7154923556437,-12.5084660421201,-36.7896060062357,-0.0692280916298032,38.0949600519032
00:01:16.0103,69.715522361125,-12.5258483356641,-36.8407303990119,-0.0693223634860867,38.0822926149265
00:01:16.0155,69.7155524233002,-12.5560423641931,-36.9295363652738,-0.069473428413492,38.0696028556504
00:01:16.0207,69.7155825680947,-12.595657938742,-37.0460527610059,-0.0696663899018485,38.056881995545
00:01:16.0327,69.7156529329302,-12.7002722471005,-37.3537419032366,-0.0701713821613865,38.0272102159512
00:01:16.0473,69.7157393168036,-12.82091438481,-37.7085717200294,-0.0707583864395842,37.990821601897
00:01:16.0619,69.7158263641518,-12.9031688485167,-37.9504966132844,-0.0711766561784947,37.9541813387747
00:01:16.0765,69.7159137768476,-12.9315484904217,-38.0339661482991,-0.0713561933462386,37.9173898834327
00:01:16.0966,69.7160333680184,-12.8970772235092,-37.9325800691446,-0.0712754832759014,37.8670061336659
00:01:16.1166,69.7161524658583,-12.8169372560586,-37.6968742825252,-0.0709904029407649,37.8167389527961
00:01:16.1366,69.7162708668106,-12.7366996268171,-37.4608812553443,-0.0707039442874048,37.7666580755171
00:01:16.1566,69.7163886860758,-12.6858730198626,-37.31139123489,-0.0705482383505291,37.7167247282938
00:01:16.1766,69.7165061976458,-12.6703071085534,-37.265609142804,-0.0705501147430438,37.666845719958
00:01:16.2027,69.7166590806793,-12.6789275372679,-37.2909633449055,-0.0706823992022156,37.6018726851788
00:01:16.2287,69.7168120361753,-12.6893708566232,-37.3216789900683,-0.0708236200533072,37.536788338079
00:01:16.2548,69.7169649760083,-12.6806723934556,-37.2960952748693,-0.0708792278496661,37.4716224754353
00:01:16.2877,69.7171578429732,-12.6446230807825,-37.1900678846544,-0.0708365583045466,37.3892908690339
00:01:16.3206,69.717350140948,-12.6012831586181,-37.0625975253472,-0.0707606419888384,37.3070159465495
00:01:16.3535,69.7175418814864,-12.5675874676297,-36.9634925518521,-0.0707281659845411,37.2247938634174
00:01:16.3980,69.7178007899095,-12.53718069142,-36.8740608571178,-0.0707533608142461,37.1134919978823
00:01:16.4560,69.7181366333088,-12.4986082081093,-36.7606123767919,-0.0707911598462933,36.9686508133465
00:01:16.5000,69.7183907046882,-12.4630163023286,-36.6559303009665,-0.0707912181542695,36.858718936889
00:01:16.5058,69.718424282721,-12.4667015696037,-36.6667693223638,-0.0708298025954263,36.844168209977
00:01:16.5116,69.7184578911874,-12.484554762268,-36.7192787125529,-0.0709335625552399,36.8296023556337
00:01:16.5174,69.718491564464,-12.5152892746759,-36.8096743372821,-0.0710967141847374,36.8150092961285
00:01:16.5245,69.7185325289874,-12.563559812551,-36.9516465075028,-0.071345523746881,36.7972609613416
00:01:16.5378,69.7186102153613,-12.6614740818094,-37.2396296523806,-0.0718477237377407,36.7636210393637
00:01:16.5511,69.7186884516636,-12.7471015125092,-37.4914750367919,-0.0722949040368856,36.729763461468
00:01:16.5644,69.7187671028981,-12.8002495800736,-37.6477928825694,-0.0725932962405546,36.6957351476499
00:01:16.5814,69.7188680616265,-12.8122839282995,-37.6831880244102,-0.0727170716451592,36.6520382072795
00:01:16.5984,69.7189689285716,-12.7743191324617,-37.5715268601815,-0.0726092658385056,36.6083328474094
00:01:16.6155,69.7190694194089,-12.7111301648806,-37.3856769555311,-0.072383950566558,36.5647196826189
00:01:16.6325,69.7191694351026,-12.6485250271236,-37.2015441974222,-0.0721606637211702,36.5212340625513
00:01:16.6496,69.7192690396518,-12.6038992976328,-37.0702920518613,-0.0720203723307044,36.477853639701
00:01:16.6724,69.7194022071113,-12.5786505392875,-36.9960309979043,-0.0719928172802639,36.4197637593706
00:01:16.7014,69.7195713610724,-12.5788906553865,-36.996737221725,-0.0721088405574804,36.3458567724323
00:01:16.7305,69.7197404904933,-12.5823911835882,-37.0070328929064,-0.0722408993611953,36.2718401754723
00:01:16.7595,69.719909510532,-12.5672509071848,-36.9625026681907,-0.0722862630477211,36.1977437516278
00:01:16.7955,69.7201186987966,-12.5262621820148,-36.8419475941612,-0.0722383745245123,36.1058342929785
00:01:16.8315,69.7203272110893,-12.481406188595,-36.71001820175,-0.0721719727944499,36.0139833564062
00:01:16.8676,69.720535089436,-12.4469502820748,-36.60867730022,-0.0721544400179141,35.9221759515979
00:01:16.9190,69.7208308516103,-12.4097098862524,-36.4991467242719,-0.0721860797472531,35.7911662258734
00:01:16.9820,69.7211920214776,-12.3611475725422,-36.3563163898299,-0.072211579411787,35.6305618173778
00:01:17.0000,69.7212949506196,-12.3454733121697,-36.3102156240285,-0.0722103761860035,35.5846646120394
00:01:17.0074,69.7213373251382,-12.3508181944648,-36.3259358660729,-0.0722663545156017,35.5657547362752
00:01:17.0148,69.7213797506115,-12.3739430579897,-36.3939501705578,-0.0724075820600936,35.5468182758176
00:01:17.0222,69.721422278301,-12.411340453537,-36.503942510403,-0.0726174858694319,35.5278364463394
00:01:17.0296,69.7214649446031,-12.4563181994363,-36.6362299983422,-0.0728641718140284,35.5087958487564
00:01:17.0432,69.7215438007538,-12.5359038254061,-36.8703053688415,-0.0733040874150841,35.4736146215775
00:01:17.0599,69.7216406436852,-12.6042371591111,-37.0712857620914,-0.0737044689387293,35.4304142042715
00:01:17.0765,69.7217378204632,-12.6259387212207,-37.1351138859433,-0.0738815089852347,35.3870489379661
00:01:17.0984,69.7218656773084,-12.5922532385476,-37.0360389369047,-0.0738146161664454,35.3299214745167
00:01:17.1203,69.7219930449964,-12.5222704817614,-36.8302072992983,-0.0735717111122681,35.2729004964425
00:01:17.1423,69.7221197627075,-12.4554985632977,-36.6338193038167,-0.0733433541548001,35.2160457746687
00:01:17.1642,69.7222459593323,-12.4152481765225,-36.5154358133013,-0.073242798734725,35.1593102254067
00:01:17.1907,69.7223981259674,-12.4010929407059,-36.473802766782,-0.0732885272457072,35.0907751723571
00:01:17.2171,69.7225501842452,-12.4027249634339,-36.4786028336291,-0.0734115773328898,35.0221728016006
00:01:17.2436,69.7227021880276,-12.3973404731261,-36.4627660974298,-0.0735010965947014,34.953482715841
00:01:17.2759,69.7228872249882,-12.3698124602992,-36.3818013538212,-0.0735082053149841,34.8696973175505
00:01:17.3251,69.7231683716045,-12.3110365142904,-36.2089309243834,-0.073436518364934,34.7420046460546
00:01:17.3743,69.7234483211039,-12.2585700804968,-36.054617883814,-0.0733954696593659,34.6143837407691
00:01:17.4236,69.7237272347537,-12.2186398067049,-35.9371759020733,-0.0734164014688747,34.4867738629808
00:01:17.5000,69.7241582878481,-12.1560346651368,-35.7530431327554,-0.0734465409402224,34.2886541120368
00:01:17.5079,69.7242031390815,-12.1608390684832,-35.7671737308329,-0.0735063478355381,34.2679781792123
00:01:17.5159,69.7242480401848,-12.1816445008448,-35.8283661789552,-0.0736462648654647,34.2472731374481
00:01:17.5239,69.7242930389945,-12.2146444708919,-35.9254249143879,-0.0738474959305286,34.2265206755054
00:01:17.5337,69.7243489669003,-12.2619533402588,-36.0645686478201,-0.0741296061614696,34.2007281357759
00:01:17.5493,69.7244373478233,-12.3269322933248,-36.2556832156612,-0.0745275593413483,34.159967852105
00:01:17.5648,69.7245260843903,-12.3648339343635,-36.3671586304809,-0.0747909886677141,34.1190316594657
00:01:17.5841,69.7246363726288,-12.3644537388437,-36.3660404083638,-0.0748803765734026,34.0681089038205
00:01:17.6074,69.724769756762,-12.3147511002141,-36.2198561771004,-0.0747405737804585,34.0064180118399
00:01:17.6308,69.7249025504303,-12.2472710961876,-36.0213855770222,-0.0745101793743658,33.9448633269982
00:01:17.6541,69.725034730823,-12.194461202321,-35.8660623597676,-0.0743530069854858,33.8834541871308
00:01:17.6775,69.7251664941355,-12.1683391844326,-35.7892328953901,-0.0743305389194496,33.8221153195652
00:01:17.7123,69.7253627608477,-12.1566595205162,-35.7548809426946,-0.0744358937396855,33.7305557655035
00:01:17.7472,69.7255587830004,-12.1453115385875,-35.7215045252575,-0.074543882357082,33.6388876037387
00:01:17.7820,69.7257544409469,-12.1156164629514,-35.634166067504,-0.0745587858100959,33.5471567800231
00:01:17.8269,69.7260058068457,-12.0621126264272,-35.4768018424328,-0.0744999467150956,33.428938290724
00:01:17.8719,69.7262561468936,-12.0121196771468,-35.3297637563141,-0.0744588132491706,33.3107795054846
00:01:17.9266,69.7265600606175,-11.9636319388866,-35.1871527614311,-0.0744729612245823,33.1667731973696
00:01:18.0000,69.7269651545323,-11.9003183689163,-35.0009363791656,-0.0745010402602303,32.9738666781417
00:01:18.0094,69.7270174752643,-11.9047332156213,-35.0139212224156,-0.0745706447329923,32.9488736075941
00:01:18.0189,69.7270698542189,-11.9255488164282,-35.0751435777299,-0.0747262183048586,32.9238416739086
00:01:18.0284,69.7271223455974,-11.9571065470594,-35.1679604325275,-0.0749384601787422,32.8987491353809
00:01:18.0404,69.7271884769879,-11.9988141844604,-35.2906299542953,-0.0752167230578823,32.8671292660732
00:01:18.0576,69.7272844453944,-12.0417312740141,-35.4168566882767,-0.0755293460196473,32.821223529821
00:01:18.0749,69.7273806208163,-12.0534725033159,-35.451389715635,-0.0756792411058024,32.775181468926
00:01:18.0987,69.7275132242313,-12.0230243510001,-35.3618363264709,-0.0756408766559141,32.7116025190045
00:01:18.1225,69.7276453700299,-11.9650033532793,-35.1911863331745,-0.0754564852898365,32.6481053417078
00:01:18.1463,69.7277769315828,-11.9102006646528,-35.0300019548611,-0.0752881878354463,32.5847413738503
00:01:18.1701,69.7279080187728,-11.8757170853499,-34.9285796627939,-0.0752268899490389,32.5214667504038
00:01:18.2014,69.7280803053689,-11.856187612402,-34.8711400364766,-0.0752835986485529,32.4381192371222
00:01:18.2328,69.7282523292537,-11.8444076286335,-34.8364930253927,-0.075382216377516,32.3546999798292
00:01:18.2641,69.7284240797169,-11.822528964211,-34.7721440123852,-0.0754275596435892,32.2712128700956
00:01:18.3049,69.7286465218499,-11.7778556589808,-34.640751938179,-0.0753996252693386,32.1627665436982
00:01:18.3578,69.728934543101,-11.7169013903503,-34.461474677501,-0.0753476315657771,32.0217950880471
00:01:18.4108,69.7292212189938,-11.6648917500703,-34.3085051472655,-0.0753438081210789,31.8808595821296
00:01:18.4828,69.7296091924581,-11.5998323718736,-34.1171540349224,-0.0753699951207573,31.6891350743323
00:01:18.5000,69.729701175995,-11.5843702677341,-34.0716772580414,-0.0753764470083824,31.6435111973374
00:01:18.5125,69.7297686780617,-11.5885631195966,-34.0840091752842,-0.0754664103057307,31.6099932487026
00:01:18.5251,69.7298362579635,-11.6105049007577,-34.1485438257579,-0.075654115041941,31.5764128719617
00:01:18.5377,69.729903981019,-11.6400213587981,-34.2353569376416,-0.0758841496585554,31.5427424769834
00:01:18.5533,69.7299884079632,-11.6695900452101,-34.3223236623827,-0.0761320956632448,31.5007407714493
00:01:18.5736,69.7300979496644,-11.6803422841411,-34.3539478945326,-0.0763028095722649,31.4461873873055
00:01:18.5994,69.730236996338,-11.6515718040908,-34.2693288355613,-0.0762861248837403,31.3768151817598
00:01:18.6251,69.7303755803389,-11.5979690194817,-34.111673586711,-0.076131583491861,31.3075090379237
00:01:18.6509,69.730513578023,-11.5470945553644,-33.9620428098953,-0.0759912909955525,31.2383215831268
00:01:18.6766,69.7306510910185,-11.5138557616953,-33.864281652045,-0.0759484540826656,31.169210244561
00:01:18.7117,69.7308380853567,-11.4897246869947,-33.7933079029257,-0.0760081970839209,31.0749859585623
00:01:18.7469,69.7310246785701,-11.469185075744,-33.7328972815999,-0.0760887419618648,30.9806907712723
00:01:18.7820,69.7312108257338,-11.4380482237792,-33.6413183052328,-0.0761104075603403,30.8863433823477
00:01:18.8306,69.731467567476,-11.3829357703121,-33.4792228538591,-0.0760728962239038,30.7557372426593
00:01:18.8894,69.731776609233,-11.3185450965429,-33.2898385192438,-0.0760401898363783,30.5977748019313
00:01:18.9482,69.7320840225026,-11.2617188892768,-33.1227026155199,-0.076050621303091,30.4398260418483
00:01:19.0000,69.7323533065541,-11.2129907756098,-32.9793846341464,-0.0760675689466433,30.3007916810961
00:01:19.0171,69.7324421761131,-11.2154145941053,-32.9865135120743,-0.0761801211217751,30.2547744354586
00:01:19.0342,69.7325311274383,-11.2339310492984,-33.0409736744072,-0.0763862006423211,30.2086613789351
00:01:19.0513,69.7326202127418,-11.2526989708729,-33.0961734437438,-0.0765948051631454,30.1624290193818
00:01:19.0730,69.7327331331914,-11.2570059659185,-33.1088410762309,-0.0767475891791139,30.1037472052842
00:01:19.0996,69.7328718419331,-11.229959655381,-33.0292931040617,-0.0767485485587815,30.0315173875085
00:01:19.1263,69.7330101149284,-11.1830132476058,-32.8912154341347,-0.0766334564204792,29.9593322296658
00:01:19.1529,69.7331478447284,-11.1371803930257,-32.7564129206639,-0.0765241285276963,29.8872397502107
00:01:19.1851,69.7333132364907,-11.0989104949469,-32.6438543969026,-0.0764909988834117,29.8004232033412
00:01:19.2277,69.7335321999793,-11.0655853291368,-32.5458392033434,-0.0765499052106138,29.6850953578479
00:01:19.2704,69.7337504553621,-11.0318115701979,-32.4465046182291,-0.0766069788852049,29.5697002961334
00:01:19.3131,69.7339679217773,-10.9879294159954,-32.31743945881,-0.0766047201380589,29.4542738915416
00:01:19.3792,69.7343029722424,-10.9144874618843,-32.1014337114243,-0.0765686487001735,29.2755296386634
00:01:19.4453,69.7346358911028,-10.8457491451667,-31.8992621916668,-0.0765606954887549,29.0968170401234
00:01:19.5000,69.7349098737381,-10.7921548770081,-31.7416319912004,-0.0765742740392392,28.9489045121665
00:01:19.5370,69.7350948258165,-10.7880629755024,-31.7295969867718,-0.0767797764041431,28.8486495588135
00:01:19.5630,69.7352251057918,-10.7899176246527,-31.7350518372137,-0.0769549592780676,28.7778444355961
00:01:19.5891,69.7353552861812,-10.7755769767587,-31.6928734610549,-0.0770323413935041,28.7069342944129
00:01:19.6220,69.7355187474681,-10.7344919674934,-31.5720351985101,-0.0769890387289479,28.6176459029187
00:01:19.6582,69.7356984085103,-10.6812274036646,-31.4153747166605,-0.076892012991736,28.5191686440901
00:01:19.6945,69.7358772872222,-10.6371623559723,-31.2857716352126,-0.0768511113118717,28.4207635870853
00:01:19.7392,69.7360971704208,-10.5961148730786,-31.1650437443489,-0.076883248453382,28.2993236714707
00:01:19.7972,69.7363808721501,-10.5431913436034,-31.009386304716,-0.0769275160930412,28.141859261286
00:01:19.8551,69.7366630177856,-10.4824877563391,-30.8308463421737,-0.0769236903958029,27.9843683366743
00:01:19.9402,69.7370740762911,-10.3906626344703,-30.5607724543244,-0.0769009752229637,27.7532841801448
00:01:20.0000,69.7373605909415,-10.3284975448847,-30.3779339555433,-0.076899871294391,27.591044698377
00:01:20.1000,69.7378371709908,-10.2536783161961,-30.1578774005768,-0.0770889480877457,27.3190612175463
00:01:20.1594,69.7381183332493,-10.1955582473776,-29.9869360216988,-0.0771150120357654,27.1573228792716
00:01:20.2188,69.7383977328331,-10.124897174045,-29.7791093354264,-0.0770593511427498,26.995612046542
00:01:20.2782,69.7386753099446,-10.0589130372737,-29.5850383449227,-0.0770339846531987,26.83395814771
00:01:20.3521,69.739018436456,-9.98458451095559,-29.3664250322223,-0.0770543502316631,26.632738690856
00:01:20.4521,69.7394783014778,-9.88173390755155,-29.0639232575046,-0.0770675341748215,26.3605916427626
00:01:20.5000,69.7396965450456,-9.83075358387694,-28.9139811290498,-0.0770621377628,26.2304209045887
00:01:20.6000,69.7401490722192,-9.71957800249505,-28.5869941249854,-0.0770195518250386,25.9583573342763
00:01:20.6999,69.7405966478232,-9.61445309416529,-28.2778032181332,-0.0770186727889285,25.6863416336871
00:01:20.7999,69.7410393859127,-9.51130817538995,-27.9744358099704,-0.0770325777219384,25.4143111895341
00:01:20.8999,69.741477272744,-9.40591249078566,-27.6644485023108,-0.0770316834979709,25.1422704814517
00:01:21.0000,69.7419102738707,-9.29993471920942,-27.3527491741454,-0.0770274047766975,24.8702351822001
00:01:21.1000,69.742337437656,-9.16026858385434,-26.941966423101,-0.0767765401419349,24.5987351858834
00:01:21.1503,69.7425503476095,-9.10242789688311,-26.7718467555386,-0.0767392781804844,24.4622152361393
00:01:21.2007,69.7427620686904,-9.05864327586425,-26.6430684584243,-0.0768056718733804,24.3256712386383
00:01:21.2510,69.742972684372,-9.01175244975346,-26.5051542639808,-0.0768502560107719,24.1890555753964
00:01:21.3014,69.7431820977005,-8.95680511979718,-26.3435444699917,-0.0768353716701815,24.0524223649609
00:01:21.3873,69.7435365625492,-8.86256227914416,-26.0663596445417,-0.0768063429441572,23.8192819247996
00:01:21.4732,69.7438873991284,-8.77270968630729,-25.8020873126685,-0.076810844321689,23.58615922504
00:01:21.5000,69.7439957318959,-8.74553654017121,-25.7221662946212,-0.0768182298010013,23.5136876803794
00:01:21.5265,69.7441028562711,-8.6975813156074,-25.5811215164923,-0.0766637700712925,23.4417825646892
00:01:21.5465,69.7441832506466,-8.65249490170341,-25.4485144167747,-0.0764774087785817,23.3876516571574
00:01:21.5665,69.7442632651312,-8.61272935433335,-25.3315569245099,-0.0763310466389536,23.33363052487
00:01:21.5928,69.7443678771201,-8.57843195710558,-25.2306822267811,-0.0762767282077256,23.2627927832387
00:01:21.6298,69.7445144695572,-8.55104395701989,-25.1501292853526,-0.0763626628654659,23.163150468269
00:01:21.6667,69.7446605734281,-8.52606619189098,-25.0766652702676,-0.0764688292822048,23.0634066193631
00:01:21.7037,69.7448061288472,-8.48993995763968,-24.9704116401167,-0.0764884094883454,22.9635961320826
00:01:21.7504,69.7449889965199,-8.43448443971546,-24.8073071756337,-0.0764354763858303,22.8375493109884
00:01:21.8034,69.7451954180339,-8.37425344266357,-24.6301571843046,-0.0763968234020124,22.6943772959134
00:01:21.8565,69.7454004549296,-8.32062190441585,-24.472417365929,-0.0764109806600439,22.5512197810149
00:01:21.9507,69.7457611741178,-8.22516052138927,-24.1916485923214,-0.0764353275325593,22.29702822887
00:01:22.0000,69.7459483046303,-8.1733356373743,-24.0392224628656,-0.0764334179297283,22.1639561684963
00:01:22.0160,69.7460088670697,-8.14256653196763,-23.9487250940224,-0.0763180608546129,22.1207036228587
00:01:22.0320,69.746069155622,-8.09926972023409,-23.8213815301003,-0.0760984973179957,22.0775452884279
00:01:22.0481,69.7461291261614,-8.05443530536992,-23.6895156040292,-0.0758649768964874,22.0345095141701
00:01:22.0677,69.7462022046795,-8.01154202965017,-23.5633589107358,-0.0756769331307585,21.9819282896732
00:01:22.0917,69.7462909947175,-7.98194458226963,-23.4763075949107,-0.0756350116374127,21.9178512641163
00:01:22.1218,69.7464020276262,-7.96586433444962,-23.4290127483812,-0.0757579467041926,21.8374493303944
00:01:22.1518,69.7465128201919,-7.95211067054741,-23.3885607957277,-0.0759019818146321,21.7569262306463
00:01:22.1819,69.7466233198557,-7.92673935407664,-23.313939276696,-0.0759497302315127,21.67631453416
00:01:22.2186,69.7467576576068,-7.88246092338283,-23.1837085981848,-0.0758959837907392,21.5778846602581
00:01:22.2553,69.7468912519816,-7.83630980573004,-23.0479700168531,-0.0758256143682665,21.4795192197485
00:01:22.2995,69.7470510231541,-7.78911407977757,-22.9091590581693,-0.0758112851157059,21.3612451202002
00:01:22.3579,69.7472608386495,-7.73341650475525,-22.7453426610449,-0.0758502665579977,21.2048691560897
00:01:22.4163,69.7474690864828,-7.67540812039681,-22.574729765873,-0.0758701931177606,21.0484525464351
00:01:22.5000,69.7477647268596,-7.58717108348206,-22.3152090690649,-0.0758548663161681,20.8242589581856
00:01:22.5122,69.7478076510415,-7.56355542077625,-22.2457512375772,-0.0757577614891563,20.7914920955686
00:01:22.5244,69.7478504069632,-7.52821696302453,-22.141814597131,-0.0755562163043235,20.7587906139372
00:01:22.5367,69.7478929519498,-7.48767449676453,-22.0225720493074,-0.0753075608876539,20.7261837010669
00:01:22.5515,69.7479443122849,-7.44242280026948,-21.889478824322,-0.0750395065160203,20.6867305973786
00:01:22.5708,69.7480104379447,-7.4007227215856,-21.7668315340753,-0.0748408552468285,20.635797493339
00:01:22.5948,69.7480928131034,-7.37559818654396,-21.6929358427764,-0.0748322768263281,20.5721504991174
00:01:22.6189,69.7481749926004,-7.36821581630254,-21.6712229891251,-0.0749830378156139,20.5084526987843
00:01:22.6430,69.7482570744261,-7.36182432983569,-21.6524244995167,-0.0751443609795588,20.4446364122564
00:01:22.6671,69.7483390183928,-7.34558576778219,-21.6046640228888,-0.0752182257210387,20.3807282839064
00:01:22.6982,69.7484445308252,-7.31009255127876,-21.5002722096434,-0.075182737691404,20.2981271665363
00:01:22.7293,69.7485495081231,-7.26887627502766,-21.3790478677284,-0.0750945314922625,20.2155822749502
00:01:22.7604,69.748653938906,-7.23192058157108,-21.2703546516796,-0.0750444295557661,20.133101973462
00:01:22.8016,69.7487915208375,-7.19206098748135,-21.1531205514157,-0.0750612600589563,20.0238848803657
00:01:22.8598,69.7489846218688,-7.13842713140019,-20.9953739158829,-0.0751108365306889,19.8695246750741
00:01:22.9180,69.7491761860875,-7.08006617931385,-20.8237240568054,-0.0751172878075053,19.7151265112382
00:01:23.0000,69.7494431304983,-6.99443627043722,-20.5718713836389,-0.0750938651367983,19.4977967665151
00:01:23.0098,69.7494748339344,-6.97610152722118,-20.5179456682976,-0.0750137729796186,19.4718116222237
00:01:23.0196,69.7495064296183,-6.94764164433658,-20.4342401304017,-0.074836530528812,19.4458721575627
00:01:23.0294,69.7495378835359,-6.91281526181658,-20.3318095935782,-0.0745976875883064,19.4200033770351
00:01:23.0412,69.7495758062796,-6.86982839822595,-20.205377641841,-0.0742996388613336,19.3887513085814
00:01:23.0580,69.7496289885462,-6.81956484966654,-20.0575436754898,-0.0739766930678279,19.3448102720633
00:01:23.0748,69.7496818552866,-6.78713084696313,-19.9621495498916,-0.0738231422691335,19.3010062064149
00:01:23.0982,69.7497552960417,-6.76853907151341,-19.9074678573924,-0.0738644652826589,19.2399734232203
00:01:23.1216,69.7498286043148,-6.76576379659476,-19.8993052841022,-0.0740596797390924,19.1788549884744
00:01:23.1450,69.7499018522328,-6.76125975830138,-19.8860581126511,-0.0742402396035856,19.1175966720792
00:01:23.1684,69.7499749789096,-6.74520800788511,-19.838847082015,-0.0743098281546778,19.0562424835725
00:01:23.1987,69.7500692351869,-6.70962051837579,-19.7341779952229,-0.0742552516114404,18.9768485671457
00:01:23.2289,69.7501629765222,-6.669057153116,-19.6148739797529,-0.0741508537102778,18.8975259140547
00:01:23.2592,69.750256201621,-6.63366527165979,-19.5107802107641,-0.0740965004482758,18.8182761070594
00:01:23.2979,69.7503746218726,-6.59775294192071,-19.4051557115315,-0.0741189713250041,18.7170879545025
00:01:23.3499,69.7505329013525,-6.55210374851654,-19.2708933779898,-0.0741768005500913,18.5809262371054
00:01:23.4018,69.750689999627,-6.50163912221669,-19.1224680065197,-0.0741871402031782,18.4447205568497
00:01:23.4686,69.7508898505605,-6.4328651863537,-18.9201917245697,-0.0741599993438314,18.2698707491512
00:01:23.5000,69.7509829819847,-6.40077275766357,-18.8258022284223,-0.0741492275770925,18.1877716367161
00:01:23.5074,69.7510051029054,-6.38811293076684,-18.7885674434319,-0.0740948066089251,18.1682113100219
00:01:23.5149,69.7510271661326,-6.36799669938479,-18.7294020570141,-0.0739629810551575,18.1486763492045
00:01:23.5224,69.7510491501825,-6.34195955833927,-18.6528222304096,-0.0737693890143269,18.1291838138326
00:01:23.5316,69.751076280775,-6.30601836760524,-18.5471128458978,-0.0734906535404905,18.1050875091668
00:01:23.5468,69.7511203241808,-6.25035258759318,-18.3833899635094,-0.0730650140231821,18.0658734953466
00:01:23.5619,69.7511640265479,-6.20672890205553,-18.2550850060457,-0.0727621634527729,18.026848673016
00:01:23.5801,69.7512162054523,-6.17666285505543,-18.1666554560454,-0.0726287746814238,17.980118428738
00:01:23.6038,69.7512837746003,-6.16502252917952,-18.1324192034692,-0.0727411703221666,17.9194098607267
00:01:23.6274,69.7513512629863,-6.16587406137589,-18.1349237099291,-0.0729864349217985,17.8585689942463
00:01:23.6511,69.7514187076411,-6.16097263049249,-18.1205077367426,-0.0731738206626596,17.7975647380233
00:01:23.6747,69.7514860163233,-6.14236619075151,-18.065782913975,-0.0732178033028119,17.7364699847216
00:01:23.7063,69.7515756935443,-6.10307402960645,-17.9502177341366,-0.0731237110451034,17.6547150437792
00:01:23.7380,69.7516648026848,-6.06156936003325,-17.8281451765684,-0.0730045429039892,17.5730602211499
00:01:23.7696,69.7517533751352,-6.0276494517729,-17.7283807405085,-0.0729656337053965,17.491480749905
00:01:23.8091,69.7518632244843,-5.99412614763692,-17.6297827871674,-0.0730119843685105,17.3897313946199
00:01:23.8486,69.751972449538,-5.96137841035357,-17.5334659128046,-0.0730678416840566,17.2879261208068
00:01:23.8976,69.7521072449354,-5.91475290712596,-17.3963320797822,-0.0730731756287615,17.1613931424399
00:01:23.9655,69.752291947553,-5.84657609684197,-17.1958120495352,-0.0730399248061019,16.9863539106633
00:01:24.0000,69.7523850498244,-5.81246076357725,-17.0954728340507,-0.0730289252731928,16.897376780018
00:01:24.0064,69.7524023384435,-5.8021827032632,-17.0652432448918,-0.0729827147838167,16.8807973479153
00:01:24.0128,69.7524195863781,-5.78567872391005,-17.0167021291472,-0.0728661589808405,16.8642371017586
00:01:24.0192,69.7524367774959,-5.76379276283089,-16.952331655385,-0.0726885532923463,16.8477099788244
00:01:24.0271,69.7524577821572,-5.73275956913063,-16.8610575562666,-0.0724228449046137,16.8274854859316
00:01:24.0412,69.7524949499154,-5.67695724613957,-16.6969330768811,-0.071941740420473,16.7916116892823
00:01:24.0553,69.7525317864479,-5.62903162114305,-16.5559753563031,-0.0715471459837838,16.7559497548843
00:01:24.0694,69.7525683637676,-5.59603131899082,-16.4589156440906,-0.0713194073329844,16.7204386217473
00:01:24.0884,69.7526176067487,-5.57550525399347,-16.3985448646867,-0.0712832107127606,16.6724916997959
00:01:24.1074,69.7526667426718,-5.57356606622635,-16.392841371254,-0.0714588872880423,16.6245046802595
00:01:24.1265,69.752715872281,-5.5770408399283,-16.4030612939068,-0.0716985038312383,16.5763893050937
00:01:24.1455,69.7527649990093,-5.57506811317656,-16.3972591564017,-0.0718779402816479,16.5281413937722
00:01:24.1645,69.7528140601404,-5.56281395936925,-16.3612175275566,-0.0719403682265024,16.479814872266
00:01:24.1935,69.7528884958459,-5.52972769778432,-16.2639049934833,-0.0718689516740381,16.4061980267712
00:01:24.2225,69.752962469404,-5.49138012579307,-16.1511180170384,-0.0717350522692206,16.3326712586771
00:01:24.2515,69.7530359798443,-5.45838924455254,-16.0540860133898,-0.0716622350462102,16.2592363610638
00:01:24.2805,69.7531091005369,-5.43301319618065,-15.9794505770019,-0.0716783799024426,16.1858284706677
00:01:24.3249,69.7532203694305,-5.39816272604791,-15.8769491942586,-0.0717512176896821,16.0734307236889
00:01:24.3693,69.7533308650683,-5.35980454447883,-15.764131013173,-0.0717836573523097,15.9609695918228
00:01:24.4136,69.7534405224286,-5.31680764460082,-15.6376695429436,-0.0717606697888691,15.8485036938945
00:01:24.4819,69.7536075972658,-5.25113532336241,-15.4445156569483,-0.0717307791387566,15.6754534279811
00:01:24.5000,69.7536513243465,-5.2343239791657,-15.3950705269579,-0.0717290752189206,15.6298164358482
00:01:24.5063,69.7536667147129,-5.22437098852669,-15.3657970250785,-0.0716788736355565,15.6137183902671
00:01:24.5127,69.7536820656574,-5.20803452507609,-15.317748603165,-0.0715496905553374,15.5976411765996
00:01:24.5190,69.7536973607068,-5.18614611666457,-15.2533709313664,-0.0713515433711993,15.5816003772771
00:01:24.5254,69.7537125868984,-5.16074805179385,-15.1786707405702,-0.0711094980472843,15.5656083086437
00:01:24.5380,69.7537426976685,-5.10872289390554,-15.0256555703104,-0.0706078363559187,15.5339109583019
00:01:24.5533,69.7537787010467,-5.0536192141476,-14.8635859239635,-0.0700943995985302,15.4958862188834
00:01:24.5687,69.7538143814167,-5.01561677540695,-14.7518140453146,-0.0697897533020041,15.4580760772686
00:01:24.5840,69.7538498621784,-4.99702964215005,-14.6971460063237,-0.0697242671500571,15.4203650453715
00:01:24.6026,69.7538929108455,-4.99327234952472,-14.6860951456609,-0.069879238457776,15.3744785424492
00:01:24.6212,69.7539359528103,-4.99811307612493,-14.700332576838,-0.0701437850684505,15.3284648106706
00:01:24.6398,69.7539790122487,-4.9997723735339,-14.705212863335,-0.0703712313997705,15.2822994358391
00:01:24.6584,69.754022039921,-4.99180685644152,-14.6817848718868,-0.0704793631517144,15.236028326351
00:01:24.6833,69.7540793399213,-4.96708498804854,-14.6090734942604,-0.0704463998461884,15.1741733619476
00:01:24.7081,69.7541363217507,-4.93467572899363,-14.5137521440989,-0.0703147219494134,15.1123806452391
00:01:24.7330,69.7541929521221,-4.90392637294427,-14.4233128616008,-0.0702026737606929,15.0506832863031
00:01:24.7578,69.754249269908,-4.87950429289902,-14.3514832144089,-0.0701708411653755,14.9890441525857
00:01:24.7946,69.7543319900858,-4.85122832532898,-14.2683186039088,-0.0702245403334494,14.8980035951493
00:01:24.8313,69.7544142225791,-4.82395190816699,-14.18809384755,-0.0702925568639998,14.8068991860489
00:01:24.8680,69.7544959454968,-4.79245262788239,-14.0954489055364,-0.0703062282585809,14.715751861943
00:01:24.9200,69.7546108324375,-4.74367896451311,-13.9519969544503,-0.0702711169239697,14.586557268989
00:01:24.9721,69.7547245706657,-4.69580817898655,-13.811200526431,-0.0702474202245796,14.4574010345123
00:01:25.0000,69.7547849727638,-4.67144373609682,-13.7395404002848,-0.0702515680299534,14.3882917776745
00:01:25.0050,69.7547959646446,-4.66442639798008,-13.7189011705296,-0.0702174439580209,14.3756756641555
00:01:25.0101,69.7548069343847,-4.65297793972849,-13.6852292344956,-0.0701229774076344,14.3630715162606
00:01:25.0152,69.754817872302,-4.63729431088078,-13.6391009143552,-0.0699706608316358,14.3504894091502
00:01:25.0203,69.7548287699266,-4.61847173288768,-13.5837403908461,-0.0697752845575486,14.3379381841017
00:01:25.0320,69.7548537150617,-4.57066644359911,-13.4431365988209,-0.0692632006041217,14.3091459158239
00:01:25.0465,69.7548841198965,-4.51348384087656,-13.2749524731664,-0.0686524831354399,14.2739336898083
00:01:25.0609,69.7549141912928,-4.46871039604291,-13.1432658707144,-0.0682074027808247,14.2389829060687
00:01:25.0754,69.7549440263538,-4.4418853819412,-13.0643687704153,-0.068004568909788,14.2041940434573
00:01:25.0949,69.7549840821967,-4.43029864526733,-13.0302901331392,-0.0680659233853237,14.1573347425434
00:01:25.1144,69.7550240934725,-4.43458513193511,-13.042897446868,-0.068346988355365,14.1103694024667
00:01:25.1339,69.7550641338043,-4.43997686852406,-13.058755495659,-0.0686469924433798,14.0632192356984
00:01:25.1534,69.7551041740681,-4.43645803444197,-13.0484059836529,-0.0688265768738078,14.0159130853258
00:01:25.1729,69.7551441299115,-4.42140944233519,-13.0041454186329,-0.0688468439010753,13.968539054883
00:01:25.1994,69.7551982479148,-4.38996039437376,-12.9116482187464,-0.068720356034537,13.9040849243264
00:01:25.2259,69.7552519832612,-4.35668205920873,-12.8137707623786,-0.0685660894758172,13.8397465304443
00:01:25.2525,69.7553053577111,-4.32953146312969,-12.7339160680285,-0.0684967885353625,13.7755016989202
00:01:25.2790,69.7553584404852,-4.30925376492035,-12.6742757791775,-0.0685248953794133,13.7112762682532
00:01:25.3156,69.7554312435745,-4.28438274189282,-12.6011257114495,-0.0686091501413812,13.6226545989601
00:01:25.3522,69.755503586932,-4.25657754540461,-12.5193457217783,-0.0686525947761227,13.5339651509119
00:01:25.3888,69.7555754205716,-4.22447167900927,-12.4249167029684,-0.068633865923188,13.445262416727
00:01:25.4467,69.7556880367837,-4.17281407849446,-12.2729825838072,-0.0685912230313474,13.3048768267507
00:01:25.5000,69.7557902739526,-4.12775022173161,-12.1404418286224,-0.0685868097844585,13.1759903442172
00:01:25.5046,69.7557990744573,-4.1218193994429,-12.1229982336556,-0.0685558870795678,13.1648300271091
00:01:25.5092,69.7558078580618,-4.11220907772332,-12.0947325815392,-0.0684694131574982,13.1536796354511
00:01:25.5138,69.7558166173292,-4.09894915215568,-12.0557328004579,-0.0683276857318702,13.1425477468961
00:01:25.5184,69.7558253455061,-4.08284850656372,-12.0083779604815,-0.0681427946894381,13.131442173381
00:01:25.5285,69.7558444426723,-4.0426501741572,-11.8901475710506,-0.0676627901084509,13.1070939629539
00:01:25.5420,69.7558695134426,-3.98822494006383,-11.7300733531289,-0.0670065767681398,13.0750240052446
00:01:25.5555,69.7558942771943,-3.9421675318884,-11.5946103879071,-0.0664731758080351,13.0432296652
00:01:25.5690,69.7559188038455,-3.9110251672126,-11.5030151976841,-0.0661620233167628,13.0116319102481
00:01:25.5855,69.7559485992401,-3.89389829962742,-11.4526420577277,-0.0660962316141881,12.9731194573768
00:01:25.6020,69.7559783221629,-3.8934344480643,-11.4512777884244,-0.0662836291290301,12.9345775763635
00:01:25.6184,69.7560080595605,-3.89989042606763,-11.4702659590224,-0.0665791749995145,12.895904683302
00:01:25.6349,69.7560378315332,-3.90427851474459,-11.48317210219,-0.0668464327991304,12.8570758855543
00:01:25.6514,69.7560676052191,-3.901192955853,-11.4740969289794,-0.0670012219466111,12.8181281755797
00:01:25.6728,69.7561061775404,-3.88509150886583,-11.4267397319583,-0.0670166445520844,12.7674816328055
00:01:25.6942,69.7561445531044,-3.86036584171545,-11.354017181516,-0.0668974784306198,12.7168679912001
00:01:25.7156,69.7561826838896,-3.83408469960385,-11.2767197047172,-0.0667523513493307,12.666344877724
00:01:25.7370,69.7562205775962,-3.81148993633175,-11.2102645186228,-0.0666634742464769,12.6159040556194
00:01:25.7650,69.7562697973716,-3.78927380740339,-11.1449229629512,-0.0666615821474649,12.5500460179145
00:01:25.8026,69.7563355557907,-3.76485276184648,-11.073096358372,-0.0667464507127851,12.461459568022
00:01:25.8402,69.7564008603686,-3.73892093074583,-10.9968262668995,-0.0668090415520882,12.372793943908
00:01:25.8778,69.7564656696923,-3.70857025048696,-10.9075595602558,-0.0668010309719318,12.2840989440141
00:01:25.9365,69.7565657628331,-3.65912872849633,-10.7621433191069,-0.0667540396945055,12.14569072325
00:01:26.0000,69.7566725012696,-3.60813653288469,-10.6121662731903,-0.0667428954236779,11.9961214442154
00:01:26.0040,69.7566793026697,-3.60334054545038,-10.5980604277952,-0.0667165728833954,11.9865196942231
00:01:26.0081,69.7566860920635,-3.59568246741358,-10.5755366688635,-0.0666419916875738,11.9769255393649
00:01:26.0122,69.756692864233,-3.58506780758472,-10.5443170811315,-0.0665174332224726,11.9673457012585
00:01:26.0162,69.7566996142393,-3.57203398094945,-10.5059822969102,-0.0663518570884014,11.957786557411
00:01:26.0248,69.7567136477219,-3.54029605566808,-10.4126354578473,-0.0659291004281344,11.9378760834688
00:01:26.0373,69.7567341076727,-3.49012912530046,-10.2650856626484,-0.065246248877692,11.9087552705329
00:01:26.0499,69.7567542935228,-3.44427539995598,-10.1302217645764,-0.0646326850807597,11.8799154008768
00:01:26.0625,69.7567742495858,-3.40976585263552,-10.0287230959868,-0.0642069890295894,11.8513009689755
00:01:26.0751,69.7567940466153,-3.38927999757558,-9.96847058110463,-0.0640152689012702,11.8228222413496
00:01:26.0918,69.7568202742554,-3.38050016876958,-9.94264755520466,-0.0640711413661947,11.7849705314993
00:01:26.1085,69.7568464772422,-3.38462880188362,-9.95479059377534,-0.064347743848224,11.7470289292578
00:01:26.1252,69.7568727145883,-3.39157817527973,-9.97522992729331,-0.0646763618989426,11.7089194731416
00:01:26.1420,69.7568989808637,-3.39357634361069,-9.98110689297262,-0.0649239479877401,11.6706473251577
00:01:26.1587,69.7569252281194,-3.38710930525775,-9.96208619193456,-0.065027931719768,11.6322737607361
00:01:26.1824,69.7569622475912,-3.36603789757628,-9.90011146345965,-0.0649693637687957,11.5779110156741
00:01:26.2061,69.7569990102538,-3.33864529860092,-9.81954499588505,-0.0647989680208889,11.5236325052926
00:01:26.2298,69.757035491993,-3.31302673449448,-9.74419627792494,-0.0646572362755841,11.4694715911532
00:01:26.2535,69.7570717279859,-3.29312556169506,-9.68566341675017,-0.0646146837809177,11.4153824130197
00:01:26.2856,69.7571206164452,-3.27277096441156,-9.62579695415164,-0.0646750990794629,11.3419494205938
00:01:26.3178,69.7571692018691,-3.253826150167,-9.57007691225587,-0.0647624375739609,11.2684464352343
00:01:26.3499,69.757217474342,-3.23174463934642,-9.50513129219534,-0.0647947054506631,11.1948859176915
00:01:26.3915,69.7572793370157,-3.19915633871286,-9.40928334915547,-0.0647629192966995,11.0998140526817
00:01:26.4426,69.7573545384414,-3.15894262571176,-9.29100772268164,-0.0647198898732861,10.9829889828856
00:01:26.4937,69.7574288249097,-3.12110914022349,-9.17973276536319,-0.064720625911395,10.8661904389831
00:01:26.5000,69.7574378547613,-3.11667314245553,-9.16668571310451,-0.0647244046610635,10.8518961844341
00:01:26.5040,69.7574436384097,-3.11231006706435,-9.15385313842454,-0.0646980731756772,10.8427292992784
00:01:26.5080,69.7574494112255,-3.10522716063062,-9.13302106067828,-0.0646200789206632,10.8335701020688
00:01:26.5120,69.7574551682959,-3.0953339151123,-9.10392327974207,-0.0644885649798884,10.8244257210756
00:01:26.5160,69.7574609049784,-3.08312980578158,-9.06802884053406,-0.0643129136153542,10.8153029096065
00:01:26.5240,69.7574722972346,-3.05461859800156,-8.98417234706341,-0.0638826701696222,10.7971517429943
00:01:26.5359,69.7574889950259,-3.00876709457814,-8.84931498405336,-0.0631743158981472,10.77046033453
00:01:26.5478,69.7575054526003,-2.96582427428902,-8.72301257143828,-0.0625178566159231,10.7440493989292
00:01:26.5597,69.7575217027059,-2.93215233869171,-8.62397746674033,-0.0620337971276361,10.7178729527331
00:01:26.5716,69.7575378020184,-2.91064613421843,-8.56072392417184,-0.0617775719272932,10.6918503041043
00:01:26.5883,69.7575602233204,-2.89901845194746,-8.52652485866899,-0.0617677629692146,10.6554815749903
00:01:26.6049,69.7575826048388,-2.90176722126433,-8.53460947430687,-0.062033296160953,10.6190453403677
00:01:26.6216,69.7576050171405,-2.90917011897225,-8.55638270285955,-0.0623923958654523,10.582437299098
00:01:26.6383,69.7576274669221,-2.9130832527592,-8.56789191988001,-0.0626890007147802,10.5456453926995
00:01:26.6549,69.757649914491,-2.90922102196493,-8.5565324175439,-0.0628379344868628,10.5087261553346
00:01:26.6759,69.7576780980163,-2.89371059476096,-8.51091351400283,-0.0628190378953229,10.4621699168166
00:01:26.6969,69.7577061036005,-2.87143575782514,-8.44539928772099,-0.06266617191226,10.4156692215928
00:01:26.7179,69.7577338974229,-2.84871465493842,-8.37857251452476,-0.0625021767869861,10.369275768266
00:01:26.7389,69.7577614927824,-2.82978377920005,-8.32289346823544,-0.0624113714831044,10.3229707685049
00:01:26.7653,69.7577960542532,-2.81213162779279,-8.27097537586114,-0.062419842753531,10.2646393709125
00:01:26.7982,69.7578387765472,-2.79426163413145,-8.21841657097486,-0.0625138562224815,10.1920171114613
00:01:26.8312,69.757881207192,-2.77518420996637,-8.16230649990109,-0.0625855829801359,10.1193139536038
00:01:26.8641,69.7579233163381,-2.75254488276761,-8.09572024343416,-0.0625853773271564,10.0465751449294
00:01:26.9136,69.7579860460629,-2.71602517346299,-7.98830933371467,-0.0625339430849152,9.93709025108513
00:01:26.9632,69.758047964441,-2.68080843651153,-7.88473069562214,-0.0625085440800881,9.82765436148316
00:01:27.0000,69.758093378011,-2.65617736445517,-7.81228636604462,-0.062521276482695,9.74649749086439
00:01:27.0034,69.7580976084435,-2.65289132582005,-7.80262154652957,-0.0625013871979432,9.7388980303229
00:01:27.0068,69.7581018320166,-2.64768128662458,-7.78729790183699,-0.0624399543375857,9.7313036634822
00:01:27.0103,69.7581060456412,-2.64039255901204,-7.76586046768246,-0.0623335324716498,9.72371948356398
00:01:27.0137,69.7581102462893,-2.63130687207182,-7.73913785903477,-0.0621881222086674,9.71615049474228
00:01:27.0202,69.7581181537866,-2.61075442500812,-7.678689485318,-0.0618397941946076,9.70187843192815
00:01:27.0313,69.7581314703455,-2.57090984863041,-7.56149955479532,-0.0611398903469349,9.67776891575814
00:01:27.0424,69.7581445845047,-2.53079570838192,-7.44351678935859,-0.0604312730426002,9.6539304419625
00:01:27.0536,69.7581575106882,-2.49650225873138,-7.34265370215113,-0.0598448280641644,9.63034050834434
00:01:27.0647,69.7581702864272,-2.47163807056532,-7.26952373695684,-0.0594581176166704,9.60693873458157
00:01:27.0788,69.7581863723191,-2.45472066796599,-7.21976667048819,-0.0592792815789258,9.5773653752105
00:01:27.0929,69.7582023895754,-2.4512351075992,-7.2095150223506,-0.0593893743347519,9.54781233116153
00:01:27.1069,69.7582184059962,-2.45573880816248,-7.22276120047789,-0.0596748527550992,9.51816746347704
00:01:27.1210,69.7582344543016,-2.46223508925418,-7.24186790957113,-0.0600079100002189,9.48837516376132
00:01:27.1351,69.7582505331759,-2.46594897341227,-7.2527910982714,-0.0602841950583939,9.45843580032853
00:01:27.1492,69.7582666175725,-2.46427023481261,-7.24785363180179,-0.0604445169160926,9.42838975794388
00:01:27.1690,69.7582890590986,-2.45286733824912,-7.21431570073272,-0.0604697794888703,9.38629173320511
00:01:27.1887,69.7583113684089,-2.4345597566084,-7.16046987237766,-0.0603402884529121,9.34422449103717
00:01:27.2084,69.7583335076972,-2.41446840536972,-7.10137766285212,-0.0601685406942235,9.30225326648278
00:01:27.2281,69.7583554777017,-2.39667411886896,-7.04904152608518,-0.0600463017109106,9.26037806218878
00:01:27.2519,69.7583817775582,-2.38031255992711,-7.00091929390327,-0.0600127389786261,9.20995751578423
00:01:27.2872,69.7584205356159,-2.36174781790268,-6.94631711147847,-0.060094281123688,9.13507569544599
00:01:27.3225,69.7584589827312,-2.34365632123399,-6.8931068271588,-0.0601894510918043,9.06010326517996
00:01:27.3578,69.7584970997586,-2.32219559376396,-6.82998704048224,-0.0602077468673513,8.98507252548166
00:01:27.4006,69.7585428220922,-2.29329109526892,-6.74497380961447,-0.0601614682425696,8.8941109362515
00:01:27.4434,69.7585879843064,-2.26481236132669,-6.66121282743145,-0.0601239897181949,8.80319770949929
00:01:27.5000,69.7586468114386,-2.22959444480064,-6.55763072000188,-0.0601322166786594,8.68312832881323
00:01:27.5031,69.7586501039841,-2.22685757961701,-6.54958111652062,-0.0601141514627175,8.67635124821566
00:01:27.5063,69.7586533913044,-2.2225756270355,-6.53698713833969,-0.0600577404640003,8.66957844609308
00:01:27.5095,69.7586566710491,-2.2165878742239,-6.51937610065852,-0.0599588980269798,8.66281437406809
00:01:27.5127,69.7586599408832,-2.20909294774974,-6.49733219926395,-0.0598224787949787,8.65606346609328
00:01:27.5185,69.7586658185774,-2.1927958099874,-6.44939944113941,-0.0595070862762824,8.64390871701761
00:01:27.5290,69.7586763726479,-2.15837679514849,-6.34816704455437,-0.0588127743072555,8.62201572518171
00:01:27.5394,69.7586867583255,-2.12244701919783,-6.24249123293481,-0.0580785027350586,8.60038281051553
00:01:27.5499,69.7586969815597,-2.0902945178594,-6.14792505252763,-0.0574347522260003,8.57899977351334
00:01:27.5604,69.7587070679511,-2.06540645008224,-6.07472485318305,-0.0569671433262043,8.55781952047215
00:01:27.5731,69.7587191067509,-2.04690988512093,-6.02032319153216,-0.0566837016359973,8.53244109091923
00:01:27.5857,69.7587310700318,-2.03987694063391,-5.99963806068797,-0.0566813812201629,8.50712788872225
00:01:27.5983,69.7587430140493,-2.04111612862686,-6.00328273125547,-0.0568848982591906,8.48177397439393
00:01:27.6110,69.758754974611,-2.04642066625372,-6.01888431251095,-0.0571929162861499,8.45631068656202
00:01:27.6236,69.7587669642818,-2.05180688906697,-6.0347261443146,-0.0575072716217075,8.4307125912041
00:01:27.6362,69.7587789758729,-2.05437602173991,-6.04228241688209,-0.0577544847734773,8.40499181975233
00:01:27.6524,69.7587943071399,-2.05145151384574,-6.03368092307571,-0.0579161670511981,8.3720427580349
00:01:27.6749,69.75881562479,-2.0375399740801,-5.99276462964734,-0.0578925725376763,8.32598384011635
00:01:27.6975,69.7588367707055,-2.01744689261754,-5.93366733122805,-0.0577080417657997,8.27999721481893
00:01:27.7200,69.7588577146595,-1.99743276799903,-5.87480225882068,-0.0575220796699273,8.23414390851315
00:01:27.7425,69.7588784739434,-1.98131902011783,-5.8274088826995,-0.0574350500683113,8.18839158770267
00:01:27.7651,69.7588990866264,-1.96942298805715,-5.79242055310928,-0.0574579721334556,8.14266548281625
00:01:27.7938,69.7589251703183,-1.95677795303096,-5.75522927362048,-0.057555012135312,8.0843795157063
00:01:27.8224,69.7589510747895,-1.94329493569428,-5.71557334027729,-0.057632095209867,8.02601666599852
00:01:27.8511,69.7589767810504,-1.92727396720539,-5.66845284472173,-0.0576419012452809,7.9676145645551
00:01:27.8935,69.7590143437667,-1.90130084205895,-5.59206130017339,-0.0575927544326554,7.8813694872391
00:01:27.9359,69.7590514081195,-1.87575678084443,-5.51693170836598,-0.0575538561601362,7.79517563668663
00:01:27.9783,69.7590879898318,-1.8518400112617,-5.44658826841676,-0.0575601452791843,7.70900020617655
00:01:28.0000,69.7591064804078,-1.84006245837587,-5.41194840698785,-0.0575758702145928,7.66501196464359
00:01:28.0031,69.7591091979121,-1.8375733918818,-5.40462762318177,-0.0575565581596961,7.65852223472745
00:01:28.0063,69.7591119106118,-1.83364980381626,-5.39308765828311,-0.0574957970104405,7.65203716621736
00:01:28.0095,69.7591146163485,-1.82814873502476,-5.37690804419046,-0.0573893480491597,7.64556152189886
00:01:28.0127,69.7591173129713,-1.82125523571883,-5.35663304623185,-0.0572424828143906,7.63910005818475
00:01:28.0182,69.7591219534337,-1.80692738625311,-5.31449231250915,-0.0569185291941298,7.62796173032566
00:01:28.0282,69.7591301946532,-1.77696404301478,-5.22636483239642,-0.0562130471834587,7.60811656901194
00:01:28.0381,69.759138296074,-1.74539190966488,-5.1335056166614,-0.0554591216243707,7.58852364049612
00:01:28.0481,69.7591462606684,-1.71654951366858,-5.0486750402017,-0.0547811419370362,7.56917727659954
00:01:28.0580,69.7591541070585,-1.69344573233111,-4.98072274215033,-0.0542645727104337,7.55003773770632
00:01:28.0679,69.7591618641311,-1.67754175322431,-4.93394633301268,-0.0539509410460575,7.53104299141011
00:01:28.0822,69.759172913611,-1.66670394644781,-4.90207043072885,-0.0538405531557912,7.50387777557974
00:01:28.0965,69.7591839248422,-1.66658978465649,-4.90173466075439,-0.0540379740530038,7.47669495453635
00:01:28.1107,69.7591949495108,-1.67197176806742,-4.91756402372772,-0.0543984244471089,7.44938001954384
00:01:28.1250,69.7592060073812,-1.67769094539016,-4.93438513350048,-0.0547750965652423,7.42188695195241
00:01:28.1392,69.7592170898315,-1.68004411859792,-4.94130623117034,-0.0550588019057164,7.39423228931027
00:01:28.1535,69.759228170653,-1.67736894109454,-4.93343806204277,-0.0551973931914438,7.36647275797047
00:01:28.1735,69.7592436540283,-1.66620140920541,-4.90059238001592,-0.0551725441402782,7.32748275998911
00:01:28.1935,69.7592590145937,-1.6500842182305,-4.85318887714853,-0.0549975140861923,7.28855559089922
00:01:28.2135,69.7592742247528,-1.63286982686534,-4.80255831430984,-0.0547858782606389,7.24975600307092
00:01:28.2336,69.7592892865696,-1.61750558259503,-4.75736936057361,-0.0546269047511015,7.21108134455532
00:01:28.2536,69.7593042220232,-1.60541265954387,-4.72180193983491,-0.0545655776033264,7.17248240176267
00:01:28.2829,69.7593259581592,-1.59221661137482,-4.68299003345534,-0.0546149882895806,7.11587016725674
00:01:28.3123,69.7593475221183,-1.58083607757303,-4.64951787521479,-0.0547232670546721,7.05918789039928
00:01:28.3416,69.7593689168392,-1.56802565570119,-4.61184016382702,-0.0547893365784706,7.00242677447942
00:01:28.3710,69.7593901212879,-1.55295768539287,-4.56752260409668,-0.0547845394839925,6.94563622725183
00:01:28.4168,69.7594227735861,-1.52808891471175,-4.49437916091692,-0.0547317231252646,6.85709940383112
00:01:28.4626,69.7594549154374,-1.50415914404878,-4.42399748249642,-0.0547080121412755,6.76860790090877
00:01:28.5000,69.759480783239,-1.48575495198419,-4.36986750583584,-0.0547262891547652,6.69638488477567
00:01:28.5025,69.7594825239144,-1.48414001463694,-4.36511769010863,-0.0547150454059016,6.69149176767466
00:01:28.5050,69.7594842622127,-1.48172134319909,-4.35800395058557,-0.0546764302247513,6.686600917309
00:01:28.5081,69.7594863654499,-1.47753540867895,-4.34569237846751,-0.0545868346362539,6.68067701391205
00:01:28.5112,69.7594884618685,-1.47209575626768,-4.32969340078729,-0.0544543535352347,6.6747650924701
00:01:28.5155,69.7594914245883,-1.46265342903313,-4.30192185009744,-0.0542073646819825,6.66639702145012
00:01:28.5247,69.7594976120558,-1.43864709787383,-4.23131499374656,-0.053546087328816,6.64886679192236
00:01:28.5339,69.7595036921436,-1.41184610854119,-4.15248855453292,-0.0527884958600323,6.63156482775087
00:01:28.5432,69.7595096610434,-1.38575791061818,-4.07575856064169,-0.052053524232614,6.61450150289901
00:01:28.5524,69.7595155271328,-1.36311985797469,-4.00917605286673,-0.0514326373899425,6.59765592217053
00:01:28.5616,69.7595213082501,-1.34566480090716,-3.95783764972695,-0.0509830324819543,6.58098315147159
00:01:28.5737,69.7595288141201,-1.33155745899628,-3.91634546763613,-0.0506841716851846,6.5592419207463
00:01:28.5858,69.7595362656885,-1.32647005190619,-3.90138250560645,-0.050685514248833,6.53756552201282
00:01:28.5979,69.7595437055637,-1.32798319579215,-3.90583292880044,-0.0509102940846346,6.51584489583183
00:01:28.6100,69.7595511616288,-1.33292260594013,-3.92036060570626,-0.0512555955333675,6.49400711606814
00:01:28.6221,69.7595586447852,-1.33822512096525,-3.93595623813309,-0.0516193133936592,6.47202190249051
00:01:28.6342,69.7595661511043,-1.34156718492134,-3.94578583800394,-0.0519211967251222,6.44989726579654
00:01:28.6463,69.759573666593,-1.34165563582709,-3.94604598772675,-0.0521141714166756,6.42766817027302
00:01:28.6635,69.7595842800476,-1.33603257882264,-3.92950758477247,-0.0521891616062969,6.39612948735225
00:01:28.6806,69.7595948303702,-1.32539932693549,-3.89823331451615,-0.0520873994180403,6.36459568054878
00:01:28.6977,69.7596052898951,-1.3125025779416,-3.86030169982824,-0.0519028886660348,6.33314188741547
00:01:28.7148,69.7596156508118,-1.29999422846768,-3.82351243666965,-0.0517291438317464,6.30179068291195
00:01:28.7320,69.7596259217822,-1.28954544823912,-3.79278073011504,-0.0516267494577599,6.27051994053269
00:01:28.7542,69.7596391262546,-1.27946024064703,-3.76311835484422,-0.0516172581670529,6.23004079497227
00:01:28.7811,69.759655028378,-1.27013459192947,-3.73568997626315,-0.051713135031874,6.1808789903434
00:01:28.8080,69.7596708114151,-1.26103364962668,-3.708922498902,-0.0518205775601745,6.13163186599639
00:01:28.8350,69.7596864676423,-1.25020311149832,-3.67706797499507,-0.0518659745294608,6.08231932877308
00:01:28.8678,69.7597053206746,-1.23485724290619,-3.63193306737115,-0.0518397812032598,6.02230132995383
00:01:28.9005,69.7597239392172,-1.21889220045049,-3.58497706014849,-0.0517884339978632,5.96231961898036
00:01:28.9333,69.7597423240691,-1.20373419868097,-3.54039470200285,-0.0517671219806843,5.90237266844952
00:01:28.9772,69.7597665844558,-1.184716089147,-3.48445908572648,-0.0517888269799426,5.82213535074319
00:01:29.0000,69.7597790100803,-1.17509768582681,-3.45616966419649,-0.0518104500330971,5.78052286535295
00:01:29.0025,69.759780411399,-1.17363124026921,-3.45185658902708,-0.0517975727098162,5.77580739871597
00:01:29.0051,69.7597818105035,-1.17141958574563,-3.44535172278126,-0.0517542167192698,5.77109455500788
00:01:29.0077,69.7597832064503,-1.16834253295138,-3.43630156750405,-0.0516753864004046,5.76638728064471
00:01:29.0103,69.7597845982577,-1.16445726134807,-3.42487429808256,-0.0515633661848339,5.7616886469659
00:01:29.0143,69.7597867858197,-1.15698750800809,-3.4029044353179,-0.0513316065909804,5.75429216313054
00:01:29.0232,69.7597914766869,-1.13712400675298,-3.34448237280289,-0.0506783058714089,5.73838039273641
00:01:29.0320,69.7597960811856,-1.11441989296084,-3.27770556753189,-0.0499085539548536,5.72268844623233
00:01:29.0408,69.7598005941766,-1.09174798805855,-3.21102349428985,-0.049139524257363,5.7072325282436
00:01:29.0497,69.7598050202138,-1.07144476820341,-3.15130814177474,-0.0484646014247467,5.69199901793334
00:01:29.0585,69.7598093718303,-1.05511042703022,-3.10326596185358,-0.0479464570701319,5.67695012846145
00:01:29.0695,69.7598146869421,-1.04148789753133,-3.06319969862156,-0.0475649054706903,5.65848131455386
00:01:29.0804,69.7598199507907,-1.03493680181826,-3.0439317700537,-0.0474624489503682,5.6401064845336
00:01:29.0913,69.7598251952114,-1.034164213309,-3.04165945090883,-0.0475908444891682,5.62172916153138
00:01:29.1023,69.759830444123,-1.03715041486549,-3.05044239666321,-0.0478734081334355,5.60327566433467
00:01:29.1132,69.7598357110304,-1.04169218211301,-3.06380053562651,-0.0482244180628408,5.58470292665098
00:01:29.1242,69.7598409991536,-1.04585872678909,-3.07605507879144,-0.048566274626441,5.56599890621174
00:01:29.1351,69.7598463034269,-1.04827369231597,-3.08315791857639,-0.0488412920505992,5.54717738917203
00:01:29.1492,69.7598531203801,-1.04772611402341,-3.0815473941865,-0.0490477180638236,5.5228899995671
00:01:29.1683,69.7598623652233,-1.04097964471137,-3.06170483738639,-0.0490797491802606,5.48975631992521
00:01:29.1874,69.7598715323013,-1.02968669470212,-3.02849027853565,-0.0489175725134194,5.45666031908582
00:01:29.2066,69.7598805969675,-1.01712002141296,-2.99152947474401,-0.0486969207852505,5.42368331204049
00:01:29.2257,69.7598895588361,-1.00594928851519,-2.95867437798584,-0.0485321181968283,5.39082884715703
00:01:29.2448,69.7598984338645,-0.997353678432513,-2.93339317186033,-0.0484762336068101,5.35804641032568
00:01:29.2700,69.7599100150518,-0.989108083536153,-2.90914142216516,-0.0485365836353612,5.31490332406373
00:01:29.2952,69.759921504415,-0.982101283855937,-2.88853318781158,-0.0486547040885524,5.27169027240272
00:01:29.3204,69.7599329044969,-0.97424543760781,-2.86542775767003,-0.0487382652539993,5.22839655403471
00:01:29.3456,69.7599442030256,-0.964794692147309,-2.83763144749208,-0.0487510562931692,5.18506267492908
00:01:29.3833,69.7599609168442,-0.949121843410425,-2.79153483356007,-0.0486998291907972,5.120143699852
00:01:29.4210,69.7599773620079,-0.933590751346741,-2.74585515101983,-0.0486528711081627,5.05527676418201
00:01:29.4588,69.7599935470283,-0.919131738790925,-2.70332864350272,-0.0486561038405985,4.99043216880142
00:01:29.5000,69.7600109338378,-0.9039421220471,-2.65865330013853,-0.0486898610439457,4.91961206115153
00:01:29.5024,69.7600119389665,-0.90279433262106,-2.65527744888547,-0.0486788154835533,4.91547992635213
00:01:29.5048,69.760012942512,-0.901090843818781,-2.6502671877023,-0.0486399358924781,4.91134990339311
00:01:29.5072,69.7600139438,-0.898731223980053,-2.6433271293531,-0.0485681153049032,4.90722456927563
00:01:29.5096,69.7600149421265,-0.895749006863595,-2.63455590253998,-0.0484649846752607,4.90310662075717
00:01:29.5132,69.7600164426353,-0.890263542477097,-2.61842218375617,-0.0482598178013642,4.8969076337097
00:01:29.5215,69.7600198459306,-0.874640442194178,-2.57247188880641,-0.047636439576436,4.88280115453432
00:01:29.5299,69.7600231842495,-0.856360924626459,-2.51870860184253,-0.0468807307999194,4.86889594794885
00:01:29.5382,69.7600264520476,-0.837594094599568,-2.46351204293991,-0.0461015255148193,4.85521299481662
00:01:29.5465,69.7600296507761,-0.820182344187231,-2.41230101231538,-0.0453888747724155,4.84174688705474
00:01:29.5549,69.7600327880118,-0.805490736163061,-2.36909040047959,-0.0448075875676915,4.82846962524957
00:01:29.5632,69.7600358755869,-0.794336524440827,-2.3362838954142,-0.0443954918349157,4.81533787323981
00:01:29.5750,69.7600401851067,-0.784926250270631,-2.30860661844303,-0.0441160981637608,4.79691554127232
00:01:29.5868,69.7600444607295,-0.782047383314735,-2.3001393626904,-0.0441501387910403,4.778545582819
00:01:29.5985,69.7600487320719,-0.783816622656179,-2.30534300781229,-0.0444123317842564,4.76011838574483
00:01:29.6103,69.7600530180083,-0.7878952715121,-2.31733903385912,-0.0447943275603105,4.74156199332003
00:01:29.6221,69.7600573253957,-0.792090530351186,-2.32967803044467,-0.0451907386692648,4.72284779060751
00:01:29.6339,69.7600616508277,-0.794773597235748,-2.33756940363455,-0.0455193304536008,4.70398559219123
00:01:29.6456,69.7600659840582,-0.795055211922603,-2.3383976821253,-0.0457317718463624,4.68501215572727
00:01:29.6612,69.7600716963564,-0.791604164844566,-2.32824754366049,-0.0458203313125653,4.65986729296299
00:01:29.6768,69.7600773724077,-0.784785674103641,-2.30819315912836,-0.0457347580660647,4.63471905853252
00:01:29.6923,69.7600829943395,-0.776207583568447,-2.28296348108367,-0.0455548492793837,4.60963866008449
00:01:29.7079,69.7600885552775,-0.767518394219498,-2.25740704182205,-0.0453655669079968,4.58465492873372
00:01:29.7234,69.7600940582246,-0.759905615655222,-2.23501651663301,-0.0452297964478033,4.55975751482899
00:01:29.7422,69.7601006197448,-0.752791485269317,-2.21409260373329,-0.0451726319764191,4.52984585166556
00:01:29.7686,69.7601097916252,-0.745446644747773,-2.1924901316111,-0.0452363460991281,4.48762816688768
00:01:29.7951,69.7601188773706,-0.739162608542307,-2.17400767218326,-0.0453615229964077,4.44533297117633
00:01:29.8215,69.7601278785883,-0.732046154178095,-2.15307692405322,-0.0454450078351353,4.40295088698395
00:01:29.8479,69.7601367835298,-0.723517707377282,-2.12799325699201,-0.0454510161732865,4.36052974404289
00:01:29.8864,69.760149554863,-0.709978524851044,-2.08817213191483,-0.0453943441037798,4.29878849766999
00:01:29.9249,69.7601620907369,-0.696717861683914,-2.04917018142327,-0.0453510325553089,4.23710089453589
00:01:29.9634,69.7601743995224,-0.684357312839132,-2.01281562599745,-0.0453604471586179,4.17543042725187
00:01:30.0000,69.7601858808691,-0.672996239945585,-1.97940070572231,-0.0453933343241861,4.11687208943015
00:01:30.0021,69.7601865432293,-0.672167796107889,-1.97696410619967,-0.0453848348631142,4.11346229283234
00:01:30.0042,69.7601872045997,-0.670979165883033,-1.9734681349501,-0.0453536957343381,4.11005397257563
00:01:30.0068,69.7601880016567,-0.668962008273811,-1.96753531845239,-0.0452794516490368,4.10594135158343
00:01:30.0093,69.7601887959613,-0.666341304977266,-1.95982736758019,-0.0451671140935929,4.10183716643131
00:01:30.0126,69.7601897895577,-0.662314894141009,-1.94798498276767,-0.044979696762812,4.09669464262812
00:01:30.0199,69.76019201232,-0.651076596573336,-1.91493116639216,-0.0444218321352879,4.08515262988374
00:01:30.0288,69.7601946546864,-0.634951401194346,-1.86750412115984,-0.0435908473594559,4.07135737648082
00:01:30.0376,69.7601972300726,-0.618061160212968,-1.81782694180285,-0.0427152256540204,4.05782544442541
00:01:30.0465,69.7601997391965,-0.602312719254207,-1.77150799780649,-0.0419112773413205,4.04455302294271
00:01:30.0554,69.7602021893968,-0.589140634693934,-1.73276657262922,-0.0412627435163246,4.03150605203748
00:01:30.0643,69.7602045927216,-0.57939440682955,-1.7041011965575,-0.0408172061533178,4.01862968719398
00:01:30.0754,69.7602075703948,-0.572278381056957,-1.68317170899105,-0.0405593766831731,4.00258223469467
00:01:30.0866,69.7602105239041,-0.570185085748486,-1.67701495808378,-0.0405989659486967,3.98657940185401
00:01:30.0978,69.7602134750319,-0.571696446688477,-1.68146013731905,-0.0408573733739401,3.97052159081803
00:01:30.1089,69.760216437836,-0.57506779911503,-1.69137587975009,-0.0412357209121476,3.95434236461002
00:01:30.1201,69.7602194178327,-0.578653993370157,-1.70192350991222,-0.0416369316673425,3.93801305828775
00:01:30.1312,69.7602224131596,-0.581203020647086,-1.70942064896202,-0.0419829204629791,3.92153904086957
00:01:30.1424,69.7602254168515,-0.581983465561794,-1.71171607518175,-0.0422243163330213,3.90495059541577
00:01:30.1565,69.760229204865,-0.580176789356911,-1.70640232163797,-0.0423558809063095,3.88391904097539
00:01:30.1706,69.7602329729161,-0.575750705265284,-1.69338442725084,-0.0423194755857177,3.86286239112404
00:01:30.1847,69.7602367074181,-0.569661350363254,-1.67547455989192,-0.042172836737055,3.84184780821406
00:01:30.1988,69.7602404011388,-0.563016680662398,-1.65593141371294,-0.0419865276238836,3.82091238521605
00:01:30.2128,69.7602440533286,-0.556757247817946,-1.6375213171116,-0.0418221340105906,3.80006141017636
00:01:30.2269,69.7602476680779,-0.551454066881241,-1.6219237261213,-0.0417182784585959,3.77927574603035
00:01:30.2461,69.7602525441137,-0.545926734527389,-1.60566686625703,-0.0416878342915802,3.75100663277115
00:01:30.2653,69.7602573766784,-0.541785622324685,-1.59348712448437,-0.0417513629200729,3.7227286912263
00:01:30.2845,69.7602621737181,-0.538135052996882,-1.58275015587318,-0.0418512023710964,3.69439991699173
00:01:30.3037,69.7602669363147,-0.534190026958418,-1.57114713811299,-0.0419338283220826,3.66601301349781
00:01:30.3272,69.7602727167321,-0.528438026427593,-1.55422948949292,-0.0419729280411891,3.63119427752477
00:01:30.3593,69.7602805024683,-0.519428084836521,-1.52772966128389,-0.0419440881321584,3.58362992575696
00:01:30.3914,69.7602881535567,-0.510099763611334,-1.50029342238628,-0.0418895782557846,3.5361043414225
00:01:30.4235,69.7602956706924,-0.501231809860648,-1.4742112054725,-0.041867171005485,3.48861511001327
00:01:30.4556,69.7603030598935,-0.492886891922309,-1.44966732918326,-0.041884485723239,3.44112839885698
00:01:30.5000,69.7603130601191,-0.481485600533354,-1.41613411921575,-0.0419200964229007,3.37551716865005
00:01:30.5018,69.7603134776541,-0.480900978787911,-1.41441464349386,-0.0419133413444936,3.3727426456463
00:01:30.5037,69.7603138945883,-0.480093244283076,-1.41203895377375,-0.0418884431602101,3.36996915251459
00:01:30.5061,69.7603144259055,-0.478657605887709,-1.40781648790503,-0.041823709593768,3.36643028336566
00:01:30.5085,69.7603149553914,-0.476784072836656,-1.4023060965784,-0.0417232203396697,3.36289838385958
00:01:30.5109,69.7603154825915,-0.474518643267637,-1.39564306843423,-0.0415907480143445,3.3593762820381
00:01:30.5159,69.7603165693227,-0.468828395334319,-1.37890704510094,-0.0412356402258315,3.3520976077074
00:01:30.5239,69.7603182954945,-0.45768107491652,-1.346120808578,-0.0405057625152006,3.34047990364513
00:01:30.5320,69.7603199780134,-0.445206148069232,-1.30942984726245,-0.0396741693442634,3.32908176978713
00:01:30.5400,69.7603216145158,-0.432704365936686,-1.27265989981378,-0.0388456797739935,3.31791637000308
00:01:30.5481,69.7603232068369,-0.421286956506177,-1.2390792838417,-0.0381049383870709,3.30697177036264
00:01:30.5561,69.7603247604038,-0.411779744156181,-1.211116894577,-0.0375112623825734,3.29621559425885
00:01:30.5642,69.7603262831088,-0.404670069347231,-1.19020608631539,-0.0370976711030846,3.28560211955087
00:01:30.5751,69.76032831095,-0.39901564362425,-1.17357542242426,-0.0368325843696672,3.2713752659148
00:01:30.5860,69.7603303201466,-0.397368117698163,-1.16872975793577,-0.036866498204787,3.25719417251808
00:01:30.5968,69.7603323276712,-0.398620908639187,-1.17241443717408,-0.0371228143109785,3.24296088288301
00:01:30.6077,69.7603343446542,-0.401407966250567,-1.18061166544285,-0.0375050429309023,3.22860872665771
00:01:30.6186,69.7603363756862,-0.404433873270994,-1.18951139197351,-0.0379173917866384,3.21410721460597
00:01:30.6295,69.7603384196596,-0.406702799559409,-1.1961847045865,-0.0382812498538461,3.19945895753081
00:01:30.6404,69.7603404714658,-0.407617589803944,-1.19887526412925,-0.0385449251348966,3.18469142515114
00:01:30.6513,69.7603425239429,-0.406972442938043,-1.19697777334719,-0.0386863638116865,3.1698462951657
00:01:30.6664,69.7603453610851,-0.403819751451383,-1.1877051513276,-0.0386986338091295,3.14918821566097
00:01:30.6815,69.7603481704263,-0.398866797944904,-1.17313764101442,-0.0385586240201007,3.12856096560333
00:01:30.6967,69.7603509434169,-0.393196913113996,-1.15646150915881,-0.0383539638611096,3.108020528191
00:01:30.7118,69.7603536782262,-0.387773630037379,-1.14051067658053,-0.0381655029588105,3.0875808167353
00:01:30.7269,69.7603563783717,-0.383201939187608,-1.12706452702238,-0.0380458086849778,3.06722114955402
00:01:30.7420,69.7603590500767,-0.379649240574386,-1.11661541345408,-0.0380116099602056,3.04690239276155
00:01:30.7629,69.7603626935875,-0.375952045185816,-1.10574130937005,-0.0380687367002508,3.01891868166392
00:01:30.7837,69.7603663033156,-0.372818206561951,-1.09652413694691,-0.038179263729811,2.99087865728642
00:01:30.8045,69.7603698808547,-0.369445880128304,-1.08660552978913,-0.0382728437402513,2.96276914196138
00:01:30.8253,69.7603734225465,-0.365447016774998,-1.07484416698529,-0.0383118131744402,2.93461331724612
00:01:30.8528,69.7603780231474,-0.359397651453926,-1.05705191604096,-0.0382903197052398,2.8975239943827
00:01:30.8802,69.7603825458438,-0.353044202195942,-1.0383653005763,-0.0382374865304679,2.86046511434163
00:01:30.9076,69.7603869900288,-0.346913825435447,-1.02033478069249,-0.0382037736983557,2.82344270646618
00:01:30.9350,69.7603913589263,-0.341161581066136,-1.0034164149004,-0.0382067662012106,2.78643375131575
00:01:30.9815,69.7603985982945,-0.331706269561462,-0.975606675180771,-0.0382435468592349,2.72368987375342
00:01:31.0000,69.7604014138975,-0.327963662703181,-0.964599007950532,-0.0382601386347635,2.69878086748191
00:01:31.0015,69.7604016565559,-0.327580544324518,-0.96347218918976,-0.0382552205081933,2.69662029749954
00:01:31.0031,69.7604018988843,-0.327075546495018,-0.961986901455936,-0.0382369650195913,2.69446039261331
00:01:31.0054,69.7604022381997,-0.326100125214416,-0.959118015336517,-0.0381820784545021,2.69143206539685
00:01:31.0076,69.7604025763416,-0.324817741248199,-0.95534629778882,-0.0380934572300588,2.68840943017235
00:01:31.0099,69.76040291301,-0.323254529500431,-0.950748616177739,-0.0379740082742844,2.68539499994601
00:01:31.0137,69.7604034854374,-0.320036174049594,-0.941282864851747,-0.0377103809971057,2.68025751586832
00:01:31.0210,69.7604045440679,-0.312630266785549,-0.919500784663378,-0.0370696845999757,2.6707119808066
00:01:31.0282,69.7604055760559,-0.304032086790272,-0.894212019971389,-0.0363072820456006,2.66134423434722
00:01:31.0354,69.7604065788533,-0.295016171939973,-0.867694623352861,-0.0355093226721497,2.65217324393749
00:01:31.0427,69.7604075522014,-0.286295841636932,-0.842046593049801,-0.0347497373844108,2.64319925629241
00:01:31.0499,69.7604084980212,-0.278469562181686,-0.819028124063783,-0.0340858868410038,2.63440582703375
00:01:31.0571,69.7604094199838,-0.271979474111664,-0.799939629740187,-0.0335569829733074,2.62576402922837
00:01:31.0659,69.7604105125787,-0.266262739220573,-0.783125703589921,-0.0331259119439976,2.61544008646562
00:01:31.0746,69.7604115868511,-0.262940665565204,-0.773354898721189,-0.0329251817435737,2.60521393600152
00:01:31.0834,69.7604126518705,-0.261773986557739,-0.769923489875702,-0.0329323335722039,2.59501879763182
00:01:31.0922,69.7604137153403,-0.262285437154124,-0.771427756335658,-0.0331051305843008,2.58479730332499
00:01:31.1009,69.7604147828318,-0.263875868373873,-0.776105495217273,-0.0333901052434784,2.574506619365
00:01:31.1097,69.7604158575101,-0.265938786397358,-0.782172901168701,-0.0337311352202893,2.56412065805756
00:01:31.1185,69.7604169402684,-0.267947407495477,-0.788080610280813,-0.0340766742968878,2.55362982173478
00:01:31.1272,69.7604180301404,-0.269505536581026,-0.792663342885371,-0.0343849751337108,2.54303883425551
00:01:31.1378,69.7604193473126,-0.27043284094637,-0.795390708665795,-0.0346655429947583,2.53018800504518
00:01:31.1506,69.7604209497664,-0.270025591036953,-0.794192914814568,-0.0348497521642118,2.51446337111638
00:01:31.1634,69.7604225454276,-0.268103444607214,-0.788539542962395,-0.0348710203003173,2.49869171130017
00:01:31.1762,69.7604241267026,-0.265075074116776,-0.779632570931695,-0.0347681777290168,2.48293626764222
00:01:31.1890,69.7604256886454,-0.261474479756163,-0.769042587518126,-0.0345978210636112,2.46723989881903
00:01:31.2018,69.7604272293492,-0.257819672201968,-0.758293153535201,-0.034417249695646,2.45162048399547
00:01:31.2147,69.7604287495602,-0.254503333697759,-0.748539216758115,-0.0342711288547578,2.43607332107431
00:01:31.2275,69.7604302517931,-0.251734908273442,-0.740396789039535,-0.0341844811827458,2.42057811981983
00:01:31.2457,69.7604323658395,-0.24872144922782,-0.731533674199471,-0.0341655836791941,2.39855485342204
00:01:31.2640,69.7604344572508,-0.246444471356036,-0.72483668045893,-0.0342337569779854,2.37651797066089
00:01:31.2822,69.7604365299634,-0.244405984746161,-0.718841131606357,-0.0343342140632318,2.35443079836834
00:01:31.3004,69.7604385843665,-0.242190960971839,-0.712326355799528,-0.0344175853510322,2.33228761779756
00:01:31.3187,69.7604406183532,-0.239599379010584,-0.704704055913481,-0.0344570944487077,2.31010619075754
00:01:31.3442,69.7604434242481,-0.235438337005167,-0.692465697074022,-0.0344453735122938,2.27905924155843
00:01:31.3697,69.7604461798647,-0.231011831944351,-0.679446564542209,-0.0343970450865791,2.24803535416537
00:01:31.3953,69.7604488842007,-0.226678899414928,-0.666702645338024,-0.0343581879517473,2.21704612554171
00:01:31.4208,69.7604515389385,-0.222590525676431,-0.654678016695385,-0.0343511372386893,2.18607573336773
00:01:31.4586,69.7604553911821,-0.216781431926946,-0.63759244684396,-0.0343779046389186,2.14010926363723
00:01:31.5000,69.7604594759211,-0.210428355762993,-0.618906928714687,-0.0344081213950459,2.08993811034387
00:01:31.5014,69.7604596147019,-0.210177119917621,-0.61816799975771,-0.0344042622124745,2.08820611197968
00:01:31.5028,69.7604597532954,-0.209856759567256,-0.617225763433106,-0.0343896211909542,2.08647456405779
00:01:31.5049,69.760459959054,-0.209209509575373,-0.615322086986392,-0.0343411478824384,2.08390029730425
00:01:31.5070,69.7604601640761,-0.208358291594344,-0.612818504689248,-0.0342607110707923,2.08133086819324
00:01:31.5092,69.7604603681717,-0.207317209421089,-0.609756498297321,-0.0341505854837204,2.07876854357845
00:01:31.5123,69.7604606723643,-0.205448536462075,-0.604260401359043,-0.0339378353274664,2.07494075831364
00:01:31.5189,69.7604612878448,-0.200723728564284,-0.59036390754201,-0.0333670563585875,2.06716049352848
00:01:31.5254,69.7604618876993,-0.195106547675408,-0.573842787280613,-0.032669238207582,2.05952612837757
00:01:31.5320,69.7604624699692,-0.189023953956251,-0.555952805753681,-0.0319148163673693,2.05205781572957
00:01:31.5385,69.7604630338552,-0.182893027413381,-0.537920668862884,-0.0311664980035913,2.04476179142204
00:01:31.5451,69.7604635797608,-0.177095724286048,-0.520869777311905,-0.0304759177470688,2.03763114515922
00:01:31.5516,69.7604641091597,-0.171953654745206,-0.505746043368253,-0.0298821765839246,2.03064835882443
00:01:31.5582,69.7604646243734,-0.167704882798966,-0.493249655291078,-0.0294113511954461,2.02378830606709
00:01:31.5667,69.7604652750666,-0.163744393199722,-0.481601156469772,-0.0290046098226111,2.01504229708281
00:01:31.5751,69.7604659136522,-0.161525164985146,-0.475074014662194,-0.0288222798103883,2.00638445041019
00:01:31.5836,69.7604665464732,-0.160861257991178,-0.473121347032876,-0.0288407256920435,1.99775217960812
00:01:31.5921,69.7604671788916,-0.161400414435209,-0.474707101280026,-0.0290189376657109,1.98909188504626
00:01:31.6006,69.7604678147613,-0.162707451703701,-0.478551328540298,-0.0293060238791176,1.98036347870867
00:01:31.6090,69.7604684562548,-0.164346611273771,-0.483372386099327,-0.0296488009514237,1.97154227803669
00:01:31.6175,69.7604691039721,-0.165942939873645,-0.488067470216604,-0.0299982260907625,1.96261875698526
00:01:31.6260,69.7604697572367,-0.167216620486923,-0.491813589667421,-0.0303140937013076,1.953596645572
00:01:31.6345,69.7604704144794,-0.167992832112216,-0.494096565035929,-0.0305678098529984,1.9444899198342
00:01:31.6453,69.7604712616725,-0.168145503256664,-0.494545597813717,-0.030778267549703,1.93269398520711
00:01:31.6598,69.7604723793944,-0.167018012312702,-0.491229447978536,-0.030862210135746,1.91701052797495
00:01:31.6714,69.7604732738908,-0.165228994770816,-0.485967631678872,-0.0307940528657158,1.90434738439452
00:01:31.6830,69.7604741576843,-0.162972274563932,-0.479330219305682,-0.0306497338162853,1.89172570593833
00:01:31.6947,69.7604750290413,-0.160557097160025,-0.472226756353015,-0.0304764269952289,1.87916751769487
00:01:31.7063,69.7604758877815,-0.15824615728363,-0.465429874363619,-0.0303154962032381,1.86667660394954
00:01:31.7179,69.760476734897,-0.156216416445075,-0.459460048367867,-0.0301957043025931,1.85424251194708
00:01:31.7328,69.7604778023066,-0.154140027308777,-0.453353021496402,-0.0301218706560937,1.83841883482956
00:01:31.7524,69.7604791961848,-0.152113942197472,-0.447393947639623,-0.0301402391681329,1.81749830011269
00:01:31.7721,69.7604805732895,-0.150532521828166,-0.442742711259311,-0.0302365307288557,1.79654193557751
00:01:31.7917,69.7604819356513,-0.148967168792218,-0.438138731741816,-0.0303425721245691,1.77552058115353
00:01:31.8114,69.7604832823666,-0.147144014843742,-0.4327765142463,-0.0304091963044045,1.75444257118806
00:01:31.8311,69.7604846110467,-0.14500326163441,-0.426480181277676,-0.0304209567867031,1.73333783515166
00:01:31.8580,69.760486402624,-0.141766964853908,-0.416961661335023,-0.0303811036470329,1.70436065812602
00:01:31.8850,69.7604881538885,-0.138484850496819,-0.407308383814172,-0.030329144832077,1.6754216134877
00:01:31.9120,69.7604898653689,-0.135357820837124,-0.398111237756248,-0.0303061403672128,1.64651412045635
00:01:31.9390,69.7604915387408,-0.132390935567189,-0.389385104609379,-0.0303177406553907,1.61761195440438
00:01:31.9758,69.7604937612279,-0.128391705975218,-0.377622664632995,-0.0303502547161108,1.57817045194225
00:01:32.0000,69.7604951790104,-0.125728960435867,-0.369791060105492,-0.0303660575003623,1.55232952993164
00:01:32.0012,69.760495249788,-0.12557928986039,-0.369350852530559,-0.0303632039060635,1.55102483459887
00:01:32.0024,69.7604953204717,-0.125398162537255,-0.368818125109572,-0.0303525826362234,1.54972043622796
00:01:32.0040,69.760495414973,-0.12508736786284,-0.367904023125999,-0.0303214549925068,1.54797428295645
00:01:32.0056,69.7604955092085,-0.124695023728263,-0.366750069789009,-0.0302700645689062,1.54623051267703
00:01:32.0073,69.7604956031188,-0.124223882233736,-0.365364359510989,-0.0301991189877467,1.54449025186924
00:01:32.0097,69.7604957414934,-0.123395610339149,-0.362928265703381,-0.030061913981148,1.54192143743912
00:01:32.0158,69.7604960855172,-0.120751032852945,-0.35515009662631,-0.0295828345593545,1.53551024574893
00:01:32.0219,69.7604964211519,-0.117444401663073,-0.345424710773744,-0.0289560519516993,1.52921771373178
00:01:32.0280,69.7604967469111,-0.113692190877203,-0.334388796697657,-0.0282443517179606,1.52306749916028
00:01:32.0340,69.7604970618518,-0.109720160900396,-0.322706355589399,-0.0275054076062474,1.51707194159144
00:01:32.0401,69.7604973656647,-0.105756406151204,-0.311048253385893,-0.0267889564182248,1.51123194220786
00:01:32.0462,69.7604976586721,-0.102018599778359,-0.300054705230468,-0.0261354670460335,1.50553859212378
00:01:32.0523,69.7604979417697,-0.098696851501562,-0.290284857357535,-0.0255753924285388,1.49997529116033
00:01:32.0584,69.7604982163239,-0.095937010441351,-0.282167677768679,-0.0251289374308995,1.49451996696505
00:01:32.0663,69.7604985637093,-0.0933263500114153,-0.274489264739457,-0.0247337056719909,1.48754064548353
00:01:32.0743,69.7604989036011,-0.0918422499380757,-0.270124264523752,-0.0245445240886668,1.48064307051789
00:01:32.0822,69.7604992398681,-0.0913819514294678,-0.268770445380788,-0.0245417697444454,1.47377317963259
00:01:32.0901,69.760499575847,-0.0917341532310471,-0.269806333032491,-0.024691367724261,1.46688384794672
00:01:32.0980,69.7604999140132,-0.0926290517324446,-0.272438387448367,-0.0249504474307794,1.45993854409607
00:01:32.1059,69.7605002558566,-0.093790176650324,-0.275853460736247,-0.0252731953437477,1.45291302895778
00:01:32.1139,69.760500601925,-0.0949741806217236,-0.27933582535801,-0.0256159693672271,1.4457954749694
00:01:32.1218,69.7605009519821,-0.0959941044481705,-0.282335601318149,-0.0259412363837966,1.43858533059873
00:01:32.1297,69.7605013052236,-0.096726941743574,-0.284491005128159,-0.0262201610657153,1.43129128082934
00:01:32.1376,69.7605016605005,-0.0971097035240718,-0.285616775070799,-0.0264338475374801,1.42392867274102
00:01:32.1485,69.7605021514055,-0.097049234953436,-0.285438926333635,-0.0266075171141314,1.41369699576967
00:01:32.1595,69.760502640529,-0.0963911295653174,-0.283503322250934,-0.0266483947293641,1.40342374701395
00:01:32.1704,69.7605031252617,-0.095278032493368,-0.280229507333435,-0.0265813956255151,1.39315426047277
00:01:32.1813,69.7605036037475,-0.0938848931280136,-0.276132038611805,-0.0264439897838686,1.38292263426593
00:01:32.1923,69.7605040750051,-0.0923881890815953,-0.271729967887045,-0.0262771676893459,1.37274819661262
00:01:32.2032,69.7605045388742,-0.0909392549577915,-0.267468396934681,-0.0261174431116529,1.36263555808466
00:01:32.2141,69.7605049958423,-0.0896448513958462,-0.263661327634842,-0.0259914563240705,1.35257727775482
00:01:32.2275,69.7605055473647,-0.0883429422397285,-0.259832183058025,-0.0259031062645175,1.34031161415672
00:01:32.2455,69.7605062784044,-0.0870277464317348,-0.255963960093338,-0.0258917530866533,1.32384297868133
00:01:32.2635,69.7605069996277,-0.0860253855309641,-0.253015839796953,-0.0259655874813906,1.30735694837295
00:01:32.2815,69.7605077125793,-0.0850958836610079,-0.25028201076767,-0.0260686641996996,1.29081870355234
00:01:32.2995,69.7605084171872,-0.0840578950524341,-0.247229103095394,-0.0261520695557777,1.27422428174089
00:01:32.3175,69.7605091123484,-0.0828373803833893,-0.243639354068792,-0.0261901272806472,1.25759247839215
00:01:32.3401,69.7605099692081,-0.0810933704790515,-0.238509913173681,-0.0261783804757255,1.23671110563074
00:01:32.3627,69.7605108074096,-0.0792396924949981,-0.233057919102936,-0.0261328606850838,1.21584962232777
00:01:32.3853,69.760511626425,-0.0773972009355571,-0.22763882628105,-0.0260911479939665,1.19501960449047
00:01:32.4078,69.7605124265665,-0.0756205666761954,-0.222413431400575,-0.0260751059754664,1.17421100826693
00:01:32.4379,69.760513461403,-0.0733262259138872,-0.215665370334962,-0.0260894297309952,1.14656314903458
00:01:32.4679,69.7605144641241,-0.0710181337291487,-0.208876863909261,-0.0261173384904309,1.11889610237936
00:01:32.5000,69.760515499831,-0.0684656359607636,-0.201369517531658,-0.0261340526896595,1.08929781302214
00:01:32.5010,69.7605155340236,-0.0683731190814819,-0.201097409063182,-0.0261317397874577,1.08830161613967
00:01:32.5021,69.7605155681656,-0.0682686894016053,-0.200790262945898,-0.0261233303834879,1.08730563420957
00:01:32.5036,69.7605156158923,-0.0680940010237233,-0.200276473599186,-0.0260968908314489,1.08591144518476
00:01:32.5051,69.760515663484,-0.0678841667566074,-0.199659313990022,-0.0260522400221235,1.08451916474931
00:01:32.5066,69.7605157109168,-0.0676397258307421,-0.198940370090418,-0.0259896935625906,1.08312973855241
00:01:32.5087,69.7605157744757,-0.0672600408631412,-0.197823649597474,-0.0258796773735368,1.08126554629767
00:01:32.5130,69.7605159091581,-0.0662771023032367,-0.194932653833049,-0.0255609841473482,1.07730818622866
00:01:32.5193,69.7605160974612,-0.0645257180585063,-0.189781523701489,-0.024954033030426,1.07176127794072
00:01:32.5255,69.7605162802388,-0.0624299087159597,-0.183617378576352,-0.0242267496706781,1.0663597172648
00:01:32.5317,69.7605164566695,-0.0600935234167577,-0.176745657108111,-0.0234456892668329,1.06112219259563
00:01:32.5379,69.7605166262509,-0.0576472165875678,-0.169550637022258,-0.0226697824135062,1.05605445849257
00:01:32.5442,69.7605167888808,-0.0552396132167254,-0.162469450637428,-0.021947931460524,1.05115039584634
00:01:32.5504,69.7605169448832,-0.0530200675256881,-0.155941375075553,-0.0213178597782895,1.04639426807575
00:01:32.5566,69.7605170949804,-0.0511185408248649,-0.150348649484897,-0.0208056453298269,1.04176327871645
00:01:32.5628,69.760517240212,-0.0496283958440506,-0.14596587012956,-0.0204259101001737,1.03723013512551
00:01:32.5690,69.7605173818169,-0.0485961405511217,-0.142929825150358,-0.0201826479777618,1.03276547594421
00:01:32.5753,69.7605175210987,-0.0480196511203415,-0.141234268001004,-0.0200705880004159,1.02834005007738
00:01:32.5815,69.7605176592954,-0.047854120177015,-0.140747412285338,-0.0200769377571711,1.02392655517862
00:01:32.5877,69.7605177974745,-0.0480234347544969,-0.141245396336756,-0.0201833395096624,1.01950107281211
00:01:32.5939,69.7605179364632,-0.048434040348682,-0.142453059849065,-0.0203678818111101,1.01504407075985
00:01:32.6002,69.7605180768167,-0.048988493624133,-0.144083804776862,-0.0206070302741036,1.01054097465212
00:01:32.6064,69.7605182188228,-0.0495966027410151,-0.145872361002986,-0.0208773673719908,1.00598233814336
00:01:32.6126,69.7605183625323,-0.0501830046856037,-0.147597072604717,-0.0211570600826135,1.00136366191191
00:01:32.6188,69.7605185078063,-0.0506909622205965,-0.149091065354695,-0.0214270037469586,0.996684926393599
00:01:32.6267,69.7605186930699,-0.0511604933087181,-0.150472039143289,-0.0217289339641767,0.990695864697368
00:01:32.6345,69.7605188796376,-0.0514126138415574,-0.151213570122228,-0.0219697662665304,0.984631957295664
00:01:32.6444,69.7605191146488,-0.0514174722938119,-0.151227859687682,-0.0221683858494805,0.976935964884305
00:01:32.6564,69.7605193987062,-0.051023485639748,-0.150069075411023,-0.0222564464675541,0.967538301800092
00:01:32.6663,69.7605196299255,-0.0504453263006206,-0.148368606766531,-0.0222191629174861,0.959807482863464
00:01:32.6761,69.7605198582053,-0.0497172344710173,-0.146227160208874,-0.0221113754913771,0.952100725186017
00:01:32.6860,69.7605200830232,-0.0489145449164617,-0.143866308577829,-0.021964562676198,0.944437261893551
00:01:32.6958,69.7605203041878,-0.0481043375450514,-0.141483345720739,-0.0218090841297369,0.936825482109235
00:01:32.7056,69.7605205217798,-0.0473394768065478,-0.139233755313376,-0.0216698907220378,0.929264258994847
00:01:32.7155,69.7605207360756,-0.0466539312928344,-0.137217444978925,-0.0215640313802499,0.921745234671
00:01:32.7286,69.7605210174879,-0.045882179852023,-0.134947587800068,-0.0214875835703784,0.911758037287349
00:01:32.7454,69.7605213700532,-0.0450898054808482,-0.132617074943671,-0.0214861562052311,0.899053099915291
00:01:32.7621,69.7605217168543,-0.0444148239727117,-0.130631835213858,-0.0215581376522315,0.886329453887885
00:01:32.7788,69.7605220583645,-0.0437478755687454,-0.128670222261016,-0.0216559265704104,0.873558783963303
00:01:32.7956,69.7605223943976,-0.0430147203753886,-0.126513883457025,-0.0217379002554728,0.860737404522917
00:01:32.8123,69.7605227243883,-0.0421901832544972,-0.124088774277933,-0.0217807645486999,0.847880172741131
00:01:32.8328,69.7605231196896,-0.0410762421371503,-0.120812476873972,-0.0217794498670818,0.832105147589735
00:01:32.8533,69.7605235041788,-0.039901255468278,-0.11735663373023,-0.0217422190665267,0.816342115359601
00:01:32.8738,69.7605238774617,-0.0387070078554367,-0.113844140751284,-0.0217001021348751,0.800605303088986
00:01:32.8944,69.760524239426,-0.0375143114381282,-0.110336210112142,-0.0216756164936419,0.784891045147742
00:01:32.9201,69.7605246767221,-0.0360139080055659,-0.1059232588399,-0.0216772319423218,0.765219474848868
00:01:32.9539,69.7605252252247,-0.0339765825316536,-0.0999311250930988,-0.0217053610682303,0.739276876968638
00:01:32.9878,69.7605257409479,-0.0318398437445928,-0.0936465992488023,-0.021729756983087,0.713307422369709
00:01:33.0000,69.7605259181741,-0.0310464879216248,-0.0913131997694847,-0.0217337503637346,0.703964454533964
00:01:33.0009,69.7605259316354,-0.0309846978298189,-0.0911314642053498,-0.0217320105261376,0.703244976634395
00:01:33.0018,69.7605259450691,-0.0309225219150914,-0.090948593867916,-0.021725785427784,0.702525640272499
00:01:33.0033,69.7605259662463,-0.0308232416822576,-0.0906565931831105,-0.0217022428066071,0.701389513962589
00:01:33.0048,69.7605259873548,-0.0307227975083841,-0.0903611691423063,-0.021660627401686,0.700255107739919
00:01:33.0063,69.7605260083941,-0.0306210951447285,-0.090062044543319,-0.0216009373016752,0.699123345777069
00:01:33.0078,69.760526029363,-0.0305178392246606,-0.0897583506607663,-0.021524281008596,0.697995140595411
00:01:33.0107,69.7605260715683,-0.0303021140558529,-0.0891238648701557,-0.0213240003962032,0.695727434969709
00:01:33.0164,69.7605261507616,-0.0298493139440954,-0.0877920998355746,-0.0208109598171949,0.691498164766729
00:01:33.0221,69.7605262286217,-0.0292995836817992,-0.0861752461229387,-0.0201658223299904,0.687384716423455
00:01:33.0278,69.7605263048565,-0.0286206648962521,-0.0841784261654474,-0.019444242733122,0.683407194289802
00:01:33.0335,69.7605263791303,-0.0278095170464168,-0.0817926971953434,-0.0186973219894212,0.679576083673282
00:01:33.0392,69.7605264511415,-0.0268952410227556,-0.0791036500669283,-0.017969450029588,0.67589232073458
00:01:33.0449,69.7605265206964,-0.0259326701217891,-0.0762725591817327,-0.0172972923165138,0.672348609468777
00:01:33.0506,69.7605265877606,-0.0249903761600347,-0.0735011063530432,-0.0167091901624614,0.668931076563544
00:01:33.0563,69.7605266524765,-0.0241369207177024,-0.0709909432873599,-0.0162249266065642,0.665620998707374
00:01:33.0619,69.7605267151481,-0.0234286874440595,-0.0689079042472339,-0.0158559042718612,0.662396510897009
00:01:33.0676,69.7605267761997,-0.0229015732759294,-0.0673575684586158,-0.0156057227856997,0.659234228399713
00:01:33.0733,69.7605268361176,-0.0225675142376909,-0.0663750418755614,-0.0154710888190009,0.656110717750837
00:01:33.0790,69.7605268953909,-0.0224156269258677,-0.0659283144878461,-0.0154429674325347,0.653003762125251
00:01:33.0847,69.7605269544571,-0.0224168867278854,-0.0659320197878983,-0.0155078790584852,0.649893382659622
00:01:33.0904,69.7605270136643,-0.02253082513905,-0.0662671327619119,-0.0156492517229817,0.646762595321672
00:01:33.0961,69.7605270732501,-0.022712689430682,-0.0668020277373001,-0.0158487481096712,0.643597899999328
00:01:33.1018,69.7605271333383,-0.0229197750441889,-0.0674111030711438,-0.0160874998490054,0.640389513369234
00:01:33.1075,69.76052719395,-0.0231160861565851,-0.0679884886958385,-0.0163471959286525,0.637131369240658
00:01:33.1131,69.7605272550244,-0.0232749730242087,-0.0684558030123784,-0.0166109874155661,0.633820919207877
00:01:33.1201,69.7605273305033,-0.0233941151475156,-0.0688062210221047,-0.0169180671519989,0.629683408763558
00:01:33.1271,69.7605274062163,-0.0234210608287828,-0.0688854730258317,-0.0171883793974848,0.62547507301216
00:01:33.1341,69.7605274818754,-0.0233589250214849,-0.0687027206514261,-0.0174070318035349,0.62120667995515
00:01:33.1433,69.7605275810901,-0.0231621660822459,-0.0681240178889587,-0.0176029317424645,0.615511321535434
00:01:33.1546,69.7605277004726,-0.0227970080292084,-0.0670500236153188,-0.0177016858448619,0.608517593412325
00:01:33.1638,69.760527797134,-0.0224324357235514,-0.0659777521280924,-0.0176803810699203,0.602751053995667
00:01:33.1730,69.7605278921777,-0.0220356027196712,-0.0648105962343272,-0.0175897616851806,0.597001838593352
00:01:33.1823,69.7605279855003,-0.0216250660263561,-0.0636031353716356,-0.0174564666004402,0.591288353485348
00:01:33.1915,69.7605280770707,-0.0212143446699255,-0.0623951313821339,-0.0173072010970375,0.585620206403653
00:01:33.2007,69.7605281669091,-0.0208135658274935,-0.0612163700808633,-0.0171651501024605,0.57999894899585
00:01:33.2100,69.7605282550711,-0.0204292708924171,-0.0600860908600503,-0.0170476570711402,0.574419591302724
00:01:33.2216,69.7605283638181,-0.0199717894055897,-0.0587405570752638,-0.0169502766766493,0.567437567299124
00:01:33.2367,69.7605285015346,-0.0194097296754685,-0.057087440221966,-0.0169096618941613,0.558401860716064
00:01:33.2518,69.7605286353361,-0.0188576438717197,-0.0554636584462344,-0.0169475809703022,0.549367873513179
00:01:33.2669,69.7605287651912,-0.0182870363183363,-0.0537854009362834,-0.0170300576221922,0.540303892303733
00:01:33.2820,69.7605288909291,-0.0176826860882496,-0.0520079002595576,-0.0171200271986964,0.531195946923969
00:01:33.2971,69.7605290123315,-0.0170459740238627,-0.0501352177172433,-0.0171889592453861,0.522046956801205
00:01:33.3122,69.7605291292173,-0.0163880079661554,-0.0482000234298689,-0.0172229483225269,0.51287096234394
00:01:33.3332,69.7605292836754,-0.0154593369629215,-0.0454686381262397,-0.0172182383351104,0.500131886567402
00:01:33.3541,69.7605294290864,-0.0145208298483628,-0.04270832308342,-0.0171796195512794,0.487406780128338
00:01:33.3751,69.7605295653021,-0.0135651493784755,-0.0398974981719867,-0.0171394837852158,0.47470815366312
00:01:33.3960,69.76052969207,-0.01257641354077,-0.0369894515904999,-0.0171193998380191,0.462030287580579
00:01:33.4216,69.7605298331369,-0.0113106696052721,-0.0332666753096237,-0.0171261191681592,0.446591713168842
00:01:33.4530,69.7605299854686,-0.00966294420188574,-0.0284204241231933,-0.0171553528817093,0.427578945251542
00:01:33.4844,69.7605301133025,-0.00793625817481492,-0.0233419358082792,-0.0171794005542725,0.408540254651346
00:01:33.5000,69.7605301674259,-0.00705710010391658,-0.0207561767762252,-0.0171843501199576,0.399079862432129
00:01:33.5008,69.7605301702235,-0.00701050300023598,-0.0206191264712823,-0.0171828921905355,0.398558690888922
00:01:33.5017,69.760530173003,-0.00696912560067638,-0.0204974282372835,-0.0171776783651315,0.398037630984263
00:01:33.5030,69.7605301774086,-0.00691978211990764,-0.0203523003526695,-0.0171574580704815,0.397207121286275
00:01:33.5044,69.7605301817901,-0.00689293301725229,-0.0202733324036832,-0.0171212454342174,0.396377991112377
00:01:33.5058,69.7605301861618,-0.00688883150695412,-0.0202612691381003,-0.0170687894983548,0.395551002048723
00:01:33.5071,69.7605301905374,-0.006906006143848,-0.0203117827760235,-0.0170009098751812,0.394726916005935
00:01:33.5096,69.7605301985588,-0.00698406501360793,-0.0205413676870822,-0.0168421266904947,0.393237502999077
00:01:33.5149,69.7605302160733,-0.00729336151506871,-0.0214510632796138,-0.016382715690702,0.390138306440743
00:01:33.5202,69.7605302344607,-0.00771064521285719,-0.0226783682731094,-0.0157909839235913,0.387136992709078
00:01:33.5255,69.7605302538433,-0.00813035484942838,-0.0239128083806717,-0.0151147493381946,0.384252947923638
00:01:33.5308,69.7605302741405,-0.00847365142537981,-0.0249225041922936,-0.0143986289246336,0.381497976403129
00:01:33.5361,69.7605302951221,-0.00869613144028421,-0.0255768571773065,-0.0136822895516303,0.378876066225006
00:01:33.5414,69.7605303164875,-0.00878665275131824,-0.0258430963274066,-0.0129996581901168,0.376384254682679
00:01:33.5466,69.760530337938,-0.00876059412991098,-0.0257664533232676,-0.0123783846870477,0.374013787685268
00:01:33.5519,69.7605303592305,-0.0086501362551815,-0.0254415772211221,-0.0118395088853785,0.371751353431474
00:01:33.5572,69.760530380206,-0.0084939312213507,-0.0249821506510315,-0.0113973960952412,0.369580331055428
00:01:33.5625,69.7605304007954,-0.00832812212823775,-0.0244944768477581,-0.0110599627284764,0.367482014053242
00:01:33.5678,69.7605304210059,-0.00818005233090599,-0.0240589774438411,-0.0108291657469858,0.365436764804627
00:01:33.5731,69.7605304408964,-0.00806481382670605,-0.0237200406667825,-0.0107017044315104,0.363425058370316
00:01:33.5784,69.7605304605483,-0.00798556773858513,-0.0234869639370151,-0.0106698746092858,0.361428382467435
00:01:33.5837,69.760530480039,-0.00793513954717012,-0.0233386457269709,-0.0107225152424509,0.359429970211021
00:01:33.5889,69.7605304994209,-0.00789980952044906,-0.0232347338836737,-0.0108459908883276,0.357415353730066
00:01:33.5942,69.760530518711,-0.0078632464349518,-0.0231271953969171,-0.0110251593661465,0.355372736501467
00:01:33.5995,69.7605305378879,-0.00781014284208774,-0.0229710083590816,-0.0112442813561398,0.35329319105297
00:01:33.6048,69.7605305568983,-0.00772893831817305,-0.0227321715240384,-0.0114878370863448,0.351170695985276
00:01:33.6101,69.7605305756669,-0.00761335607556856,-0.0223922237516722,-0.0117412242170784,0.349002031932722
00:01:33.6154,69.7605305941101,-0.00746274444405264,-0.0219492483648607,-0.0119913200232207,0.346786560079983
00:01:33.6220,69.7605306166574,-0.00723165802747797,-0.0212695824337587,-0.0122823585473277,0.343944338650995
00:01:33.6286,69.7605306384508,-0.00696858716432886,-0.0204958446009672,-0.0125341290744691,0.341038876468459
00:01:33.6366,69.7605306635591,-0.00663810076122199,-0.0195238257683,-0.0127685614122432,0.337478580973891
00:01:33.6462,69.7605306923237,-0.00625922133961805,-0.0184094745282884,-0.0129429072249245,0.333109663417525
00:01:33.6559,69.7605307195371,-0.00593533892262059,-0.0174568791841782,-0.0130020718527647,0.328700866010752
00:01:33.6655,69.7605307454576,-0.00567791762122589,-0.0166997577094879,-0.0129631875415617,0.324287822751344
00:01:33.6751,69.7605307703506,-0.00547747236910592,-0.0161102128503115,-0.0128533316818851,0.319899064010659
00:01:33.6848,69.7605307944191,-0.00531304910975004,-0.0156266150286766,-0.0127037721588355,0.315553394325737
00:01:33.6944,69.7605308177729,-0.0051615570640514,-0.0151810501883865,-0.0125446235510141,0.311259319875031
00:01:33.7040,69.7605308404291,-0.00500354635527699,-0.0147163128096382,-0.0124008039529096,0.307016084939131
00:01:33.7137,69.7605308623307,-0.00482515141517635,-0.0141916218093422,-0.0122896231819621,0.302815800086014
00:01:33.7233,69.7605308833698,-0.00461772379001681,-0.013581540558873,-0.0122199855310745,0.298646118022872
00:01:33.7375,69.7605309123965,-0.00425430220955895,-0.0125126535575263,-0.0121914698260182,0.292540996562168
00:01:33.7516,69.76053093881,-0.00382076452584206,-0.0112375427230649,-0.0122323609493447,0.286433589169894
00:01:33.7658,69.7605309622159,-0.00333237349875497,-0.00980109852574992,-0.0123123496354406,0.280297731415256
00:01:33.7799,69.7605309823353,-0.00281254160564068,-0.00827218119306084,-0.0123994260873212,0.27412176148362
00:01:33.7941,69.7605309990548,-0.0022891915309986,-0.00673291626764295,-0.0124686624290808,0.267907815438745
00:01:33.8082,69.7605310124182,-0.00178440531818736,-0.00524825093584519,-0.0125069717165148,0.261667403001014
00:01:33.8271,69.7605310252803,-0.00115154373823099,-0.00338689334773819,-0.0125113748330885,0.253335717634595
00:01:33.8460,69.7605310327668,-0.000555486254701432,-0.00163378310206303,-0.0124811447501119,0.245011302412267
00:01:33.8648,69.7605310350286,3.7251847789084e-05,0.000109564258203188,-0.0124420892502488,0.236708040070412
00:01:33.8837,69.7605310319688,0.000656773413652177,0.0019316865107417,-0.0124149554026069,0.228425474994608
00:01:33.9026,69.7605310232856,0.00132172540963853,0.00388742767540744,-0.0124086353398005,0.220153669960805
00:01:33.9316,69.7605309979567,0.00242729460869745,0.00713910179028661,-0.0124276493871862,0.207412315488215
00:01:33.9606,69.7605309573704,0.00359754314859398,0.0105810092605705,-0.012456638680412,0.194649053599119
00:01:33.9897,69.7605309009547,0.00479120788330775,0.0140917878920816,-0.0124739167554047,0.181864507456909
00:01:34.0000,69.760530877211,0.0052138780404266,0.0153349354130194,-0.0124756113844192,0.177346117495095
00:01:34.0007,69.7605308754141,0.00524204381136865,0.0154177759157901,-0.0124745339982922,0.177018999523985
00:01:34.0014,69.7605308736086,0.0052643607104831,0.0154834138543621,-0.0124707546129502,0.176691953261952
00:01:34.0026,69.7605308706699,0.00528061975171228,0.0155312345638596,-0.0124554889049794,0.176161877960802
00:01:34.0038,69.7605308677302,0.00526923577981064,0.0154977522935607,-0.012427564626234,0.175632732926286
00:01:34.0050,69.7605308648047,0.00522912866499089,0.0153797901911497,-0.0123864472744732,0.175105055078701
00:01:34.0063,69.7605308619092,0.00516145432757751,0.0151807480222868,-0.0123325578006929,0.17457939310395
00:01:34.0082,69.7605308573908,0.00500203059745086,0.0147118546983849,-0.0122222452223914,0.173745939657123
00:01:34.0130,69.7605308470104,0.00438790298665076,0.0129055970195611,-0.0118381047309235,0.171708156088175
00:01:34.0178,69.7605308382293,0.00355495075103322,0.0104557375030389,-0.0113247572571004,0.169746467547834
00:01:34.0226,69.7605308313757,0.00262511180488203,0.00772091707318243,-0.0107207074347895,0.16787868108631
00:01:34.0274,69.7605308265567,0.00170222545206691,0.00500654544725562,-0.0100624946384904,0.166117202471749
00:01:34.0322,69.7605308236817,0.000862886070921814,0.00253790020859357,-0.00938338984613723,0.164468579426642
00:01:34.0370,69.7605308225203,0.000154259086785886,0.000453703196429076,-0.00871288464703897,0.162933970316194
00:01:34.0418,69.7605308227657,-0.000403748236863634,-0.00118749481430481,-0.0080762970744224,0.161509848784814
00:01:34.0466,69.7605308240893,-0.000813380622429352,-0.00239229594832162,-0.00749443784504013,0.160188767778119
00:01:34.0514,69.7605308261834,-0.00109228442676851,-0.00321260125520151,-0.00698340542712082,0.158960150512601
00:01:34.0562,69.7605308287871,-0.00126639537876015,-0.00372469229047103,-0.00655455332321527,0.157811092309195
00:01:34.0610,69.7605308316981,-0.00136355870412403,-0.00401046677683538,-0.0062146339301979,0.156727150527772
00:01:34.0658,69.760530834772,-0.00140863559783362,-0.00414304587598124,-0.00596610029000973,0.155693096765707
00:01:34.0706,69.7605308379124,-0.00142048206370543,-0.00417788842266304,-0.00580753716569862,0.154693607548718
00:01:34.0754,69.7605308410565,-0.00141063202081426,-0.00414891770827724,-0.00573418959766971,0.153713874127157
00:01:34.0802,69.7605308441604,-0.00138391579190927,-0.00407034056443902,-0.00573855677563785,0.152740117833839
00:01:34.0850,69.7605308471847,-0.00133971785122884,-0.00394034662126131,-0.00581102028982201,0.151760002115735
00:01:34.0898,69.7605308500859,-0.00127420522826653,-0.00374766243607802,-0.00594047818216606,0.150762937977485
00:01:34.0946,69.7605308528112,-0.00118252949209513,-0.00347802791792684,-0.00611495941563857,0.149740283919731
00:01:34.0994,69.7605308552985,-0.00106077583029015,-0.00311992891261809,-0.00632219720811396,0.148685445452933
00:01:34.1042,69.7605308574798,-0.000907370556106542,-0.00266873692972512,-0.00655014389518403,0.147593882567482
00:01:34.1090,69.7605308592871,-0.000723823998898933,-0.00212889411440863,-0.00678741437548151,0.146463036108481
00:01:34.1138,69.7605308606593,-0.000514814160142072,-0.0015141592945355,-0.00702364955535808,0.145292185830499
00:01:34.1186,69.7605308615483,-0.000287715983993457,-0.000846223482333697,-0.00724979537750684,0.144082254013587
00:01:34.1247,69.7605308619358,1.06816819638509e-05,3.14167116583849e-05,-0.00750937025121674,0.142498108669353
00:01:34.1308,69.7605308614962,0.000303442472622857,0.000892477860655461,-0.00772967737350116,0.140862643730294
00:01:34.1383,69.7605308598935,0.000628670463568601,0.00184903077520177,-0.00793622956080229,0.138792577271091
00:01:34.1475,69.7605308565486,0.000944788496997518,0.00277878969705152,-0.00808825270506996,0.136166952026051
00:01:34.1568,69.7605308520998,0.00114592557895172,0.003370369349858,-0.00813132818388922,0.133509095272708
00:01:34.1643,69.7605308480133,0.00122607991025099,0.00360611738309116,-0.00809722974243665,0.131366625079269
00:01:34.1718,69.7605308437433,0.00124819892485146,0.00367117330838664,-0.00801688857882811,0.129238898619233
00:01:34.1793,69.7605308394588,0.00123114419843151,0.00362101234832796,-0.00790595864459808,0.12713614302765
00:01:34.1868,69.7605308352615,0.00119446896833418,0.0035131440245123,-0.00778003103516725,0.125064358738756
00:01:34.1942,69.7605308311903,0.00115555566925914,0.00339869314487983,-0.00765323806670954,0.12302566042049
00:01:34.2017,69.7605308272303,0.00112810175747633,0.00331794634551863,-0.00753724899227834,0.121018792884793
00:01:34.2107,69.7605308225147,0.0011241175550504,0.00330622810308942,-0.00742415619247032,0.118635026151784
00:01:34.2198,69.7605308177308,0.00115945589826914,0.00341016440667395,-0.00734715769847759,0.116281334438218
00:01:34.2320,69.7605308108263,0.00127392220396401,0.00374683001165885,-0.00730282922141075,0.113125798869262
00:01:34.2441,69.7605308030796,0.00145892191514399,0.00429094680924703,-0.00731781467894395,0.109976939951625
00:01:34.2563,69.7605307941426,0.001699666732704,0.00499901980207059,-0.00737398345897438,0.106813705928613
00:01:34.2685,69.7605307837646,0.00197434520791708,0.00580689767034437,-0.00744930059497307,0.103623165763052
00:01:34.2807,69.7605307718232,0.00225848498733816,0.00664260290393575,-0.00752330049612999,0.100401299292758
00:01:34.2929,69.7605307583238,0.00253036883698088,0.00744226128523788,-0.00758103173981587,0.0971515909804256
00:01:34.3051,69.7605307433712,0.00277565941003554,0.00816370414716336,-0.0076148427399358,0.0938823625636504
00:01:34.3223,69.7605307200588,0.00307293567439121,0.00903804610115062,-0.00762333252466286,0.0892429167606222
00:01:34.3396,69.7605306945499,0.00332341628603251,0.00977475378244855,-0.00759952591325819,0.0846072999895014
00:01:34.3568,69.7605306670804,0.0035571292660785,0.0104621449002309,-0.00756371490903555,0.0799884458701697
00:01:34.3741,69.7605306376788,0.00380152948082729,0.0111809690612567,-0.00753397278704761,0.0753884626974031
00:01:34.3913,69.7605306061975,0.00407486324951349,0.0119848919103338,-0.00752042519650065,0.0708011911867456
00:01:34.4139,69.7605305615003,0.0044796937198986,0.0131755697644077,-0.00752672280944751,0.0648089736750544
00:01:34.4364,69.7605305123997,0.00492217625189179,0.0144769889761523,-0.00754810305239331,0.0588068067978071
00:01:34.4590,69.7605304586455,0.00537719516600902,0.0158152799000265,-0.00756947151839549,0.0527889704538861
00:01:34.4815,69.7605304001965,0.00582562787010894,0.0171341996179675,-0.0075812401057716,0.0467586724016014
00:01:34.5000,69.760530348955,0.00618347843127909,0.0181867012684679,-0.00758250183160714,0.041822574799264
00:01:34.5005,69.7605303473114,0.00619311912277714,0.0182150562434622,-0.00758186247333408,0.0416689579591288
00:01:34.5011,69.7605303456658,0.00620003656619391,0.0182354016652762,-0.00757978217675448,0.0415153773694526
00:01:34.5022,69.7605303426157,0.00619949787766177,0.0182338172872405,-0.0075693754356389,0.0412310749535228
00:01:34.5030,69.7605303401993,0.00618507287211134,0.0181913908003275,-0.00755424352446672,0.0410059475082031
00:01:34.5038,69.7605303377911,0.00615689117305,0.0181085034501471,-0.00753234423577397,0.0407813709407456
00:01:34.5047,69.7605303353967,0.00611504333055391,0.0179854215604527,-0.00750367512267702,0.0405575464274516
00:01:34.5060,69.7605303317567,0.00602556616712441,0.0177222534327189,-0.00744700433136385,0.0402155288139197
00:01:34.5083,69.7605303254298,0.005797861998886,0.0170525352908412,-0.00731080506375224,0.0396126573151274
00:01:34.5120,69.7605303159292,0.00528526666369943,0.0155449019520571,-0.0070106283471223,0.0386745732192528
00:01:34.5157,69.7605303074149,0.00464206219665165,0.013653124107799,-0.00662518423916182,0.0377813260249937
00:01:34.5194,69.760530300054,0.00392918484307707,0.0115564260090502,-0.00617369634329553,0.0369426300138343
00:01:34.5232,69.760530293922,0.00320146472710723,0.00941607272678597,-0.00567456179358851,0.0361660086761032
00:01:34.5262,69.7605302897809,0.0026204935351884,0.00770733392702471,-0.00523771391437177,0.0355747966731825
00:01:34.5293,69.7605302864346,0.00208068866704738,0.00611967255013936,-0.00478929912240563,0.0350314928603333
00:01:34.5324,69.7605302838148,0.00159643974822387,0.00469541102418784,-0.00433776362697052,0.0345369059274862
00:01:34.5354,69.7605302818364,0.00117675856805223,0.00346105461191834,-0.00389080452005242,0.0340909494254199
00:01:34.5385,69.7605302804053,0.000825756285874474,0.00242869495845434,-0.00345537905306618,0.0336927493038158
00:01:34.5423,69.7605302792402,0.000487615364453452,0.0014341628366278,-0.00294462875419212,0.0332652949230023
00:01:34.5469,69.7605302784775,0.000205063436820559,0.000603127755354585,-0.00237513280367298,0.032833433806325
00:01:34.5515,69.7605302781966,3.90329452993853e-05,0.00011480278029231,-0.00187313269353823,0.0324881882936203
00:01:34.5552,69.7605302781836,-3.0795502821558e-05,-9.05750082987e-05,-0.00152163896897476,0.0322637657843587
00:01:34.5589,69.7605302782584,-5.97728746935852e-05,-0.000175802572628192,-0.00122638203896596,0.0320819581471425
00:01:34.5627,69.7605302783627,-6.32745099528387e-05,-0.00018610149986129,-0.000989351244039434,0.0319352149660298
00:01:34.5657,69.7605302784462,-5.63655821836936e-05,-0.000165781124069687,-0.000840856268254383,0.0318377432985191
00:01:34.5687,69.7605302785182,-4.65402995430639e-05,-0.000136883233950188,-0.000729343647060884,0.0317540776420703
00:01:34.5717,69.7605302785772,-3.75685085524186e-05,-0.000110495613389466,-0.000653395530948356,0.0316803592937056
00:01:34.5747,69.7605302786261,-3.18082847154485e-05,-9.35537785748487e-05,-0.00061119154140408,0.0316129231277588
00:01:34.5777,69.7605302786699,-3.03188103531139e-05,-8.91729716268056e-05,-0.000600608268784196,0.0315483076607247
00:01:34.5807,69.7605302787146,-3.30556803542507e-05,-9.7222589277208e-05,-0.000619280912460705,0.0314832845508583
00:01:34.5837,69.7605302787652,-3.90627576211169e-05,-0.00011489046359152,-0.000664648283202531,0.0314148848570669
00:01:34.5867,69.760530278825,-4.67785756082917e-05,-0.00013758404590674,-0.000733989116728914,0.0313404194153576
00:01:34.5897,69.7605302788953,-5.42571532731527e-05,-0.000159579862568096,-0.000824451940447766,0.0312574946987496
00:01:34.5927,69.760530278974,-5.94164080481322e-05,-0.000174754141318036,-0.000933080832771137,0.0311640253648074
00:01:34.5957,69.7605302790567,-6.02511604334097e-05,-0.000177209295392382,-0.00105684224947576,0.0310582438893323
00:01:34.5987,69.7605302791361,-5.50092655331435e-05,-0.000161791957450422,-0.00119265968072984,0.0309387068661128
00:01:34.6026,69.7605302792163,-3.7397158863479e-05,-0.000109991643716115,-0.00137845613063912,0.0307641078361453
00:01:34.6064,69.7605302792526,-6.01744332249128e-06,-1.76983627132097e-05,-0.00157272049803373,0.0305637902877132
00:01:34.6112,69.7605302791983,5.17676677926414e-05,0.000152257846448945,-0.00181439759499778,0.0302807993303081
00:01:34.6159,69.7605302789969,0.000128686769277024,0.0003784904978736,-0.00205039328918746,0.0299580484611965
00:01:34.6217,69.7605302784933,0.000242118476553683,0.000712113166334362,-0.00231964618393439,0.0295101551443713
00:01:34.6275,69.760530277674,0.000365689014655504,0.00107555592545736,-0.00255610029895026,0.0290105950120461
00:01:34.6333,69.7605302765294,0.000486546050719469,0.00143101779623373,-0.00275134055492148,0.0284668750626234
00:01:34.6407,69.7605302746551,0.000617672633108119,0.00181668421502388,-0.00293212625738597,0.0277294599710797
00:01:34.6467,69.760530272823,0.000696397477786261,0.00204822787584195,-0.00302374223785465,0.0270942727052977
00:01:34.6528,69.7605302708147,0.00074374272292544,0.00218747859683953,-0.00306592690728056,0.0264446828498715
00:01:34.6588,69.7605302687169,0.000759937389463921,0.00223510996901153,-0.00306354165547291,0.0257907472568528
00:01:34.6649,69.7605302666106,0.000748865046335617,0.00220254425392828,-0.00302345324508356,0.0251412172543615
00:01:34.6709,69.7605302645631,0.000716678777506202,0.00210787875737118,-0.00295378362434006,0.0245032542957516
00:01:34.6770,69.7605302626232,0.000670552528116183,0.00197221331798877,-0.00286322967411812,0.0238822407552394
00:01:34.6830,69.7605302608205,0.00061749705056217,0.00181616779577109,-0.0027604570275165,0.0232817177658824
00:01:34.6891,69.7605302591663,0.000563555868716982,0.0016575172609323,-0.00265358439152564,0.0227034431594636
00:01:34.6951,69.7605302576568,0.000513387285306808,0.00150996260384355,-0.00254977374664823,0.0221475492779123
00:01:34.7027,69.7605302559371,0.000460718516868199,0.00135505446137706,-0.00243301474005773,0.0214776656166183
00:01:34.7120,69.7605302540415,0.000415942331637509,0.00122335979893385,-0.00232136522804491,0.02069603161661
00:01:34.7213,69.7605302522901,0.000393594089422281,0.00115762967477142,-0.00224994796825753,0.0199442476457581
00:01:34.7288,69.7605302509207,0.000391398554749135,0.0011511722198504,-0.00222279598396622,0.0193501352054599
00:01:34.7364,69.7605302495365,0.000402409744247477,0.00118355807131611,-0.00222093902766417,0.0187599626580233
00:01:34.7439,69.7605302480947,0.00042474588253912,0.00124925259570329,-0.00224011368928385,0.0181675879909523
00:01:34.7514,69.7605302465596,0.000456348688873039,0.00134220202609717,-0.00227487855989394,0.0175681825661349
00:01:34.7589,69.7605302449035,0.000494749322044507,0.00145514506483678,-0.00231935772913878,0.0169583994305273
00:01:34.7664,69.7605302431076,0.000537209069095294,0.00158002667380969,-0.00236785338655192,0.0163364084146523
00:01:34.7755,69.7605302407246,0.000589969851507127,0.0017352054456092,-0.00242463149296247,0.0155636779650296
00:01:34.7873,69.7605302373441,0.000653069600192659,0.00192079294174312,-0.00248452669144501,0.0145449736974641
00:01:34.7991,69.7605302336534,0.000705164473686789,0.00207401315790232,-0.00252337900099573,0.0135060480860498
00:01:34.8116,69.7605302294556,0.00074512669015374,0.00219154908868747,-0.00253946189164863,0.0123868769627879
00:01:34.8241,69.7605302250683,0.000770123694807161,0.0022650696906093,-0.00253320955149472,0.0112653055938809
00:01:34.8367,69.760530220563,0.000784689516225014,0.00230791034183828,-0.00251226373035154,0.0101493671295951
00:01:34.8492,69.7605302159824,0.000794859080207839,0.0023378208241407,-0.00248554237803234,0.00904358034034719
00:01:34.8617,69.7605302113362,0.000806248868716967,0.00237132020210873,-0.0024609043451051,0.00794884812205333
00:01:34.8770,69.7605302055377,0.000827597721304325,0.00243411094501272,-0.00244123866448323,0.00662246248544487
00:01:34.8971,69.7605301976151,0.00087100761530827,0.00256178710384785,-0.00243559721545686,0.00488915075924436
00:01:34.9137,69.76053019073,0.000918587388206054,0.00270172761237075,-0.0024449455322252,0.00345768397998477
00:01:34.9304,69.7605301834589,0.000972510843960141,0.00286032601164747,-0.00246032263674409,0.00201943356538006
00:01:34.9470,69.7605301757717,0.00102783060501774,0.00302303119122863,-0.00247519232017214,0.000572685204477106
00:01:34.9535,69.7605301726256,0.00104889139764051,0.00308497469894269,-0.00247962512952329,5.16895715073069e-16
00:01:34.9535,69.7605301726256,0.00104891641094659,0.00308504826748998,-0.00247961469662488,-7.90609328721822e-14
00:01:34.9739,69.7605301621443,0.00110910664265547,0.00326207836075137,-0.00248533399910568,-0.00179164206568766
00:01:35.0000,69.7605301478951,0.00118228198305531,0.00347729995016268,-0.00248636877110959,-0.00407755624905345
00:01:35.0002,69.7605301477724,0.0011828730581964,0.00347903840645999,-0.00248632724941182,-0.00409722217065491
00:01:35.0004,69.7605301476501,0.00118341761978148,0.00348064005818082,-0.00248623445272909,-0.00411688721330965
00:01:35.0008,69.760530147439,0.00118412584869764,0.00348272308440483,-0.00248582214095484,-0.00415074708462182
00:01:35.0017,69.7605301469254,0.00118392243500544,0.00348212480883952,-0.00248270500003498,-0.00423300717372892
00:01:35.0025,69.7605301465262,0.00118159886420728,0.00347529077708025,-0.00247790329562894,-0.00429687629325477
00:01:35.0032,69.7605301461281,0.00117705895936127,0.00346193811576843,-0.00247066347382829,-0.00436059024620645
00:01:35.0039,69.760530145732,0.00117024004137432,0.00344188247463036,-0.00246090526733774,-0.00442408535692712
00:01:35.0049,69.7605301452156,0.00115789342374414,0.00340556889336511,-0.00244430786020796,-0.0045070907976824
00:01:35.0063,69.7605301444687,0.00113319144195493,0.00333291600574979,-0.00241248060104823,-0.00462790162475748
00:01:35.0083,69.7605301434211,0.00108500572763257,0.00319119331656637,-0.00235178579295113,-0.00479963132468512
00:01:35.0110,69.760530142109,0.00100197484570486,0.00294698484030841,-0.00224695415719391,-0.00502035520467412
00:01:35.0138,69.7605301409112,0.000902661222357976,0.00265488594811169,-0.00211806723467705,-0.00522988156080246
00:01:35.0165,69.760530139844,0.000793000726094299,0.00233235507674794,-0.00196895025580794,-0.00542610093410502
00:01:35.0192,69.7605301389173,0.000678596376916259,0.00199587169681253,-0.00180327267177619,-0.00560723369047853
00:01:35.0219,69.760530138134,0.000564489393651635,0.00166026292250481,-0.00162452121779454,-0.0057718471266543
00:01:35.0246,69.760530137491,0.000455018763096391,0.00133829047969527,-0.00143600881574736,-0.00591884004353908
00:01:35.0280,69.7605301368858,0.000333448270980935,0.000980730208767456,-0.00119866490451187,-0.00607256521585446
00:01:35.0313,69.7605301364532,0.000228518543892165,0.00067211336438872,-0.000956787847012011,-0.00619836491473811
00:01:35.0346,69.7605301361661,0.000143070790866108,0.000420796443723846,-0.000715225647104276,-0.00629599610229564
00:01:35.0386,69.7605301359665,6.74107136406258e-05,0.00019826680482537,-0.000430485514753124,-0.00637691870888836
00:01:35.0426,69.7605301358801,2.07800017775628e-05,6.11176522869494e-05,-0.000159493964342735,-0.00641872923513184
00:01:35.0481,69.7605301358459,-2.42850239289096e-06,-7.14265409673813e-06,0.000180129754989506,-0.00641741816317676
00:01:35.0536,69.7605301358295,9.21982281705056e-06,2.71171259325016e-05,0.000471305107046837,-0.00635497374539113
00:01:35.0591,69.7605301357632,4.02575299868934e-05,0.000118404499961451,0.000706181769040022,-0.00624146983389457
00:01:35.0634,69.7605301356554,6.86923831701302e-05,0.000202036421088618,0.000847954775352347,-0.00612362823745702
00:01:35.0677,69.760530135494,9.45524185001421e-05,0.00027809534852983,0.000951928356804584,-0.00598708326290293
00:01:35.0720,69.7605301352876,0.000113954003500229,0.000335158833824203,0.00101899903648959,-0.00583752781470161
00:01:35.0763,69.7605301350511,0.000124771365880171,0.000366974605529914,0.00105116466789071,-0.0056803997191799
00:01:35.0806,69.7605301348021,0.000126487377995201,0.000372021699985885,0.00105130531399644,-0.00552077350188632
00:01:35.0849,69.7605301345577,0.000119895884119571,0.000352634953292856,0.00102299134472369,-0.00536324145711762
00:01:35.0892,69.7605301343326,0.000106716594735572,0.000313872337457565,0.000970292809626668,-0.00521181936825378
00:01:35.0936,69.7605301341378,8.91838347270539e-05,0.000262305396256041,0.000897592174682467,-0.00506988272738656
00:01:35.0979,69.7605301339794,6.96626155559188e-05,0.000204890045752702,0.000809407599517634,-0.00494013187994117
00:01:35.1022,69.7605301338595,5.03315041347081e-05,0.000148033835690318,0.000710232592874841,-0.00482458322643638
00:01:35.1065,69.7605301337759,3.29555424431008e-05,9.69280660091199e-05,0.000604395796173742,-0.00472458336654856
00:01:35.1108,69.7605301337236,1.87568754315446e-05,5.51672806810135e-05,0.000495942999376931,-0.00464084288432954
00:01:35.1151,69.7605301336958,8.37757344681598e-06,2.46399219023999e-05,0.000388542297597705,-0.0045734863219981
00:01:35.1207,69.7605301336825,7.06509522006088e-07,2.07796918237085e-06,0.000255754366116275,-0.0045093901706831
00:01:35.1282,69.7605301336796,-8.89058247056277e-07,-2.61487719722434e-06,0.000100277051437108,-0.00446173707439415
00:01:35.1372,69.7605301336679,4.94193091130245e-06,1.45350909155954e-05,-4.44731708571403e-05,-0.00445142726357625
00:01:35.1435,69.7605301336463,1.03126705238654e-05,3.03313838937218e-05,-0.000113829686509026,-0.00446839398998212
00:01:35.1497,69.7605301336111,1.45255430241115e-05,4.27221853650337e-05,-0.000156732450294374,-0.00449775550783952
00:01:35.1560,69.760530133567,1.65490192807105e-05,4.86735861197367e-05,-0.000174618144495732,-0.00453383294420719
00:01:35.1622,69.7605301335204,1.6192263060311e-05,4.76243031185619e-05,-0.00017033527279753,-0.00457146244843851
00:01:35.1685,69.7605301334774,1.38966869797151e-05,4.08726087638681e-05,-0.000147673870670936,-0.00460619941128071
00:01:35.1747,69.7605301334425,1.04490880201962e-05,3.07326118241064e-05,-0.000110975847035095,-0.00463448156190122
00:01:35.1809,69.7605301334177,6.70149797368713e-06,1.97102881579033e-05,-6.47830056732668e-05,-0.00465371653070173
00:01:35.1872,69.760530133403,3.35758275939559e-06,9.87524340998703e-06,-1.35258109334511e-05,-0.00466229459631824
00:01:35.1934,69.7605301333966,8.54438941613064e-07,2.51305571062666e-06,3.87349939623056e-05,-0.00465953740700799
00:01:35.1997,69.7605301333961,-6.60935806460212e-07,-1.94392884253004e-06,8.8505121973552e-05,-0.00464559615248706
00:01:35.2084,69.7605301333995,-1.33306445721389e-06,-3.92077781533497e-06,0.000148671115125032,-0.00460917443427522
00:01:35.2212,69.7605301334044,-6.78528136233766e-07,-1.99567098892284e-06,0.000208380314466123,-0.00453000254027387
00:01:35.2299,69.7605301334061,-9.4824757481671e-08,-2.78896345534327e-07,0.000228701559643021,-0.004463137487918
00:01:35.2387,69.7605301334063,1.26305108877368e-07,3.71485614345201e-07,0.000232625180143103,-0.00439246483474823
00:01:35.2474,69.7605301334063,-5.13144714943589e-08,-1.50924916159879e-07,0.000222869730749756,-0.0043226144498239
00:01:35.2561,69.7605301334074,-4.46970638548259e-07,-1.31461952514194e-06,0.000203260462375575,-0.00425718100457574
00:01:35.2648,69.76053013341,-8.29620010541957e-07,-2.44005885453517e-06,0.000177994224008453,-0.00419854461724563
00:01:35.2736,69.7605301334137,-1.04168769534673e-06,-3.06378733925508e-06,0.000151062819751046,-0.00414784370884184
00:01:35.2823,69.7605301334178,-1.04517445976242e-06,-3.07404252871299e-06,0.000125830551434326,-0.00410509536917852
00:01:35.2942,69.7605301334228,-8.31354940742477e-07,-2.44516159041905e-06,9.85767394015066e-05,-0.00405739667027517
00:01:35.3089,69.7605301334275,-5.51270266653073e-07,-1.62138313721492e-06,7.96288176240744e-05,-0.00401059042821651
00:01:35.3206,69.7605301334304,-4.86202618751145e-07,-1.43000770220925e-06,7.58583508534209e-05,-0.00397788876155373
00:01:35.3324,69.7605301334334,-5.67898532258352e-07,-1.67028980075986e-06,8.03266165563383e-05,-0.00394516704995835
00:01:35.3442,69.7605301334369,-7.09166056721422e-07,-2.08578251976889e-06,8.9812734802151e-05,-0.0039096780384149
00:01:35.3559,69.7605301334411,-8.25784115742813e-07,-2.42877681100827e-06,0.000100902996671226,-0.0038700415903085
00:01:35.3677,69.7605301334457,-8.82778378387749e-07,-2.59640699525809e-06,0.000110736976602857,-0.00382615566592928
00:01:35.3844,69.7605301334524,-8.84782450757401e-07,-2.60230132575706e-06,0.000119022568401839,-0.00375882219252373
00:01:35.4042,69.7605301334604,-8.4924634964091e-07,-2.4977833812968e-06,0.000119673463938842,-0.00367587220033234
00:01:35.4241,69.760530133468,-8.0794267352853e-07,-2.37630198096626e-06,0.000112932763775989,-0.003594849829074
00:01:35.4439,69.7605301334752,-7.53649994789622e-07,-2.21661763173418e-06,0.000103448455092889,-0.00351913998057296
00:01:35.4638,69.7605301334818,-6.94230750585681e-07,-2.04185514878141e-06,9.54733658113855e-05,-0.00344924666198551
00:01:35.4836,69.760530133488,-6.52264293818682e-07,-1.91842439358436e-06,9.11600939081713e-05,-0.00338354381951371
00:01:35.5000,69.7605301334929,-6.3645732724202e-07,-1.87193331541771e-06,9.03609420647377e-05,-0.00333097453799396
00:01:35.5223,69.7605301334995,-6.2572904326831e-07,-1.84037953902444e-06,9.12413126287463e-05,-0.00325925856805343
00:01:35.5446,69.7605301335059,-6.1250195845425e-07,-1.80147634839485e-06,9.2188432914234e-05,-0.00318701848248242
00:01:35.5728,69.7605301335136,-5.84594503414886e-07,-1.71939559827908e-06,9.11732115747136e-05,-0.00309594812017128
00:01:35.6156,69.7605301335247,-5.3388891651318e-07,-1.57026151915641e-06,8.62055674190929e-05,-0.00296251291475321
00:01:35.6584,69.7605301335347,-4.80873199733552e-07,-1.4143329403928e-06,8.06418077455168e-05,-0.00283648955207375
00:01:35.7012,69.7605301335439,-4.37800260114724e-07,-1.28764782386684e-06,7.68430117176997e-05,-0.00271713621266203
00:01:35.7836,69.7605301335595,-3.74846183644628e-07,-1.10248877542538e-06,7.16721080227589e-05,-0.00249998117150948
00:01:35.8661,69.7605301335727,-3.15499820099489e-07,-9.27940647351438e-07,6.63184666905894e-05,-0.00229910539238068
00:01:35.9486,69.7605301335838,-2.68267463626151e-07,-7.89021951841621e-07,6.06093235787055e-05,-0.00211446607757371
00:01:36.0000,69.7605301335899,-2.41115548121419e-07,-7.09163376827703e-07,5.73729494127879e-05,-0.00200741820698714
00:01:36.1000,69.7605301336,-1.9397125677262e-07,-5.70503696390058e-07,5.19634026868715e-05,-0.00181400712445646
00:01:36.1999,69.7605301336082,-1.58316637234835e-07,-4.65637168337749e-07,4.70379341255088e-05,-0.00163902801118527
00:01:36.2999,69.7605301336149,-1.29462786935342e-07,-3.80772902751004e-07,4.24515288351591e-05,-0.00148092647126237
00:01:36.3999,69.7605301336203,-1.052526207024e-07,-3.09566531477647e-07,3.83352382402635e-05,-0.00133814277620656
00:01:36.5000,69.7605301336248,-8.56019056456032e-08,-2.51770310722362e-07,3.46560930577794e-05,-0.00120912620772527
00:01:36.6000,69.7605301336284,-6.98257077845205e-08,-2.05369728778002e-07,3.13199413004276e-05,-0.00109253059017231
00:01:36.6999,69.7605301336313,-5.69223199681671e-08,-1.67418588141668e-07,2.82940689451656e-05,-0.000987180437911909
00:01:36.7999,69.7605301336337,-4.63237722334298e-08,-1.36246388921852e-07,2.55645940323256e-05,-0.000891994571366262
00:01:36.8999,69.7605301336357,-3.76982713283387e-08,-1.10877268612761e-07,2.31014746185167e-05,-0.000805985552661807
00:01:37.0000,69.7605301336373,-3.06889819596556e-08,-9.02617116460459e-08,2.08741588902966e-05,-0.000728268122241912
00:01:37.1000,69.7605301336385,-2.49690509141998e-08,-7.34383850417641e-08,1.88607641861527e-05,-0.000658045104022502
00:01:37.1999,69.7605301336396,-2.0301103171574e-08,-5.97091269752175e-08,1.70421071719277e-05,-0.000594593794541724
00:01:37.2999,69.7605301336405,-1.65004029717231e-08,-4.85305969756562e-08,1.53990268513626e-05,-0.00053726051968628
00:01:37.3999,69.7605301336412,-1.34062800415093e-08,-3.94302354162038e-08,1.39141761877286e-05,-0.000485455430431854
00:01:37.5000,69.7605301336417,-1.08855337728011e-08,-3.20162758023562e-08,1.25724513857448e-05,-0.000438645691701804
00:01:37.6000,69.7605301336422,-8.83274492122021e-09,-2.59786615330006e-08,1.13601687198645e-05,-0.000396349588151555
00:01:37.6999,69.7605301336426,-7.16231353322641e-09,-2.10656280389012e-08,1.02647895787752e-05,-0.000358131831723565
00:01:37.7999,69.7605301336429,-5.80335202765127e-09,-1.70686824342684e-08,9.27500993637504e-06,-0.000323599188809788
00:01:37.8999,69.7605301336431,-4.69798531502278e-09,-1.38176038677141e-08,8.38066782293032e-06,-0.000292396343105599
00:01:38.0000,69.7605301336433,-3.79933781023858e-09,-1.11745229712899e-08,7.57256891840256e-06,-0.000264202213909514
00:01:38.1000,69.7605301336435,-3.06916635516697e-09,-9.02695986813816e-09,6.84239027574041e-06,-0.000238726682583191
00:01:38.1999,69.7605301336436,-2.47618002569425e-09,-7.28288242851251e-09,6.18261651940884e-06,-0.000215707612739653
00:01:38.2999,69.7605301336437,-1.99487521086723e-09,-5.86728003196244e-09,5.58646124319632e-06,-0.000194908143034616
00:01:38.3999,69.7605301336438,-1.6044898988914e-09,-4.71908793791587e-09,5.04779049698948e-06,-0.000176114249014935
00:01:38.5000,69.7605301336438,-1.28809324008095e-09,-3.78850952964984e-09,4.56106061187967e-06,-0.000159132543981431
00:01:38.6000,69.7605301336439,-1.03187663491427e-09,-3.0349312791596e-09,4.12126315613672e-06,-0.00014378828908931
00:01:38.6999,69.7605301336439,-8.24590231289601e-10,-2.42526538614589e-09,3.72387294271595e-06,-0.00012992359433589
00:01:38.7999,69.760530133644,-6.57071233191525e-10,-1.93256245056331e-09,3.36480088199367e-06,-0.000117395793971473
00:01:38.8999,69.760530133644,-5.21855241286873e-10,-1.5348683567261e-09,3.04035209543957e-06,-0.000106075978788444
00:01:39.0000,69.760530133644,-4.12863105671877e-10,-1.21430325197611e-09,2.74718806180843e-06,-9.58476696179107e-05
00:01:39.1000,69.760530133644,-3.25146263827228e-10,-9.56312540668317e-10,2.48229219174835e-06,-8.66056186883136e-05
00:01:39.1999,69.7605301336441,-2.54677658155396e-10,-7.49051935751164e-10,2.24293874197003e-06,-7.82547266638762e-05
00:01:39.2999,69.7605301336441,-1.98181006481811e-10,-5.82885313181798e-10,2.02666479405566e-06,-7.07090641125988e-05
00:01:39.3999,69.7605301336441,-1.52991950787019e-10,-4.49976325844174e-10,1.83124492342948e-06,-6.3890987296448e-05
00:01:39.5000,69.7605301336441,-1.16944816517366e-10,-3.43955342698136e-10,1.65466829093173e-06,-5.77303392217408e-05
00:01:39.6000,69.7605301336441,-8.82801214575717e-11,-2.59647416051682e-10,1.49511794860719e-06,-5.21637277376178e-05
00:01:39.6999,69.7605301336441,-6.55691584494223e-11,-1.92850466027713e-10,1.35095214667566e-06,-4.71338732423027e-05
00:01:39.7999,69.7605301336441,-4.76525402138058e-11,-1.40154530040605e-10,1.22068744085087e-06,-4.25890192833884e-05
00:01:39.8999,69.7605301336441,-3.35900921742231e-11,-9.87943887477149e-11,1.10298342690845e-06,-3.84823999911773e-05
00:01:40.0000,69.7605301336441,-2.26199956590837e-11,-6.6529398997305e-11,9.96628948002222e-07,-3.47717588653003e-05
