Time,HV Battery SOC (%),HV Battery Power (kW),HV Battery Current (A),G-Force (1),Vehicle Speed kph (km/hr)
00:00:00.0000,70,0.0400001519050526,0.123249767774672,-0,0
00:00:00.0000,70,0.0400001519050526,0.123249767774672,-0,0
00:00:00.1000,69.9999980599573,0.0400001519050538,0.123249768292229,-0,0
00:00:00.2000,69.9999961199147,0.0400001519050551,0.123249768809787,-0,0
00:00:00.3000,69.999994179872,0.0400001519050564,0.123249769327345,-0,0
00:00:00.4000,69.9999922398294,0.0400001519050577,0.123249769844903,-0,0
00:00:00.5000,69.9999902997867,0.0400001519050589,0.12324977036246,-0,0
00:00:00.6000,69.999988359744,0.0400001519050602,0.123249770880018,-0,0
00:00:00.7000,69.9999864197013,0.0400001519050615,0.123249771397576,-0,0
00:00:00.7999,69.9999844796586,0.0400001519050628,0.123249771915134,-0,0
00:00:00.9000,69.9999825396159,0.040000151905064,0.123249772432692,-0,0
00:00:00.9999,69.9999805995731,0.0400001519050653,0.12324977295025,-0,0
00:00:01.0999,69.9999786595304,0.0400001519050666,0.123249773467807,-0,0
00:00:01.2000,69.9999767194877,0.0400001519050679,0.123249773985365,-0,0
00:00:01.3000,69.9999747794449,0.0400001519050691,0.123249774502923,-0,0
00:00:01.4000,69.9999728394022,0.0400001519050704,0.123249775020481,-0,0
00:00:01.5000,69.9999708993594,0.0400001519050717,0.12324977553804,-0,0
00:00:01.6000,69.9999689593166,0.040000151905073,0.123249776055598,-0,0
00:00:01.7000,69.9999670192739,0.0400001519050742,0.123249776573156,-0,0
00:00:01.8000,69.9999650792311,0.0400001519050755,0.123249777090714,-0,0
00:00:01.9000,69.9999631391883,0.0400001519050768,0.123249777608272,-0,0
00:00:02.0000,69.9999611991455,0.0400001519050781,0.12324977812583,-0,0
00:00:02.1000,69.9999592591027,0.0400001519050794,0.123249778643389,-0,0
00:00:02.2000,69.9999573190599,0.0400001519050806,0.123249779160947,-0,0
00:00:02.3000,69.999955379017,0.0400001519050819,0.123249779678505,-0,0
00:00:02.4000,69.9999534389742,0.0400001519050832,0.123249780196064,-0,0
00:00:02.5000,69.9999514989314,0.0400001519050845,0.123249780713622,-0,0
00:00:02.6000,69.9999495588885,0.0400001519050857,0.12324978123118,-0,0
00:00:02.7000,69.9999476188456,0.040000151905087,0.123249781748739,-0,0
00:00:02.8000,69.9999456788028,0.0400001519050883,0.123249782266297,-0,0
00:00:02.9000,69.9999437387599,0.0400001519050896,0.123249782783856,-0,0
00:00:03.0000,69.999941798717,0.0400001519050908,0.123249783301414,-0,0
00:00:03.1000,69.9999398586741,0.0400001519050921,0.123249783818973,-0,0
00:00:03.2000,69.9999379186312,0.0400001519050934,0.123249784336532,-0,0
00:00:03.3000,69.9999359785883,0.0400001519050947,0.12324978485409,-0,0
00:00:03.4000,69.9999340385454,0.0400001519050959,0.123249785371649,-0,0
00:00:03.5000,69.9999320985025,0.0400001519050972,0.123249785889207,-0,0
00:00:03.6000,69.9999301584595,0.0400001519050985,0.123249786406766,-0,0
00:00:03.7000,69.9999282184166,0.0400001519050998,0.123249786924325,-0,0
00:00:03.8000,69.9999262783737,0.0400001519051011,0.123249787441884,-0,0
00:00:03.9000,69.9999243383307,0.0400001519051023,0.123249787959443,-0,0
00:00:04.0000,69.9999223982877,0.0400001519051036,0.123249788477001,-0,0
00:00:04.1000,69.9999204582448,0.0400001519051049,0.12324978899456,-0,0
00:00:04.2000,69.9999185182018,0.0400001519051061,0.123249789512119,-0,0
00:00:04.3000,69.9999165781588,0.0400001519051074,0.123249790029678,-0,0
00:00:04.4000,69.9999146381158,0.0400001519051087,0.123249790547237,-0,0
00:00:04.5000,69.9999126980728,0.04000015190511,0.123249791064796,-0,0
00:00:04.6000,69.9999107580298,0.0400001519051112,0.123249791582355,-0,0
00:00:04.6999,69.9999088179867,0.0400001519051125,0.123249792099914,-0,0
00:00:04.7999,69.9999068779437,0.0400001519051138,0.123249792617473,-0,0
00:00:04.8999,69.9999049379007,0.0400001519051151,0.123249793135032,-0,0
00:00:04.9999,69.9999029978576,0.0400001519051164,0.123249793652591,-0,0
00:00:05.0999,69.9999010578146,0.0400001519051176,0.123249794170151,-0,0
00:00:05.1999,69.9998991177715,0.0400001519051189,0.12324979468771,-0,0
00:00:05.2999,69.9998971777285,0.0400001519051202,0.123249795205269,-0,0
00:00:05.3999,69.9998952376854,0.0400001519051215,0.123249795722828,-0,0
00:00:05.4999,69.9998932976423,0.0400001519051227,0.123249796240388,-0,0
00:00:05.5999,69.9998913575992,0.040000151905124,0.123249796757947,-0,0
00:00:05.6999,69.9998894175561,0.0400001519051253,0.123249797275506,-0,0
00:00:05.7999,69.999887477513,0.0400001519051266,0.123249797793066,-0,0
00:00:05.8999,69.9998855374699,0.0400001519051278,0.123249798310625,-0,0
00:00:05.9999,69.9998835974267,0.0400001519051291,0.123249798828185,-0,0
00:00:06.0999,69.9998816573836,0.0400001519051304,0.123249799345744,-0,0
00:00:06.1999,69.9998797173404,0.0400001519051317,0.123249799863304,-0,0
00:00:06.2999,69.9998777772973,0.0400001519051329,0.123249800380863,-0,0
00:00:06.3999,69.9998758372541,0.0400001519051342,0.123249800898423,-0,0
00:00:06.4999,69.999873897211,0.0400001519051355,0.123249801415982,-0,0
00:00:06.5999,69.9998719571678,0.0400001519051368,0.123249801933542,-0,0
00:00:06.6999,69.9998700171246,0.0400001519051381,0.123249802451102,-0,0
00:00:06.7999,69.9998680770814,0.0400001519051393,0.123249802968661,-0,0
00:00:06.8999,69.9998661370382,0.0400001519051406,0.123249803486221,-0,0
00:00:06.9999,69.999864196995,0.0400001519051419,0.123249804003781,-0,0
00:00:07.0999,69.9998622569518,0.0400001519051431,0.123249804521341,-0,0
00:00:07.1999,69.9998603169086,0.0400001519051444,0.123249805038901,-0,0
00:00:07.2999,69.9998583768653,0.0400001519051457,0.12324980555646,-0,0
00:00:07.3999,69.9998564368221,0.040000151905147,0.12324980607402,-0,0
00:00:07.4999,69.9998544967788,0.0400001519051482,0.12324980659158,-0,0
00:00:07.5999,69.9998525567356,0.0400001519051495,0.12324980710914,-0,0
00:00:07.6999,69.9998506166923,0.0400001519051508,0.1232498076267,-0,0
00:00:07.7999,69.999848676649,0.0400001519051521,0.12324980814426,-0,0
00:00:07.8999,69.9998467366057,0.0400001519051533,0.12324980866182,-0,0
00:00:07.9999,69.9998447965625,0.0400001519051546,0.12324980917938,-0,0
00:00:08.0999,69.9998428565192,0.0400001519051559,0.12324980969694,-0,0
00:00:08.1999,69.9998409164758,0.0400001519051572,0.123249810214501,-0,0
00:00:08.2999,69.9998389764325,0.0400001519051585,0.123249810732061,-0,0
00:00:08.3999,69.9998370363892,0.0400001519051597,0.123249811249621,-0,0
00:00:08.4999,69.9998350963459,0.040000151905161,0.123249811767181,-0,0
00:00:08.5999,69.9998331563025,0.0400001519051623,0.123249812284741,-0,0
00:00:08.6999,69.9998312162592,0.0400001519051636,0.123249812802302,-0,0
00:00:08.7999,69.9998292762158,0.0400001519051648,0.123249813319862,-0,0
00:00:08.8999,69.9998273361725,0.0400001519051661,0.123249813837422,-0,0
00:00:08.9999,69.9998253961291,0.0400001519051674,0.123249814354983,-0,0
00:00:09.0999,69.9998234560857,0.0400001519051687,0.123249814872543,-0,0
00:00:09.1999,69.9998215160423,0.0400001519051699,0.123249815390104,-0,0
00:00:09.2999,69.9998195759989,0.0400001519051712,0.123249815907664,-0,0
00:00:09.3999,69.9998176359555,0.0400001519051725,0.123249816425225,-0,0
00:00:09.4999,69.9998156959121,0.0400001519051738,0.123249816942785,-0,0
00:00:09.5999,69.9998137558687,0.0400001519051751,0.123249817460346,-0,0
00:00:09.6999,69.9998118158253,0.0400001519051763,0.123249817977906,-0,0
00:00:09.7999,69.9998098757818,0.0400001519051776,0.123249818495467,-0,0
00:00:09.8999,69.9998079357384,0.0400001519051789,0.123249819013028,-0,0
00:00:09.9999,69.9998059956949,0.0400001519051802,0.123249819530588,-0,0
00:00:10.0000,69.9998059956949,0.0400001519051801,0.123249819530588,9.70192208053098e-18,3.77017361594385e-19
00:00:10.0011,69.9998059728209,0.0400001519072778,0.123249819543154,1.2170285968607e-07,5.06760876240846e-09
00:00:10.0019,69.9998059581162,0.0400001519210098,0.123249819589388,3.34325430465175e-07,1.4016849306419e-08
00:00:10.0026,69.9998059434115,0.0400001519908877,0.123249819808621,7.77854586941195e-07,3.48385014227807e-08
00:00:10.0034,69.9998059287068,0.0400001521958363,0.123249820444039,1.43233065292766e-06,6.73588243593759e-08
00:00:10.0050,69.9998058971234,0.0400001545307674,0.123249827646933,4.30343643646995e-06,2.43378550805522e-07
00:00:10.0067,69.99980586554,0.0400001658294791,0.123249862469331,9.90641868309602e-06,6.67578550314424e-07
00:00:10.0089,69.999805821547,0.0400002361602165,0.123250079186512,2.4351837537335e-05,2.09502046682502e-06
00:00:10.0135,69.9998057325229,0.0400012346676378,0.123253155845066,8.71427632966529e-05,1.17192318506969e-05
00:00:10.0181,69.9998056434916,0.0400061410489802,0.123268273576793,0.000204630982628334,3.62329501109197e-05
00:00:10.0227,69.9998055544358,0.040021793744228,0.123316503214054,0.000388381035775465,8.52906704268827e-05
00:00:10.0273,69.9998054653172,0.0400602930465106,0.123435128588942,0.000646382529786478,0.000170217586803249
00:00:10.0319,69.9998053760635,0.0401396857668178,0.123679756145359,0.000982851627470993,0.000303340452698638
00:00:10.0365,69.9998052865563,0.04028373590714,0.124123608329368,0.00139849190960614,0.000497388142376177
00:00:10.0410,69.9998051966193,0.0405208052892212,0.124854074544698,0.00189084584848422,0.000764951482845809
00:00:10.0456,69.9998051060103,0.0408820125795184,0.125967038678259,0.00245465341322125,0.00111800061914245
00:00:10.0502,69.9998050144181,0.0413989390143005,0.127559809902798,0.00308222710119193,0.00156746168447932
00:00:10.0548,69.9998049214637,0.0421012005076646,0.129723641774073,0.00376390149074372,0.00212286108066656
00:00:10.0604,69.9998048066639,0.0432314304933264,0.133206144634037,0.00464299916749422,0.00294684511034956
00:00:10.0659,69.9998046883592,0.0447013035001371,0.137735167051972,0.00556557541602607,0.00394688487492583
00:00:10.0714,69.9998045656203,0.046528734142659,0.143365908144912,0.00651610318548236,0.00512998818010233
00:00:10.0770,69.9998044374865,0.0487156485596452,0.150104302798035,0.00748481099098358,0.00650081701868218
00:00:10.0847,69.9998042478992,0.0523300627093663,0.161241157899664,0.00884729443493453,0.00872982243515247
00:00:10.0924,69.9998040436554,0.056544047103691,0.174225429118988,0.0101990744273546,0.0113285490818342
00:00:10.1002,69.9998038227286,0.0612575516044774,0.188748838593048,0.0115084696891294,0.0142895899977553
00:00:10.1079,69.999803583453,0.0663590833275462,0.204467850682839,0.0127550393789249,0.0175989488850549
00:00:10.1179,69.999803243307,0.0733952354015451,0.226147880462573,0.0142653808122446,0.022380999040345
00:00:10.1316,69.9998027218098,0.0835478606405886,0.257430492851602,0.016142447624171,0.0297235953561281
00:00:10.1453,69.9998021311333,0.0942466758645907,0.290396044404272,0.0178484888891218,0.0379344532974972
00:00:10.1590,69.9998014670033,0.105642611218656,0.325509586211971,0.0194503517082381,0.0469489050814394
00:00:10.1727,69.9998007235304,0.118074033407679,0.363813705240703,0.0210185287828344,0.0567333150859426
00:00:10.1864,69.9997998924773,0.131941012059582,0.406541109603784,0.0226093867409452,0.0672839128601685
00:00:10.2001,69.9997989632198,0.147588493141555,0.454754658544746,0.024255153782863,0.0786181079422127
00:00:10.2192,69.9997974763313,0.172730456867877,0.532222929538923,0.0266478645231389,0.0957937060507461
00:00:10.2383,69.9997957383458,0.201763127345207,0.62167937872533,0.0291144324161587,0.114605492259302
00:00:10.2574,69.999793715176,0.234399384932923,0.722239323677398,0.0315947392567132,0.135081150935831
00:00:10.2808,69.9997907918958,0.27875082529517,0.858896489285543,0.0345821829559117,0.162482436125418
00:00:10.3043,69.9997873399314,0.327429123334737,1.00888571836708,0.0374754493241785,0.192316528813277
00:00:10.3398,69.9997809735688,0.409762882503397,1.26257530656097,0.0417223343373546,0.241977420258965
00:00:10.3794,69.9997720749051,0.515131080910643,1.58723940771242,0.0463617917503666,0.303495974583105
00:00:10.4189,69.9997610013347,0.636261810964735,1.96047158017841,0.0509662443906096,0.371481961918742
00:00:10.4803,69.9997386837949,0.85584911910154,2.63707160646252,0.0580189155619548,0.489621436856403
00:00:10.5559,69.9997012854499,1.17581363387486,3.62295751690226,0.0664261760736203,0.655516829056252
00:00:10.6165,69.9996623040993,1.46896465202557,4.52622492531379,0.0729145222694763,0.804711215110204
00:00:10.6772,69.9996142688451,1.79214062299079,5.52200653001217,0.0792020075538561,0.967601832124361
00:00:10.7378,69.9995563147819,2.14345341606755,6.60448465551442,0.0853155884833272,1.14378173573725
00:00:10.8136,69.9994687508572,2.61717765828464,8.06414211358838,0.0926788185934524,1.38177213731469
00:00:10.8893,69.9993632050184,3.1235212536151,9.6243084449175,0.099669526538568,1.63893779023316
00:00:10.9406,69.9992810941658,3.4815863225904,10.7275935974069,0.104154818023596,1.82338846548855
00:00:10.9457,69.9992723178261,3.51706341494275,10.8369071430873,0.104568609422157,1.84245627681297
00:00:10.9509,69.9992634154579,3.54826596440628,10.9330498144662,0.104887343782537,1.86161796000924
00:00:10.9561,69.9992544414533,3.57681840457714,11.0210268752206,0.105147529758827,1.88082717612102
00:00:10.9631,69.9992421892091,3.61224908900581,11.1301975226868,0.105429574179564,1.90686601231224
00:00:10.9719,69.9992266712403,3.65541083034643,11.263189479029,0.105752483926877,1.93965114926967
00:00:10.9837,69.999205502305,3.71491823431726,11.4465464571298,0.106210252607218,1.98395961518671
00:00:10.9992,69.9991771645443,3.80181341218873,11.7142918816516,0.106978447139099,2.04247208211687
00:00:11.0148,69.9991481206122,3.90251253845691,12.0245706100943,0.108004914483264,2.10147918469147
00:00:11.0353,69.9991084183213,4.05602691237828,12.4975860333741,0.109718027710909,2.18055252023179
00:00:11.0559,69.999067117379,4.22468058796336,13.0172493852387,0.111655458047478,2.26093789079674
00:00:11.0765,69.9990241253168,4.39756680422534,13.5499543489799,0.113594739342202,2.34271326159275
00:00:11.0970,69.9989794372328,4.56642509271878,14.0702484542314,0.115382589370408,2.42583134475531
00:00:11.1176,69.9989331003776,4.72852201167431,14.5697093125835,0.116979087420321,2.51017733317996
00:00:11.1528,69.9988500883513,5.0002852676099,15.4070797893591,0.119475686694797,2.65707501504191
00:00:11.1880,69.9987623719129,5.27701075687003,16.2597405680016,0.121901985325482,2.80706267907688
00:00:11.2232,69.9986698071448,5.56671550265966,17.1523940721266,0.12439303523919,2.96012478497836
00:00:11.2662,69.9985498022253,5.9348411882269,18.286682912049,0.127454262295861,3.15141843282002
00:00:11.3258,69.9983707377376,6.45548886717868,19.8909322033197,0.131489127364909,3.42381402627986
00:00:11.3853,69.998176543829,6.9833630414904,21.5174500423951,0.135231917858005,3.70437186575392
00:00:11.4661,69.9978886962368,7.71809325263564,23.7813483956816,0.140005480308121,4.09657883696981
00:00:11.5661,69.997491403141,8.65859060059895,26.6792755713508,0.145494694322461,4.60056438354637
00:00:11.6661,69.9970481478016,9.61658281019857,29.6311167549683,0.150394633130654,5.12285601090858
00:00:11.7661,69.9965582322661,10.5845113506157,32.6135832680094,0.154722117807414,5.66145324868123
00:00:11.8661,69.9960212666575,11.5575382497194,35.6117690966187,0.158523361581661,6.2144273670884
00:00:11.9661,69.9954372540233,12.5261565514831,38.5963817805871,0.161790006919898,6.77988125557771
00:00:12.0661,69.9948066701852,13.4798123666603,41.5349027857985,0.164507368663018,7.35589532188384
00:00:12.1661,69.9941304517996,14.4094425459777,44.3994066976904,0.166678731243245,7.94054253054315
00:00:12.2661,69.9934099791746,15.3060949672999,47.1623099364682,0.168308322969503,8.53190333228166
00:00:12.3661,69.9926470850138,16.1602629237449,49.7943197831964,0.169394828453612,9.12805987798504
00:00:12.4661,69.9918440586155,16.9625048231881,52.2663438017135,0.169937054851451,9.72709189241091
00:00:12.5661,69.9910036373151,17.7037153608174,54.5503253715734,0.16993550379075,10.327078780166
00:00:12.6661,69.9901289957886,18.3749954461493,56.6188428795461,0.169390510302275,10.926100738311
00:00:12.7661,69.9892237349502,18.9676732865537,58.4451746734305,0.168301899502458,11.5222380215777
00:00:12.8661,69.9882918667334,19.4734461597092,60.0037359052256,0.166669586327885,12.113570654042
00:00:12.9661,69.987337794478,19.8844621249397,61.270330321601,0.164493636122,12.6981786771445
00:00:13.0661,69.9863662901543,20.1933673114675,62.2222959986705,0.161774075070013,13.2741422195596
00:00:13.1661,69.9853824683407,20.3933782243191,62.8387281762722,0.158510885752947,13.8395414149341
00:00:13.2661,69.9843917568347,20.4783525439452,63.1006974636151,0.154704065903992,14.3924563858701
00:00:13.3661,69.9833998634521,20.4428733420864,62.9915093972794,0.150353625312705,14.930967269696
00:00:13.4661,69.9824127394927,20.2823097301549,62.4968913914981,0.145459567897702,15.453154220511
00:00:13.5661,69.9814365397724,19.9928906242629,61.6052201153009,0.140021893970708,15.9570973999874
00:00:13.6661,69.9804775791726,19.5717768502302,60.3077437632479,0.134040605553438,16.4408769761914
00:00:13.7661,69.9795422858174,19.0171289644842,58.5987911318798,0.127515705239055,16.9025731251192
00:00:13.8661,69.9786371504966,18.3281902295335,56.4760273972443,0.120447194593481,17.3402660294184
00:00:13.9661,69.9777686730305,17.5053387788309,53.9406149550813,0.112835074589012,17.7520358763264
00:00:14.0661,69.9769433050826,16.550169981744,50.9974673170376,0.104679346023644,18.1359628564007
00:00:14.1661,69.9761673895606,15.4655631423395,47.6554547287962,0.0959800093137847,18.4901271622826
00:00:14.2661,69.9754470966495,14.2557507687438,43.9276177007141,0.086737064339346,18.8126089870686
00:00:14.3661,69.9747883564982,12.9263874073483,39.8313791855734,0.0769505104783553,19.1014885225567
00:00:14.4661,69.9741967885807,11.4846179975876,35.3887552633591,0.0666203466110567,19.354845957477
00:00:14.5661,69.9736776277517,9.93914574772214,30.6265643307826,0.0557465710678375,19.5707614756183
00:00:14.6661,69.9732356470216,8.30029956695265,25.5766349009701,0.0443291815907795,19.7473152538205
00:00:14.7661,69.9728751109704,6.57893619666989,20.2724226020594,0.0323602639585796,19.8825706960255
00:00:14.8148,69.9727300303477,5.69579313979531,17.5510992078488,0.0262003430904087,19.9329558002663
00:00:14.8521,69.9726332558466,5.00211662881085,15.4135976236883,0.02134142598547,19.9642658977412
00:00:14.8894,69.9725490610406,4.30451497530177,13.263999786073,0.0164297055488456,19.9891439773767
00:00:14.9267,69.972477490792,3.60660303871469,11.1134447491989,0.011484925578872,20.007529395053
00:00:14.9779,69.9723998975444,2.64364974402941,8.14618631136382,0.00460153193936543,20.0220557871969
00:00:14.9929,69.9723816954596,2.35923064771932,7.26977286191055,0.00255296622567812,20.023951463084
00:00:15.0020,69.9723716958086,2.18647859248574,6.73745192927972,0.00130491556839094,20.0245696023734
00:00:15.0060,69.9723675028919,2.11065178075884,6.50379797466814,0.000756167650286791,20.0247161942149
00:00:15.0100,69.9723634551619,2.03738890304499,6.27804456339562,0.000225421017343464,20.0247862128599
00:00:15.0140,69.9723595458552,1.96846610520492,6.06566474186026,-0.000274383951071408,20.024783172076
00:00:15.0203,69.9723537140719,1.87364973759574,5.77349605636741,-0.000962748474153508,20.024648630441
00:00:15.0266,69.9723481422391,1.79633313378609,5.53525142981842,-0.00152471703453749,20.024376613541
00:00:15.0342,69.9723416126057,1.72855086637828,5.32638607505656,-0.00201780234842013,20.0239047541183
00:00:15.0418,69.9723352793952,1.69011374520844,5.20794534678416,-0.00229745280669632,20.0233288686916
00:00:15.0494,69.9723290389766,1.67906057475024,5.17388598858003,-0.00237759848849653,20.0227038729789
00:00:15.0571,69.9723227979042,1.69140867609229,5.21193570982542,-0.00228717687429057,20.0220793375801
00:00:15.0647,69.972316479682,1.72183975726929,5.30570663800789,-0.00206504244240641,20.0214958420685
00:00:15.0723,69.9723100284642,1.76440950817994,5.43688187649749,-0.00175467025879977,20.0209829790977
00:00:15.0799,69.9723034102037,1.81318482525694,5.58717905950943,-0.00139940786332437,20.0205587416545
00:00:15.0876,69.9722966116777,1.86276380262163,5.73995266180832,-0.00103863174431737,20.0202300580289
00:00:15.0952,69.9722896378627,1.90865600802117,5.88136578764993,-0.00070497519955205,20.0199942103268
00:00:15.1028,69.9722825081793,1.94751524405442,6.00110740545349,-0.000422668831592992,20.0198408481729
00:00:15.1124,69.9722733771088,1.98318833739216,6.11103121768081,-0.000163686628219721,20.0197382072391
00:00:15.1247,69.972261457254,2.00645958356891,6.18273980216841,5.16359002856234e-06,20.0196962189239
00:00:15.1371,69.9722494646797,2.00697045494398,6.18431417084628,8.87177908674385e-06,20.0196926586901
00:00:15.1494,69.9722375142693,1.99084803335913,6.13463441530981,-0.000108058393936148,20.0196668360334
00:00:15.1617,69.9722256814132,1.96599750005196,6.05805969680648,-0.000288312126840671,20.0195789295267
00:00:15.1741,69.9722139961856,1.94006948716133,5.97816480761048,-0.000476401812192893,20.0194130495585
00:00:15.1864,69.9722024488828,1.91893384294783,5.91303720351003,-0.000629707489669706,20.0191743243657
00:00:15.1987,69.9721910024947,1.90591932034027,5.87293416544791,-0.000724026298057743,20.0188823234156
00:00:15.2141,69.9721767773704,1.90180548278622,5.86025789279083,-0.000753618326021088,20.0184857203142
00:00:15.2295,69.9721625455748,1.90834479386843,5.88040842578949,-0.000705817174924391,20.0180928055049
00:00:15.2449,69.9721482475255,1.92067706423714,5.9184094917474,-0.000615966593643641,20.0177350841386
00:00:15.2603,69.9721338586266,1.93371042512658,5.958570914473,-0.000521075285575304,20.0174255435883
00:00:15.2757,69.9721193863354,1.94366408212276,5.98924248419686,-0.000448595464388557,20.0171602165451
00:00:15.2943,69.9721018818224,1.94931519717213,6.00665616247592,-0.000407348628141761,20.0168764895764
00:00:15.3209,69.9720767461857,1.94820384818848,6.00323195786786,-0.000415118659625694,20.0164830084527
00:00:15.3475,69.9720516451361,1.94261743572845,5.98601820697473,-0.000455370130245619,20.0160715309039
00:00:15.3741,69.9720265944167,1.9389893412909,5.97483885217935,-0.000481385130123148,20.0156337449976
00:00:15.4007,69.9720015584112,1.93989232016166,5.97762163271689,-0.000474490594045073,20.0151884915556
00:00:15.4371,69.9719672268045,1.94529413979206,5.99426734974273,-0.000434823226202089,20.0146083807812
00:00:15.4735,69.97193281163,1.95050615478031,6.01032820255839,-0.000396569276681312,20.0140729961537
00:00:15.5100,69.971898335155,1.9528291469172,6.01748676581022,-0.000379318955078392,20.0135705297548
00:00:15.5592,69.971851736502,1.95361867251452,6.01992023340426,-0.000373085190053665,20.0129130814321
00:00:15.6084,69.9718051028999,1.95498886912411,6.02414299357101,-0.000362649341354954,20.0122749669077
00:00:15.6687,69.9717478697522,1.95838832386546,6.03461889160732,-0.000337398495314699,20.0115328521277
00:00:15.7622,69.9716589126544,1.96322455991058,6.04952253657214,-0.000301475199618037,20.0104778553107
00:00:15.8557,69.971569772921,1.96674803149404,6.06038100815201,-0.00027515892691035,20.0095219501664
00:00:15.9557,69.9714742991524,1.97010556489908,6.07072824153798,-0.000250067380508484,20.0085931328257
00:00:16.0557,69.9713786598807,1.97344822506043,6.08102965062474,-0.000225152049184294,20.0077542012738
00:00:16.1557,69.9712828679159,1.97646334754016,6.090321783493,-0.000202678033455157,20.0069981505861
00:00:16.2557,69.9711869398464,1.97908501159964,6.09840150950993,-0.000183117232269277,20.006316000307
00:00:16.3557,69.9710908899053,1.98145858682342,6.10571677326566,-0.000165408306906017,20.0057000366502
00:00:16.4557,69.9709947293965,1.98363127500735,6.11241302298094,-0.000149203976443346,20.0051441125918
00:00:16.5557,69.9708984688499,1.98558743992686,6.11844207625503,-0.000134613416737504,20.0046425064827
00:00:16.6557,69.9708021182218,1.98734356492504,6.12385472476589,-0.000121512843327951,20.0041898149796
00:00:16.7557,69.9707056863599,1.98893053832312,6.12874614814959,-0.000109674347745879,20.003781234283
00:00:16.8557,69.9706091811169,1.99036548079173,6.13316910210176,-9.8970376155681e-05,20.0034124988167
00:00:16.9557,69.9705126096323,1.99165961299023,6.13715816190366,-8.93164962570026e-05,20.0030797310704
00:00:17.0557,69.9704159783867,1.99282673850987,6.14075586199702,-8.06097941984079e-05,20.0027794118143
00:00:17.1557,69.9703192932094,1.99388036995227,6.1440038402031,-7.27497367021847e-05,20.0025083751788
00:00:17.2557,69.9702225593509,1.99483147258369,6.14693588494663,-6.56545217697865e-05,20.0022637694812
00:00:17.3557,69.9701257815561,1.99568970135988,6.14958174705462,-5.9252068566558e-05,20.0020430175328
00:00:17.4557,69.9700289641103,1.99646417205845,6.15196951594382,-5.3474401264805e-05,20.001843792011
00:00:17.5557,69.9699321108782,1.99716315719866,6.15412468261566,-4.82598404209362e-05,20.0016639937735
00:00:17.6557,69.969835225347,1.99779399293501,6.15606985275195,-4.35536614493114e-05,20.0015017287405
00:00:17.7557,69.9697383106647,1.9983632949695,6.15782541203061,-3.93065115266766e-05,20.001355287122
00:00:17.8557,69.9696413696721,1.99887707465206,6.15940988387902,-3.54735534347903e-05,20.0012231257754
00:00:17.9557,69.9695444049332,1.99934075556852,6.16083998058651,-3.2014332971136e-05,20.0011038521729
00:00:18.0557,69.9694474187615,1.99975921962945,6.16213074532177,-2.88924330881966e-05,20.0009962095963
00:00:18.1557,69.9693504132451,2.00013687399914,6.16329575836839,-2.6074977867361e-05,20.0008990638331
00:00:18.2557,69.9692533902686,2.00047769989691,6.16434728750117,-2.3532269139602e-05,20.0008113912722
00:00:18.3557,69.9691563515327,2.0007852895467,6.16529640184234,-2.12375099905498e-05,20.0007322681339
00:00:18.4557,69.9690592985721,2.00106288367541,6.16615308740896,-1.91665250515733e-05,20.0006608607209
00:00:18.5557,69.968962232772,2.00131340726799,6.16692635728874,-1.72974941716839e-05,20.00059641663
00:00:18.6557,69.9688651553825,2.00153950039476,6.16762434663134,-1.56107225206222e-05,20.0005382568292
00:00:18.7557,69.9687680675318,2.00174354553573,6.16825439684552,-1.4088436705733e-05,20.0004857685041
00:00:18.8557,69.968670970238,2.00192769272737,6.16882313308655,-1.27145972270467e-05,20.0004383985986
00:00:18.9557,69.9685738644201,2.00209388237615,6.16933653455384,-1.14747283534445e-05,20.0003956479881
00:00:19.0557,69.9684767509071,2.00224386568632,6.16979999743716,-1.03557657546083e-05,20.0003570662199
00:00:19.1557,69.9683796304477,2.00237922306644,6.17021839163465,-9.34591919870963e-06,20.0003222467679
00:00:19.2557,69.9682825037171,2.00250138079689,6.1705961121122,-8.43454823142685e-06,20.0002908227485
00:00:19.3557,69.9681853713249,2.00261162607288,6.17093712525694,-7.61204996900431e-06,20.0002624630545
00:00:19.4557,69.9680882338212,2.00271112056501,6.17124501066286,-6.86975794505519e-06,20.0002368688672
00:00:19.5557,69.9679910917025,2.00280091265826,6.17152299884427,-6.19985081321509e-06,20.000213770507
00:00:19.6557,69.9678939454167,2.00288194849967,6.17177400527794,-5.59526993647134e-06,20.0001929245925
00:00:19.7557,69.9677967953684,2.00295508196961,6.1720006611289,-5.0496450040679e-06,20.0001741114755
00:00:19.8557,69.9676996419224,2.00302108368099,6.17220534098047,-4.55722690049483e-06,20.0001571329269
00:00:19.9557,69.967602485408,2.0030806490982,6.17239018785225,-4.11282713812053e-06,20.0001418100481
00:00:20.0557,69.9675053261224,2.00313440586514,6.17255713578059,-3.71176319134853e-06,20.0001279813859
00:00:20.1557,69.967408164334,2.00318292041944,6.1727079301998,-3.34980915402141e-06,20.000115501231
00:00:20.2557,69.9673110002847,2.00322670396255,6.17284414633846,-3.02315120233655e-06,20.0001042380833
00:00:20.3557,69.967213834193,2.00326622193529,6.17296721841768,-2.72834742343736e-06,20.0000940732659
00:00:20.4557,69.967116666256,2.00330188211304,6.17307840296672,-2.46229155777916e-06,20.0000848996746
00:00:20.5557,69.9670194966518,2.00333406479373,6.17317887184573,-2.22218023168439e-06,20.0000766206497
00:00:20.6557,69.9669223255409,2.00336310907788,6.17326966996815,-2.00548345763384e-06,20.0000691489571
00:00:20.7557,69.9668251530684,2.00338932101437,6.17335174040151,-1.80991795595094e-06,20.0000624058695
00:00:20.8557,69.9667279793649,2.00341297680164,6.17342593423142,-1.63342309710439e-06,20.0000563203367
00:00:20.9557,69.9666308045486,2.00343432570368,6.17349301954711,-1.474139206354e-06,20.0000508282371
00:00:21.0557,69.966533628726,2.00345359267892,6.1735536895422,-1.33038794583242e-06,20.0000458717017
00:00:21.1557,69.9664364519931,2.0034709807478,6.17360856980994,-1.20065464517971e-06,20.0000413985048
00:00:21.2557,69.9663392744368,2.00348667313297,6.17365822493826,-1.0835723401654e-06,20.0000373615134
00:00:21.3557,69.9662420961354,2.00350083519083,6.17370316446157,-9.77907359955564e-07,20.0000337181908
00:00:21.4557,69.9661449171596,2.00351361615219,6.1737438482245,-8.82546339502207e-07,20.0000304301483
00:00:21.5557,69.966047737573,2.0035251506951,6.17378069122837,-7.9648448833787e-07,20.0000274627405
00:00:21.6557,69.9659505574334,2.00353556036523,6.17381406800812,-7.18814992078635e-07,20.0000247847006
00:00:21.7557,69.9658533767925,2.00354495485486,6.17384431657323,-6.487194692147e-07,20.0000223678108
00:00:21.8557,69.9657561956974,2.00355343316103,6.17387174197661,-5.85459334039709e-07,20.000020186605
00:00:21.9557,69.9656590141903,2.00356108462437,6.17389661951565,-5.28368040841392e-07,20.0000182181003
00:00:22.0557,69.9655618323094,2.0035679898764,6.17391919765125,-4.76844024841768e-07,20.0000164415552
00:00:22.1557,69.9654646500891,2.00357422168391,6.17393970060959,-4.30344391742285e-07,20.0000148382505
00:00:22.2557,69.9653674675607,2.00357984571805,6.17395833075229,-3.88379189819851e-07,20.0000133912927
00:00:22.3557,69.965270284752,2.00358492124617,6.17397527070793,-3.505062427094e-07,20.0000120854356
00:00:22.4557,69.9651731016885,2.00358950175645,6.17399068529709,-3.16326490397142e-07,20.0000109069196
00:00:22.5557,69.965075918393,2.00359363552106,6.17400472326755,-2.85479788140871e-07,20.0000098433271
00:00:22.6557,69.9649787348861,2.00359736610432,6.17401751886008,-2.57641115076208e-07,20.0000088834512
00:00:22.7557,69.9648815511866,2.00360073282291,6.17402919322676,-2.32517141247368e-07,20.000008017178
00:00:22.8557,69.964784367311,2.00360377115934,6.17403985570482,-2.09843141205554e-07,20.0000072353797
00:00:22.9557,69.9646871832747,2.00360651313629,6.17404960497028,-1.89380203418157e-07,20.0000065298188
00:00:23.0557,69.9645899990914,2.00360898765267,6.1740585300735,-1.70912720476332e-07,20.000005893061
00:00:23.1557,69.9644928147733,2.00361122079098,6.17406671138621,-1.54246099715672e-07,20.0000053183969
00:00:23.2557,69.9643956303316,2.00361323608884,6.17407422143822,-1.39204731974203e-07,20.0000047997713
00:00:23.3557,69.9642984457763,2.00361505478945,6.17408112568935,-1.25630128953967e-07,20.0000043317197
00:00:23.4557,69.9642012611167,2.0036166960646,6.17408748321636,-1.13379254973882e-07,20.0000039093104
00:00:23.5557,69.9641040763607,2.00361817721473,6.17409334732961,-1.02323035481866e-07,20.0000035280925
00:00:23.6557,69.964006891516,2.00361951385614,6.17409876614994,-9.23449639009658e-08,20.0000031840491
00:00:23.7557,69.963909706589,2.0036207200798,6.17410378309787,-8.33399085549468e-08,20.0000028735553
00:00:23.8557,69.9638125215859,2.0036218086042,6.17410843736479,-7.52129828087705e-08,20.0000025933395
00:00:23.9557,69.963715336512,2.00362279090575,6.17411276431468,-6.78785624239637e-08,20.000002340449
00:00:24.0557,69.9636181513723,2.00362367734427,6.17411679587078,-6.12593578693877e-08,20.0000021122192
00:00:24.1557,69.9635209661712,2.0036244772674,6.17412056083737,-5.52856265869554e-08,20.0000019062453
00:00:24.2557,69.9634237809127,2.00362519911182,6.17412408521168,-4.98944265596059e-08,20.000001720357
00:00:24.3557,69.9633265956004,2.00362585049166,6.17412739245623,-4.50289505402464e-08,20.0000015525958
00:00:24.4557,69.9632294102376,2.00362643827755,6.17413050374258,-4.06379378947508e-08,20.0000014011938
00:00:24.5557,69.9631322248272,2.00362696867225,6.17413343818423,-3.66751131621386e-08,20.0000012645558
00:00:24.6557,69.9630350393718,2.00362744727177,6.17413621302502,-3.30987239796769e-08,20.0000011412422
00:00:24.7557,69.9629378538738,2.00362787912691,6.17413884382872,-2.98710893558788e-08,20.0000010299535
00:00:24.8557,69.9628406683355,2.00362826879608,6.17414134464191,-2.695819975542e-08,20.0000009295172
00:00:24.9557,69.9627434827587,2.00362862039392,6.17414372814365,-2.43293571753204e-08,20.0000008388749
00:00:24.9818,69.9627181822344,2.00362870593026,6.17414433017017,-2.36894732935687e-08,20.0000008168118
00:00:25.0034,69.9626971805765,2.00518341439335,6.17893541633981,1.12594247964305e-05,20.0000059628826
00:00:25.0069,69.9626937046199,2.00657279371234,6.18321680945019,2.13443711851775e-05,20.0000080758041
00:00:25.0105,69.9626902238219,2.01043116264883,6.195106348414,4.93505059521721e-05,20.0000127473294
00:00:25.0159,69.9626848987313,2.02433154237758,6.23794018276481,0.000150230121325864,20.0000330947306
00:00:25.0229,69.9626779881509,2.06044573039151,6.34922547981592,0.000412203223918539,20.0001057073142
00:00:25.0299,69.9626709137196,2.12049258771259,6.53425886226664,0.000847421045810481,20.0002648070759
00:00:25.0384,69.9626619127804,2.22883599288438,6.86811720420754,0.00163156123313147,20.0006453577189
00:00:25.0469,69.9626523882807,2.37420611420412,7.31607271591903,0.00268143006960393,20.001301420272
00:00:25.0554,69.9626421988193,2.55195266595455,7.86379563770392,0.00396162523880401,20.0023065615954
00:00:25.0640,69.9626312260549,2.75489628415782,8.48916290092033,0.00541858818756879,20.0037217066702
00:00:25.0725,69.9626193835453,2.97454227589896,9.16599827329297,0.00698976915616074,20.0055905802988
00:00:25.0810,69.9626066199324,3.20224298159062,9.86765415621862,0.00861225546975029,20.0079382141873
00:00:25.0895,69.9625929176481,3.4301588623531,10.5699731575778,0.010229729454435,20.0107718468672
00:00:25.0980,69.9625782882309,3.65194949440913,11.2534173783948,0.0117972880620953,20.0140835835517
00:00:25.1088,69.9625585419632,3.91647997683597,12.0685638688457,0.0136582923534552,20.0189164440775
00:00:25.1224,69.9625316966821,4.22176732480412,13.0093021957616,0.0157937447963464,20.0259843767278
00:00:25.1360,69.9625029360922,4.49629305293496,13.8552492904194,0.017702048142284,20.0340250389024
00:00:25.1496,69.9624724325976,4.7477719617705,14.6301781662075,0.0194396911452126,20.0429454716603
00:00:25.1632,69.9624403001875,4.98733311207634,15.3683828269908,0.0210857057319461,20.0526832686855
00:00:25.1769,69.9624065821606,5.22599941545243,16.1038301899806,0.0227170654804391,20.0632122958906
00:00:25.1905,69.9623712596281,5.47202150748395,16.8619444609765,0.0243904533493262,20.0745378488287
00:00:25.2086,69.9623215595541,5.8179267245705,17.9278476404807,0.0267297128728732,20.090924821796
00:00:25.2356,69.9622417413335,6.3630422128928,19.6076156423631,0.030383617046446,20.1181768713144
00:00:25.2626,69.962154697554,6.92508727886384,21.3395527986407,0.0341075515817966,20.1489336577633
00:00:25.2896,69.9620603517798,7.48273226424699,23.0579321879655,0.0377559617144156,20.1831906881218
00:00:25.3166,69.9619588056898,8.0263051516322,24.7329496885991,0.0412655197614823,20.2208555247758
00:00:25.3540,69.9618067043516,8.76506511300086,27.0094373194896,0.0459610225174063,20.2783709841234
00:00:25.3913,69.9616411710071,9.50503297708846,29.2896494414747,0.0505806014587515,20.3420475168101
00:00:25.4355,69.9614278113834,10.3943669664508,32.0301366748841,0.0560250821768064,20.4252556151006
00:00:25.4983,69.9610921144141,11.6706376331806,35.9629779838158,0.0636315642606136,20.5577562131603
00:00:25.5757,69.9606243307001,13.2481938179477,40.8242463251458,0.0726921364036063,20.7439875171076
00:00:25.6531,69.9600973607898,14.8248535393195,45.6827679294805,0.0813715134974974,20.9544549685766
00:00:25.7305,69.9595109950515,16.410176099642,50.5680016958462,0.0897305340681787,21.1882331847441
00:00:25.7640,69.9592387932751,17.0958768695815,52.6810215308208,0.093231730441539,21.2964605399031
00:00:25.7707,69.9591828880108,17.2238998709402,53.0755314152416,0.0938714070617568,21.3186533176031
00:00:25.7774,69.9591264340024,17.3272809770134,53.3941073290937,0.0943676655933142,21.3410390345105
00:00:25.7841,69.9590696813544,17.418939533517,53.6765602531484,0.0947953333022294,21.3635262019329
00:00:25.7908,69.9590126498827,17.5045159635232,53.940271169917,0.0951869015049069,21.3861062564143
00:00:25.8003,69.9589319819624,17.6251781655965,54.3121019644609,0.0957370707090836,21.4180218148172
00:00:25.8145,69.9588101396585,17.8239119478622,54.9245159171164,0.096658157947496,21.4661665315437
00:00:25.8286,69.9586868374087,18.057088055847,55.6430646775621,0.0977666485993021,21.5148117366142
00:00:25.8467,69.9585266306703,18.4102924159043,56.7314864989369,0.0994802557207787,21.5779030393643
00:00:25.8702,69.9583137276645,18.9299052094709,58.3327050431709,0.102018061664546,21.6615505103916
00:00:25.8937,69.9580948279133,19.4722504561211,60.0039761738977,0.104645404677392,21.7473179407797
00:00:25.9172,69.9578699039279,19.9955504735899,61.6165615618292,0.107130433297103,21.8351869602204
00:00:25.9407,69.9576392227957,20.4845505157273,63.1234534159112,0.109393165930903,21.9250216000003
00:00:25.9727,69.9573172493271,21.1167349301453,65.07158468706,0.112243080475528,22.0499078638197
00:00:26.0046,69.9569854368208,21.7474590389953,67.0152201457442,0.11503100924446,22.1779967278328
00:00:26.0365,69.9566436578464,22.3993158993956,69.0239809244131,0.117877496469289,22.3092761243044
00:00:26.0769,69.9561963677786,23.2475811929774,71.6379983812639,0.121522790391391,22.4800634409812
00:00:26.1348,69.9555268323688,24.4629175543168,75.3831969132393,0.126589724714123,22.73353610535
00:00:26.1926,69.9548234959031,25.6611858093564,79.0758161614509,0.131391279960919,22.9970649446165
00:00:26.2634,69.9539170004653,27.1226507843905,83.5795343395642,0.137011617663899,23.3326147158276
00:00:26.3634,69.9525515174512,29.2010676819494,89.9845255116741,0.144606439999897,23.8295483922372
00:00:26.4634,69.9510851557495,31.2632101790352,96.3394251508764,0.15165983963135,24.3525183353388
00:00:26.5634,69.9495194469649,33.299333444064,102.614207236443,0.158162936156678,24.8994295861339
00:00:26.6634,69.9478554702357,35.3135309081427,108.821488993949,0.164170965963935,25.4684599272602
00:00:26.7634,69.9460945441342,37.2976681342448,114.936206317836,0.169682596764637,26.0578346079843
00:00:26.8634,69.9442384617993,39.2391156599641,120.91944252843,0.174679691223225,26.665758192748
00:00:26.9634,69.9422894861073,41.1290633140455,126.744049546135,0.179163482704615,27.2904227703693
00:00:27.0634,69.9402503033187,42.9594030739924,132.385042178906,0.183139369731197,27.9300276995892
00:00:27.1634,69.9381240508834,44.7202920693949,137.812088133297,0.186606572856089,28.5827755700561
00:00:27.2634,69.9359143496996,46.4014163814319,142.993402414818,0.189563497572014,29.2468664811828
00:00:27.3634,69.9336253086905,47.9927638570724,147.898128786498,0.192010510317949,29.9204997406428
00:00:27.4634,69.9312615261815,49.4842432163354,152.495165938093,0.193948079967777,30.6018755027886
00:00:27.5634,69.928828096265,50.8655528613616,156.752763136806,0.195376063286288,31.2891941209767
00:00:27.6634,69.9263306115422,52.1264020080216,160.639201637594,0.196294331829543,31.9806556912296
00:00:27.7634,69.9237751602551,53.2566241054044,164.123144188511,0.196702944922635,32.6744602867106
00:00:27.8634,69.9211683207057,54.2461860943676,167.173663564226,0.196601943248067,33.3688080810907
00:00:27.9634,69.9185171533504,55.0852409523636,169.760404515948,0.195991311014298,34.0618992671195
00:00:28.0634,69.9158291895888,55.7642106321106,171.853839412742,0.194871042422297,34.7519340247471
00:00:28.1634,69.9131124171791,56.2738531488755,173.425475059996,0.19324114829018,35.4371125485389
00:00:28.2634,69.91037526258,56.6053215425476,174.448034504471,0.19110163502191,36.1156350552181
00:00:28.3634,69.9076265702035,56.7502287887466,174.89565719987,0.188452504112307,36.7857017742924
00:00:28.4634,69.9048755784716,56.7007149996086,174.744106255909,0.18529375863355,37.4455129459557
00:00:28.5634,69.9021318926861,56.4495126368528,173.97096958811,0.181625402863168,38.0932688235309
00:00:28.6634,69.8994054547399,55.9900111404685,172.555859291854,0.17744744027572,38.7271696731988
00:00:28.7634,69.8967065096693,55.3163221143629,170.480612756487,0.172759873772649,39.3454157724045
00:00:28.8634,69.8940455690452,54.4233444261745,167.72949353627,0.167562706248154,39.9462074090722
00:00:28.9634,69.8914333712172,53.3068287998073,164.289390676521,0.161855940439566,40.5277448810393
00:00:29.0634,69.8888808384285,51.9634420233067,160.150016869464,0.15563957872802,41.0882284950976
00:00:29.1634,69.8863990308208,50.3908307816497,155.304105465367,0.148913623163476,41.6258585658685
00:00:29.2634,69.8839990973516,48.5876849637458,149.747605870043,0.141678075488183,42.1388354146846
00:00:29.3634,69.8816922236503,46.5538003451086,143.479877020036,0.133932937091125,42.6253593683941
00:00:29.4634,69.8794895768469,44.2901405997511,136.503878786881,0.125678208968037,43.0836307580422
00:00:29.5634,69.8774022469968,41.7989125992206,128.826404323718,0.116913891697316,43.5118499174636
00:00:29.6634,69.8754411869788,39.0835707306323,120.458093628855,0.107639985433814,43.9082171817623
00:00:29.7634,69.8736171477758,36.1489609579273,111.413877782819,0.0978564898664004,44.2709328857553
00:00:29.8634,69.8719406115248,33.0013232414734,101.712986610434,0.0875634041870465,44.5981973622772
00:00:29.9634,69.870421721818,29.6483635372497,91.3791707542508,0.0767607270738989,44.8882109403989
00:00:30.0027,69.8698695799759,28.2606275311363,87.102136428361,0.0723275774055413,44.9916858400795
00:00:30.0138,69.8697178536806,27.8897147677959,85.9589737886164,0.0711415553134338,45.0199069174763
00:00:30.0250,69.8695679149271,27.5954451965541,85.0520323560999,0.0701900349170418,45.0477104308939
00:00:30.0361,69.8694192525697,27.4130866364772,84.4900115875741,0.0695805300358211,45.0752096745491
00:00:30.0495,69.8692406974824,27.3495615743791,84.2942533665787,0.0693229512245536,45.1081820995988
00:00:30.0630,69.8690621197973,27.4266986080053,84.5320306838717,0.0694940383224727,45.141129124576
00:00:30.0764,69.8688827957834,27.5908843376697,85.038101857725,0.0699293564818687,45.1742110392139
00:00:30.0898,69.8687023502971,27.782816153111,85.6296901173857,0.0704477462543252,45.2075105002162
00:00:30.1033,69.8685207526586,27.9531337297532,86.1546615730502,0.0708991362750298,45.2410337352393
00:00:30.1167,69.868338227707,28.0716237699468,86.519895332919,0.0711922658406294,45.274730543029
00:00:30.1334,69.8681104863639,28.1362197911612,86.7190304178102,0.0713052816277119,45.3167569947306
00:00:30.1565,69.8677951295671,28.1209012942577,86.6718764358,0.0711446656320044,45.3748802306331
00:00:30.1796,69.8674801210136,28.0582204097603,86.4787458573272,0.070841568483063,45.4328338652445
00:00:30.2028,69.867165590835,28.020065729619,86.3612076326438,0.0706135136122413,45.4905898011814
00:00:30.2259,69.8668511476725,28.0374842349538,86.4149525801625,0.0705537565162014,45.5482345747012
00:00:30.2546,69.8664602956974,28.1150376695002,86.6540553105469,0.0706481810397377,45.619782927584
00:00:30.2833,69.8660683491284,28.2059990971815,86.9344837977841,0.0707823895957556,45.6914298152477
00:00:30.3119,69.8656753630711,28.2726121296053,87.1398680389451,0.0708428768146932,45.7631627728201
00:00:30.3406,69.8652816586021,28.3094859787907,87.2535926584298,0.0708139551969565,45.8349113308404
00:00:30.3889,69.8646184967262,28.3580223838529,87.4033142085501,0.0707252591712693,45.955484332483
00:00:30.4371,69.8639539053926,28.4229283827206,87.6034898699254,0.0706858470210633,46.0759701892888
00:00:30.4854,69.8632875756939,28.5060335176252,87.8597588382972,0.0707006787430971,46.1964361246965
00:00:30.5648,69.8621870458433,28.635192527125,88.2580567736259,0.0707020688432827,46.3946809938701
00:00:30.6442,69.8610818608336,28.7504589677927,88.6135383842512,0.0706621543384915,46.5928600166297
00:00:30.7442,69.8596835366415,28.8945733318476,89.057992577535,0.070608925562472,46.8423129786596
00:00:30.8442,69.8582781116254,29.0415257534159,89.5111982642155,0.0705641967909374,47.0916006905074
00:00:30.9442,69.8568656441243,29.1858521658202,89.9563142477785,0.0705119670486434,47.3407112879257
00:00:31.0442,69.8554462742328,29.3263076387803,90.38950332462,0.070448793947671,47.5896159918734
00:00:31.1442,69.8540201264891,29.4646894912793,90.8163050907465,0.0703800587598172,47.8382898134151
00:00:31.2442,69.852587303937,29.601188070012,91.2373061754388,0.0703064223674937,48.0867127505311
00:00:31.3442,69.8511479190527,29.7351636136098,91.6505346307194,0.0702261670494896,48.3348632758661
00:00:31.4442,69.8497020932839,29.8665438053484,92.0557674800351,0.0701392163366339,48.5827184380856
00:00:31.5442,69.8482499476501,29.995465088575,92.4534251930233,0.0700461053476178,48.8302558620492
00:00:31.6442,69.8467916033342,30.1218836778452,92.8433727322443,0.0699468178812614,49.0774535663885
00:00:31.7442,69.8453271845975,30.2456981513732,93.2252974062422,0.0698411900833391,49.3242893636176
00:00:31.8442,69.8438568187453,30.3668562691739,93.5990381098533,0.0697292392455942,49.570740959864
00:00:31.9442,69.8423806346871,30.485344662157,93.9645535456781,0.0696110146162456,49.8167861330325
00:00:32.0442,69.8408987632568,30.6011143592066,94.3216926783667,0.0694865072064341,50.0624026885014
00:00:32.1442,69.8394113376718,30.7141110506958,94.6702880141729,0.0693557025416352,50.3075684075359
00:00:32.2442,69.8379184933758,30.8242926204231,95.0102096396831,0.06921860450804,50.5522610648346
00:00:32.3442,69.8364203678854,30.9316179365723,95.3413306725417,0.06907521729914,50.7964584431102
00:00:32.4442,69.8349171008411,31.0360420499242,95.6635124607664,0.0689255394241335,51.0401383265792
00:00:32.5442,69.833408834041,31.1375202114686,95.976616966224,0.0687695697256521,51.2832784969561
00:00:32.6442,69.8318957114116,31.23600912876,96.2805106371876,0.0686073087736837,51.5258567357622
00:00:32.7442,69.8303778789867,31.3314655828911,96.5750601454262,0.0684387569051267,51.7678508253863
00:00:32.8442,69.8288554849063,31.4238461430182,96.8601315062763,0.0682639139417374,52.0092385482925
00:00:32.9442,69.8273286794105,31.5131076476812,97.1355915622572,0.0680827798157732,52.249997686752
00:00:33.0442,69.8257976148265,31.5992072728385,97.4013081928085,0.0678953546098508,52.4901060231074
00:00:33.1442,69.8242624455577,31.6821023850561,97.6571498617919,0.0677016383610513,52.7295413398349
00:00:33.2442,69.822723328073,31.7617505442957,97.9029856261116,0.0675016310633082,52.9682814194572
00:00:33.3442,69.8211804208961,31.8381095642793,98.1386853218122,0.0672953327277436,53.2063040445307
00:00:33.4442,69.8196338845934,31.9111375203918,98.3641195884726,0.0670827433772715,53.4435869976726
00:00:33.5442,69.8180838817612,31.980792743203,98.5791598492715,0.0668638630284442,53.680108061562
00:00:33.6442,69.8165305770131,32.0470338300163,98.7836783466245,0.066638691694466,53.9158450189309
00:00:33.7442,69.8149741369673,32.1098196596505,98.9775481877876,0.0664072293905888,54.1507756525642
00:00:33.8442,69.8134147302317,32.1691094012532,99.1606433720661,0.0661694761327054,54.384877745301
00:00:33.9442,69.8118525273908,32.2248625226123,99.3328388164809,0.0659254319358641,54.6181290800349
00:00:34.0442,69.8102877009902,32.2770388004706,99.4940103876075,0.0656750968147521,54.8505074397116
00:00:34.1442,69.8087204255219,32.3255983308604,99.6440349334834,0.0654184707841135,55.0819906073295
00:00:34.2442,69.8071508774082,32.3705015389164,99.7827903139089,0.065155553858622,55.3125563659385
00:00:34.3442,69.8055792349857,32.4117091887236,99.9101554308548,0.0648863460526711,55.54218249864
00:00:34.4442,69.804005678489,32.4491823933986,100.026010259598,0.0646108473805051,55.7708467885859
00:00:34.5442,69.8024303900329,32.4828826252188,100.130235880002,0.0643290578562039,55.9985270189781
00:00:34.6442,69.8008535535953,32.5127717256837,100.222714507592,0.0640409774936681,56.225200973068
00:00:34.7442,69.7992753549988,32.5388119156747,100.303329524942,0.0637466063066196,56.4508464341558
00:00:34.8442,69.7976959818922,32.5609658056475,100.37196551315,0.0634459443085989,56.6754411855897
00:00:34.9442,69.7961156237315,32.5791964058584,100.428508283441,0.0631389915129579,56.8989630107654
00:00:35.0442,69.7945344717598,32.5934671366323,100.472844908882,0.0628257479328533,57.1213896931256
00:00:35.1442,69.7929527189879,32.6037418386684,100.504863756226,0.062506213581232,57.342699016159
00:00:35.2442,69.7913705601732,32.6099847834015,100.524454517929,0.0621803884708682,57.5628687633997
00:00:35.3442,69.7897881917985,32.6121606833909,100.53150824425,0.0618482726143201,57.7818767184264
00:00:35.4442,69.7882058120507,32.6102347027263,100.525917375413,0.0615098660239143,57.9997006648621
00:00:35.5442,69.7866236207986,32.604172467532,100.507575774067,0.061165168711816,58.2163183863727
00:00:35.6442,69.7850418195702,32.5939400764632,100.476378757727,0.0608141806899233,58.4317076666668
00:00:35.7442,69.7834606115294,32.5795041112338,100.432223131318,0.0604569019699368,58.6458462894946
00:00:35.8442,69.7818802014526,32.560831647251,100.375007220046,0.0600933325633295,58.8587120386472
00:00:35.9442,69.7803007957042,32.5378902642202,100.30463090218,0.0597234724813726,59.0702826979559
00:00:36.0442,69.7787226022121,32.5106480568131,100.220995642036,0.0593473217350567,59.2805360512915
00:00:36.1442,69.7771458304427,32.4790736453686,100.124004523055,0.0589648803351538,59.4894498825628
00:00:36.2442,69.7755706913745,32.4431361866846,100.013562281177,0.0585761482922142,59.6970019757167
00:00:36.3442,69.7739973974725,32.402805384778,99.8895753381047,0.0581811256165446,59.9031701147366
00:00:36.4442,69.772426162661,32.3580515017039,99.7519518347644,0.0577798123181736,60.1079320836421
00:00:36.5442,69.7708572022964,32.3088453684376,99.6006016649527,0.0573722084068987,60.3112656664875
00:00:36.6442,69.7692907331393,32.2551583957945,99.4354365091102,0.0569583138922527,60.5131486473616
00:00:36.7442,69.7677269733262,32.1969625853577,99.2563698681153,0.0565381287835221,60.7135588103861
00:00:36.8442,69.7661661423406,32.1342305404817,99.0633170973171,0.0561116530897361,60.9124739397152
00:00:36.9442,69.7646084609833,32.0669354772857,98.8561954405393,0.0556788868196068,61.1098718195344
00:00:37.0442,69.7630541513426,31.9950512357408,98.6349240643727,0.0552398299816398,61.3057302340598
00:00:37.1442,69.7615034367637,31.9185522907808,98.3994240925456,0.0547944825840047,61.5000269675366
00:00:37.2442,69.7599565418179,31.8374137633943,98.1496186402355,0.054342844634638,61.6927398042387
00:00:37.3442,69.7584136922704,31.7516114318687,97.885432848853,0.0538849161411884,61.8838465284674
00:00:37.4442,69.7568751150487,31.6611217429309,97.6067939205083,0.0534206971109883,62.0733249245506
00:00:37.5442,69.7553410382094,31.565921823024,97.3136311528981,0.0529501875510753,62.2611527768414
00:00:37.6442,69.7538116909056,31.4659894896179,97.0058759743002,0.0524733874682308,62.4473078697174
00:00:37.7442,69.7522873033522,31.3613032625196,96.6834619785677,0.051990296868932,62.6317679875797
00:00:37.8442,69.7507681067924,31.2518423751842,96.3463249601257,0.051500915759287,62.8145109148514
00:00:37.9442,69.7492543334622,31.1375867861535,95.9944029493671,0.0510052441451777,62.995514435977
00:00:38.0442,69.7477462165552,31.0185171905154,95.6276362481079,0.0505032820321482,63.1747563354211
00:00:38.1442,69.7462439901864,30.8946150312681,95.2459674647567,0.0499950294253944,63.3522143976672
00:00:38.2442,69.7447478893558,30.7658625108927,94.8493415501221,0.0494804863298361,63.5278664072168
00:00:38.3442,69.7432581499113,30.6322426028729,94.4377058330628,0.0489596527500325,63.7016901485881
00:00:38.4442,69.7417750085104,30.4937390632291,94.0110100561809,0.048432528690265,63.8736634063148
00:00:38.5442,69.7402987025827,30.3503364421449,93.5692064118023,0.0478991141544197,64.0437639649451
00:00:38.6442,69.7388294702908,30.2020200955506,93.1122495778227,0.0473594091461003,64.2119696090405
00:00:38.7442,69.7373675504904,30.0487761968531,92.6400967540116,0.0468134136685571,64.3782581231746
00:00:38.8442,69.7359131826912,29.8905917485348,92.152707697906,0.0462611277246522,64.5426072919317
00:00:38.9442,69.7344666070155,29.727454593947,91.6500447613105,0.0457025513170001,64.7049948999059
00:00:39.0442,69.7330280641578,29.5593534290462,91.1320729266199,0.0451376844477465,64.8653987316995
00:00:39.1442,69.7315977953424,29.3862778140991,90.5987598430429,0.0445665271187665,65.0237965719221
00:00:39.2442,69.7301760422817,29.2082181856265,90.0500758635695,0.0439890793315414,65.1801662051893
00:00:39.3442,69.7287630471333,29.0251658681033,89.485994081179,0.0434053410871955,65.3344854161209
00:00:39.4442,69.7273590524561,28.8371130858993,88.9064903657972,0.0428153123864689,65.4867319893406
00:00:39.5442,69.7259643011669,28.6440529751528,88.3115434010431,0.0422189932297887,65.6368837094736
00:00:39.6442,69.7245790364955,28.4459795956843,87.7011347210995,0.0416163836171251,65.7849183611462
00:00:39.7442,69.7232035019394,28.2428879428888,87.0752487475184,0.0410074835481115,65.9308137289837
00:00:39.8442,69.7218379412184,28.0347739598058,86.4338728265754,0.0403922930220135,66.0745475976098
00:00:39.9442,69.7204825982283,27.8216345490189,85.7769972660947,0.0397708120376899,66.2160977516445
00:00:40.0442,69.7191377169935,27.6034675846828,85.1046153726706,0.0391430405935991,66.3554419757034
00:00:40.1442,69.7178035416199,27.380271924579,84.4167234889747,0.0385089786878157,66.4925580543959
00:00:40.2442,69.7164803162469,27.1520474221653,83.7133210310437,0.037868626318011,66.6274237723238
00:00:40.3442,69.7151682849983,26.9187949386484,82.9944105256391,0.0372219834814784,66.76001691408
00:00:40.4442,69.7138676919335,26.6805163550761,82.2599976476639,0.0365690501750543,66.8903152642472
00:00:40.5442,69.7125787809974,26.4372145844386,81.5100912576089,0.0359098263952089,67.0182966073961
00:00:40.6442,69.7113017959701,26.1888935838565,80.7447034392649,0.0352443121379852,67.1439387280843
00:00:40.7442,69.7100369804155,25.9355583666532,79.963849537076,0.0345725073989783,67.2672194108547
00:00:40.8442,69.7087845776302,25.6772150145823,79.1675481939696,0.0338944121734243,67.3881164402338
00:00:40.9442,69.707544830591,25.4138706899964,78.3558213890067,0.0332100264560392,67.5066076007305
00:00:41.0442,69.7063179819021,25.1455336480046,77.5286944749931,0.0325193502412214,67.6226706768345
00:00:41.1442,69.7051042737418,24.8722132487759,76.6861962165398,0.0318223835228195,67.7362834530148
00:00:41.2442,69.7039039478082,24.5939199696209,75.8283588274381,0.0311191262943254,67.8474237137178
00:00:41.3442,69.7027172452652,24.3106654174107,74.9552180090723,0.0304095785487867,67.9560692433665
00:00:41.4442,69.7015444066866,24.0224623406427,74.0668129877421,0.029693740278715,68.0621978263581
00:00:41.5442,69.7003856720008,23.7293246417896,73.1631865528554,0.0289716114762835,68.1657872470629
00:00:41.6442,69.6992412804343,23.4312673896261,72.2443850950498,0.0282431921331653,68.2668152898226
00:00:41.7442,69.6981114704547,23.128306831335,71.3104586436321,0.0275084822405281,68.3652597389488
00:00:41.8442,69.696996479713,22.8204604049217,70.3614609049665,0.026767481789147,68.4610983787209
00:00:41.9442,69.6958965449856,22.5077467515026,69.3974493004698,0.0260201907693145,68.5543089933852
00:00:42.0442,69.6948119019892,22.1901900643708,68.41849837596,0.0252666080759283,68.6448693685743
00:00:42.1442,69.6937427856489,21.867802346311,67.4246450967232,0.0245067350221541,68.7327572859166
00:00:42.2442,69.6926894297994,21.5406111080436,66.4159742486369,0.0237405722935831,68.8179505300942
00:00:42.3442,69.6916520954089,21.2076685696567,65.389563508023,0.0229660776706433,68.9004225603903
00:00:42.4442,69.6906311861159,20.864545014071,64.3317546365058,0.0221739037133588,68.9801248661329
00:00:42.5442,69.689627085104,20.51429942954,63.2519792989899,0.0213704676824971,69.0570119821767
00:00:42.6442,69.6886400391695,20.1607742711551,62.162084948307,0.0205637933756937,69.1310591652359
00:00:42.7442,69.6876702334972,19.8038137420911,61.0615912435244,0.0197534809240464,69.2022508810996
00:00:42.8442,69.6867178646481,19.442437657071,59.9474759795993,0.0189373973269179,69.2705696081649
00:00:42.9442,69.6857831379814,19.0767507711171,58.820062167199,0.0181156901675174,69.3359962229481
00:00:43.0442,69.6848662541865,18.7070254495517,57.680189625496,0.0172888558768376,69.3985120516815
00:00:43.1442,69.6839674126714,18.3331952838551,56.5276536272648,0.0164566769826281,69.4580983448287
00:00:43.2442,69.6830868151975,17.9551734906936,55.3621866255703,0.0156188915237101,69.5147357149117
00:00:43.3442,69.6822246640143,17.5729880882273,54.1838750509893,0.0147754762973033,69.5684044138932
00:00:43.4442,69.6813811604064,17.1866725102387,52.9928220384031,0.0139264169494142,69.6190845468345
00:00:43.5442,69.6805565050314,16.7962300188796,51.789037698351,0.013071633329793,69.6667560115673
00:00:43.6442,69.6797508980589,16.4016699043336,50.5725507334533,0.0122110554050996,69.7113984686007
00:00:43.7442,69.6789645389971,16.0030086296909,49.3434119687212,0.011344625612706,69.7529913585324
00:00:43.8442,69.6781976256817,15.600293929393,48.1017686567544,0.0104723490860175,69.7915140466142
00:00:43.9442,69.6774503549473,15.1935337077263,46.8476452445352,0.00959414481295516,69.8269457107548
00:00:44.0442,69.6767229224814,14.7827558868618,45.5811279078053,0.00870997090898019,69.8592653539742
00:00:44.1442,69.6760155222853,14.3680020815125,44.3023450480388,0.00781981131439879,69.8884518765526
00:00:44.2442,69.6753283465571,13.9493091748466,43.0114104837856,0.00692363709754613,69.9144840835841
00:00:44.3442,69.6746615856892,13.5267139633703,41.7084377726258,0.00602141615770044,69.9373406748235
00:00:44.4442,69.6740154281237,13.1002585779729,40.3935569264961,0.00511312455529711,69.9570002561477
00:00:44.5442,69.673390060184,12.6699884573333,39.0669081629457,0.00419874221509429,69.97344135449
00:00:44.6442,69.6727856659576,12.2359506548148,37.7286366846104,0.00327824933046922,69.98664242473
00:00:44.7442,69.6722024271889,11.7981944772707,36.3788946489145,0.00235162766613991,69.9965818549752
00:00:44.8442,69.6716405231607,11.3567718640119,35.0178423365896,0.00141886131792243,70.003237973452
00:00:44.9442,69.671100130578,10.9117370660741,33.6456471627084,0.000479936003601764,70.0065890548601
00:00:45.0237,69.6706855912955,10.5722488866008,32.5988864615785,-0.000235432056909536,70.0069414709644
00:00:45.0365,69.6706198600486,10.5331141249353,32.4782214653751,-0.000317827143659502,70.0068171946005
00:00:45.0493,69.6705542944604,10.5170168464406,32.4285911214732,-0.000351664971004245,70.0066675694211
00:00:45.0622,69.6704887628782,10.5225773981008,32.4457413917665,-0.000339860410548287,70.0065127734287
00:00:45.0789,69.6704030630505,10.5496907698888,32.5293499475991,-0.00028262341136454,70.0063311131168
00:00:45.1004,69.6702927085444,10.5921246978277,32.6602003340349,-0.00019310736818823,70.0061516225514
00:00:45.1219,69.6701819961369,10.6228360428678,32.7549048980026,-0.000128326852217998,70.0060270663307
00:00:45.1434,69.6700710843269,10.6320492394692,32.7833211998967,-0.000108861776560194,70.0059331255073
00:00:45.1766,69.669900021518,10.6193314026741,32.7441187013712,-0.000135573111259188,70.0057820005746
00:00:45.2098,69.6697291641518,10.6007759298542,32.6869161256995,-0.000174567758899635,70.0055994807389
00:00:45.2430,69.6695584592329,10.5960657270725,32.672404649727,-0.000184376837905923,70.0053937057365
00:00:45.2835,69.6693501247311,10.6067614947125,32.7053993576853,-0.000161704028119077,70.0051523621623
00:00:45.3322,69.6690990964298,10.6203295931216,32.7472538356472,-0.000132972783365803,70.0048994842219
00:00:45.3809,69.6688478993933,10.6238601214881,32.7581580107279,-0.000125406038928003,70.0046726887827
00:00:45.4493,69.668495371872,10.6225653667027,32.7541909101546,-0.000127959215335869,70.0043621790401
00:00:45.5177,69.6681427783751,10.6251288957599,32.7621206580395,-0.000122388691447427,70.0040621585805
00:00:45.6137,69.6676474307084,10.6326248570254,32.7852695890941,-0.000106377902713087,70.003678094443
00:00:45.7137,69.6671312451269,10.6380374995064,32.8019962269043,-9.47721168335546e-05,70.0033212868586
00:00:45.8137,69.6666148425247,10.641577108021,32.8129474807816,-8.71319530883392e-05,70.00299834138
00:00:45.9137,69.6660982480793,10.6453987800702,32.8247685080403,-7.89143338610495e-05,70.0027053330822
00:00:46.0137,69.6655814675883,10.6492267165281,32.8366088919142,-7.06998524703765e-05,70.0024413133218
00:00:46.1137,69.6650645188246,10.6524574412379,32.846607826342,-6.37584880091404e-05,70.0022035025856
00:00:46.2137,69.6645474222373,10.6552711916589,32.8553210623259,-5.77086810316258e-05,70.0019887168068
00:00:46.3137,69.6640301919987,10.6578883498898,32.8634281391759,-5.20848335225374e-05,70.0017947393122
00:00:46.4137,69.6635128398161,10.6602765983684,32.8708294032068,-4.69540065508014e-05,70.0016197354811
00:00:46.5137,69.6629953776719,10.6624057087733,32.8774316424172,-4.23788363479474e-05,70.0014618322559
00:00:46.6137,69.662477816616,10.6643209202936,32.883374348098,-3.82630300896713e-05,70.0013193031962
00:00:46.7137,69.6619601661595,10.6660580868011,32.8887680726738,-3.45302046714787e-05,70.0011906608663
00:00:46.8137,69.6614424348466,10.667627216095,32.8936436727357,-3.11585200348762e-05,70.0010745689498
00:00:46.9137,69.6609246305356,10.6690405334894,32.8980388427802,-2.81215243455448e-05,70.0009697988393
00:00:47.0137,69.6604067603203,10.6703158382487,32.9020084648518,-2.53810887202907e-05,70.0008752414639
00:00:47.1137,69.6598888305567,10.6714676987139,32.9055974587039,-2.29059567895514e-05,70.0007899029811
00:00:47.2137,69.6593708469837,10.6725072532099,32.9088401678305,-2.0672153606232e-05,70.0007128860106
00:00:47.3137,69.6588528147951,10.6734451694794,32.91176948487,-1.8656743825316e-05,70.0006433784798
00:00:47.4137,69.6583347386763,10.6742916594155,32.9144168970239,-1.68377973913049e-05,70.0005806477922
00:00:47.5137,69.6578166228515,10.6750557036968,32.9168100951865,-1.51960190822879e-05,70.000524033445
00:00:47.6137,69.6572984711341,10.6757452416066,32.9189735592348,-1.37143441460685e-05,70.0004729391934
00:00:47.7137,69.6567802869667,10.6763675241989,32.9209296470046,-1.23771906199594e-05,70.0004268267305
00:00:47.8137,69.6562620734561,10.6769291411602,32.922698677107,-1.1170399694374e-05,70.0003852102941
00:00:47.9137,69.6557438334058,10.6774360094242,32.9242988938055,-1.00812568147809e-05,70.0003476515423
00:00:48.0137,69.655225569346,10.6778934569289,32.9257467252734,-9.0983125524616e-06,70.0003137548496
00:00:48.1137,69.6547072835602,10.6783063024623,32.9270570297872,-8.21121202579707e-06,70.0002831631486
00:00:48.2137,69.6541889781096,10.6786788980106,32.9282432263001,-7.41060356573851e-06,70.0002555541949
00:00:48.3137,69.6536706548539,10.6790151677621,32.9293174147029,-6.688054616954e-06,70.0002306371679
00:00:48.4137,69.6531523154718,10.6793186525829,32.9302905129576,-6.03595629541047e-06,70.0002081495998
00:00:48.5137,69.6526339614783,10.6795925492376,32.9311723780301,-5.44743919028606e-06,70.0001878546127
00:00:48.6137,69.6521155942407,10.6798397429373,32.931971906246,-4.91630337944115e-06,70.0001695384258
00:00:48.7137,69.6515972149928,10.6800628372006,32.9326971253628,-4.43695424003062e-06,70.0001530081025
00:00:48.8137,69.6510788248483,10.6802641814775,32.9333552797447,-4.00434318658393e-06,70.0001380895165
00:00:48.9137,69.6505604248122,10.6804458974428,32.9339529114344,-3.61391086640895e-06,70.0001246255233
00:00:49.0137,69.6500420157916,10.6806098973492,32.9344959167417,-3.26154812953023e-06,70.0001124742952
00:00:49.1137,69.6495235986052,10.6807579094306,32.9349896245727,-2.9435412607695e-06,70.0001015078344
00:00:49.2137,69.6490051739916,10.6808914927461,32.9354388421984,-2.65654004940383e-06,70.0000916106247
00:00:49.3137,69.6484867426177,10.6810120537525,32.9358479063538,-2.39752217964153e-06,70.0000826784123
00:00:49.4137,69.6479683050851,10.6811208621398,32.9362207320656,-2.16375924633613e-06,70.0000746171078
00:00:49.5137,69.6474498619371,10.6812190639423,32.9365608530779,-1.95278857083917e-06,70.0000673417959
00:00:49.6137,69.6469314136637,10.6813076933122,32.9368714581556,-1.76238788764845e-06,70.000060775841
00:00:49.7137,69.6464129607072,10.6813876835418,32.9371554250687,-1.59055166578259e-06,70.0000548500794
00:00:49.8137,69.6458945034668,10.681459876969,32.9374153511365,-1.43546982519893e-06,70.0000495020909
00:00:49.9137,69.645376042303,10.6815250338137,32.9376535804727,-1.29550874755218e-06,70.0000446755416
00:00:50.0137,69.644857651319,10.6790505064946,32.930060402325,-6.50053830575879e-06,70.0000290226852
00:00:50.0423,69.6447096903258,10.652122693469,32.8470360634332,-6.32157266605674e-05,69.9999884083844
00:00:50.0709,69.6445623810696,10.5874968662976,32.6477654576927,-0.000199315647111152,69.9998479208469
00:00:50.1059,69.6443832042106,10.48236775286,32.3236003881151,-0.000420652776111864,69.9994571388335
00:00:50.1410,69.6442057102691,10.3821920043456,32.0147092299999,-0.000631442263869798,69.9988086307282
00:00:50.1760,69.6440297231999,10.3021388286016,31.7678680698946,-0.000799715485508393,69.9979295249567
00:00:50.2222,69.6437997465556,10.2105535588653,31.4854698397654,-0.000992011546943943,69.9964745144705
00:00:50.2684,69.6435719387876,10.1136916003146,31.1867998653979,-0.0011952883494524,69.9946881979245
00:00:50.3146,69.6433464325725,10.0064366315118,30.8560813097069,-0.00142033550675014,69.9925504550462
00:00:50.3897,69.6429847715582,9.83196175859315,30.3180904821825,-0.00178611283547508,69.9882953178569
00:00:50.4648,69.6426292951122,9.66481437573467,29.8026936567401,-0.00213605928875668,69.9830974425518
00:00:50.5648,69.6421654853994,9.44522573644174,29.1255934653332,-0.00259520571221431,69.9747465915106
00:00:50.6648,69.6417123972843,9.22428847632182,28.4443325818468,-0.00305661005973051,69.9647654940034
00:00:50.7648,69.6412700011081,9.00425497887104,27.7658565773378,-0.00351555086951455,69.9531607186835
00:00:50.8648,69.6408382197053,8.78651804936889,27.0944604223369,-0.00396911863686121,69.9399460371475
00:00:50.9648,69.6404169758401,8.57021078714755,26.4274709757999,-0.00441917828378511,69.9251351118952
00:00:51.0648,69.64000620822,8.35494764751058,25.7636994160915,-0.00486657754416317,69.9087390342698
00:00:51.1648,69.6396058550585,8.14101953239393,25.1040428401421,-0.00531073250888326,69.8907688582252
00:00:51.2648,69.6392158500528,7.92851828034011,24.4487845053252,-0.00575147952300905,69.8712362229154
00:00:51.3648,69.6388361276974,7.71734064333363,23.797606089588,-0.00618906751697857,69.8501525363592
00:00:51.4648,69.6384666240525,7.50746205277067,23.1504318890615,-0.00662357825901634,69.8275288592243
00:00:51.5648,69.6381072749313,7.29891509723406,22.5073624519949,-0.00705497170823248,69.8033761864616
00:00:51.6648,69.6377580157085,7.09170521221706,21.86841459515,-0.00748326479864246,69.777705479016
00:00:51.7648,69.6374187818259,6.88582338443555,21.2335605792682,-0.00790850458307952,69.7505275876982
00:00:51.8648,69.6370895087499,6.68127142138034,20.602806031761,-0.00833071458150684,69.7218532618142
00:00:51.9648,69.6367701317582,6.47805597255342,19.9761715103269,-0.00874990745774756,69.6916931840973
00:00:52.0648,69.6364605859178,6.2761809234742,19.3536690486342,-0.00916610120093175,69.6600579760265
00:00:52.1648,69.6361608061094,6.07564969367573,18.7353092425572,-0.00957931424763014,69.6269581960447
00:00:52.2648,69.6358707269942,5.87646733550417,18.121107722188,-0.00998956102089734,69.59240434664
00:00:52.3648,69.6355902829749,5.67863955643655,17.5110821370007,-0.0103968540101615,69.5564068821624
00:00:52.4648,69.6353194081818,5.48217204250738,16.9052500695246,-0.0108012052195318,69.5189762130522
00:00:52.5648,69.6350580364605,5.2870707292061,16.3036298707054,-0.0112026255940785,69.480122709416
00:00:52.6648,69.6348061013585,5.09334191782699,15.7062410186948,-0.0116011247740282,69.4398567051577
00:00:52.7648,69.6345635361121,4.90099211425753,15.1131036217283,-0.0119967114420022,69.3981885017151
00:00:52.8648,69.6343302736388,4.71002794314151,14.5242381534332,-0.0123893935096408,69.3551283711484
00:00:52.9648,69.6341062465307,4.52045614944527,13.93966545766,-0.0127791781170477,69.3106865589464
00:00:53.0648,69.6338913870499,4.3322835756229,13.3594066780675,-0.0131660716842779,69.2648732866459
00:00:53.1648,69.6336856271241,4.14551711812171,12.783483124,-0.0135500800071504,69.217698754184
00:00:53.2648,69.6334888983453,3.96016369768541,12.2119161789125,-0.0139312083235201,69.1691731419938
00:00:53.3648,69.6333011319691,3.77623023907369,11.644727237832,-0.0143094613593158,69.119306612903
00:00:53.4648,69.6331222589145,3.59372364945036,11.0819376407134,-0.0146848433774436,69.0681093138535
00:00:53.5648,69.6329522097657,3.41265079732595,10.5235686075051,-0.0150573582255296,69.0155913774523
00:00:53.6648,69.6327909147745,3.23301849479656,9.96964118337938,-0.0154270093766008,68.961762923368
00:00:53.7648,69.6326383038631,3.05483348213349,9.42017619121173,-0.0157937999647283,68.9066340595927
00:00:53.8648,69.632494306628,2.87810241355393,8.87519418770214,-0.0161577328181584,68.8502148835812
00:00:53.9648,69.6323588523449,2.70283184445945,8.33471542402307,-0.0165188104893144,68.7925154832785
00:00:54.0648,69.6322318699731,2.52902822011389,7.79875981090608,-0.0168770352817265,68.7335459380477
00:00:54.1648,69.6321132881615,2.35669786560489,7.26734688768699,-0.0172324092742248,68.6733163195069
00:00:54.2648,69.6320030352548,2.18584697758326,6.74049579683357,-0.017584934342769,68.6118366922846
00:00:54.3648,69.6319010392985,2.01648165435355,6.21822537673707,-0.0179346122027217,68.5491171146455
00:00:54.4648,69.6318072280473,1.84860778303087,5.70055381373917,-0.0182814442770302,68.4851676393694
00:00:54.5648,69.6317215289735,1.68223107566201,5.18749875352018,-0.0186254321120109,68.419998313849
00:00:54.6648,69.6316438692727,1.51735718551374,4.67907765969932,-0.0189665768581233,68.3536191808941
00:00:54.7648,69.631574175871,1.35399156880869,4.17530738747195,-0.0193048796152535,68.2860402792314
00:00:54.8648,69.6315123754339,1.19213949066799,3.67620420193713,-0.0196403414368959,68.2172716437716
00:00:54.9648,69.6314583943742,1.03180606521446,3.1817839017666,-0.0199729632385147,68.1473233059863
00:00:55.0648,69.6314121588602,0.872996240469792,2.69206177263524,-0.020302745831876,68.0762052942889
00:00:55.1648,69.6313735948241,0.715714783825232,2.20705254242033,-0.0206296899624682,68.0039276343279
00:00:55.2648,69.6313426279704,0.559966284607514,1.72677038911749,-0.0209537963063581,67.9305003492424
00:00:55.3648,69.6313191837849,0.405755155317122,1.25122894466302,-0.0212750654692123,67.8559334599106
00:00:55.4433,69.6313059723854,0.287570371856575,0.886782037318784,-0.0215278925108974,67.7966323084273
00:00:55.5217,69.6312971922177,0.172877227990587,0.533102288653212,-0.0217771875381596,67.7366367737133
00:00:55.6002,69.6312927484306,0.0601012403409062,0.185334468051406,-0.022022421330733,67.6759376775215
00:00:55.6787,69.6312925969855,-0.0521533674536861,-0.160825576352361,-0.0222668179680748,67.6145590326542
00:00:55.7756,69.6312982900136,-0.189966776548725,-0.585801405311246,-0.0225672684137617,67.5378278406521
00:00:55.8756,69.6313109138038,-0.330472898807206,-1.0190807398749,-0.022873977838239,67.4575887354486
00:00:55.9756,69.6313303176046,-0.469327464917625,-1.44726711822206,-0.0231774940392548,67.3762720801735
00:00:56.0756,69.6313564286651,-0.606771617838429,-1.87110413579562,-0.02347838361282,67.2938879073162
00:00:56.1756,69.6313891761099,-0.742768546192847,-2.29047825966856,-0.0237765660471449,67.2104458940238
00:00:56.2756,69.6314284873192,-0.877239015425447,-2.705145137093,-0.0240718667063307,67.1259559819872
00:00:56.3756,69.6314742889838,-1.01019575260233,-3.11514399843055,-0.0243643206910833,67.0404282063266
00:00:56.4756,69.6315265081804,-1.14165785999627,-3.52053373393073,-0.0246539771973099,66.9538725181779
00:00:56.5756,69.6315850719691,-1.27161577372378,-3.92128483656594,-0.024940819369022,66.8662988530595
00:00:56.6756,69.6316499071072,-1.40006072518801,-4.31737025239608,-0.0252248317734574,66.7777171797804
00:00:56.7756,69.631720940215,-1.52699313495739,-4.70879126478007,-0.0255060196384877,66.6881374742796
00:00:56.8756,69.6317980978651,-1.65241270688061,-5.09554694755908,-0.0257843861195941,66.5975697060451
00:00:56.9756,69.6318813065388,-1.77631663819593,-5.4776286455646,-0.0260599282099814,66.5060238469981
00:00:57.0756,69.6319704926163,-1.89870287486824,-5.85503001310175,-0.0263326441694492,66.4135098746087
00:00:57.1756,69.6320655824031,-2.01957027377006,-6.22774751405828,-0.0266025341407177,66.3200377685561
00:00:57.2756,69.6321665021512,-2.13891794130907,-6.59577838242117,-0.0268695980448901,66.225617509269
00:00:57.3756,69.6322731780557,-2.2567445798765,-6.95911860691317,-0.0271338347879987,66.1302590796349
00:00:57.4756,69.6323855362665,-2.37304944671126,-7.31776588783387,-0.0273952440494347,66.0339724643753
00:00:57.5756,69.6325035029002,-2.48783197175316,-7.67171845862565,-0.0276538255524633,65.936767649469
00:00:57.6756,69.6326270040478,-2.60109169839412,-8.02097490316048,-0.0279095788617134,65.8386546222628
00:00:57.7756,69.6327559657835,-2.71282837253159,-8.36553443034557,-0.0281625036188126,65.7396433714209
00:00:57.8756,69.6328903141736,-2.82304194019508,-8.70539686679579,-0.0284125995510418,65.6397438867074
00:00:57.9756,69.633029975286,-2.93173251782545,-9.04056256517566,-0.0286598663951403,65.5389661588625
00:00:58.0756,69.6331748751981,-3.03890039232825,-9.37103240435513,-0.0289043038992859,65.437320179538
00:00:58.1756,69.6333249400055,-3.14454602641275,-9.69680780586488,-0.0291459118429588,65.3348159412112
00:00:58.2756,69.6334800958304,-3.24867005441927,-10.0178907210201,-0.0293846900307911,65.2314634370949
00:00:58.3756,69.6336402688296,-3.35127327774388,-10.334283616803,-0.0296206382839211,65.1272726610661
00:00:58.4756,69.6338053852028,-3.45235666321479,-10.6459894708468,-0.029853756439884,65.0222536076049
00:00:58.5756,69.6339753712006,-3.55192134147706,-10.9530117664457,-0.0300840443528745,64.9164162717349
00:00:58.6756,69.6341501531323,-3.64996860452025,-11.2553544849217,-0.0303115018914015,64.8097706489703
00:00:58.7756,69.6343296573738,-3.74649990345619,-11.5530220987627,-0.0305361289364585,64.7023267352683
00:00:58.8756,69.634513810375,-3.84151684653351,-11.8460195654903,-0.0307579253805143,64.5940945269861
00:00:58.9756,69.6347025386678,-3.93502119719734,-12.1343523216676,-0.0309768911265892,64.4850840208424
00:00:59.0756,69.6348957688734,-4.02701487204309,-12.4180262765795,-0.031193026087037,64.3753052138825
00:00:59.1756,69.6350934277095,-4.11749993892671,-12.697047806396,-0.031406330182684,64.2647681034461
00:00:59.2756,69.6352954419979,-4.20647861506567,-12.9714237483063,-0.0316168033420267,64.1534826871393
00:00:59.3756,69.6355017386717,-4.29395326517385,-13.2411613947581,-0.031824445500478,64.041458962809
00:00:59.4756,69.6357122447822,-4.37992639961264,-13.5062684877467,-0.0320292565996702,63.9287069285192
00:00:59.5756,69.6359268875059,-4.46440067258995,-13.7667532132513,-0.0322312365868848,63.81523658253
00:00:59.6756,69.6361455941519,-4.54737888033859,-14.022624195608,-0.0324303854144552,63.7010579232794
00:00:59.7756,69.6363682921683,-4.62886395936823,-14.2738904921099,-0.0326267030393344,63.5861809493652
00:00:59.8756,69.6365949091491,-4.70885898466861,-14.5205615874565,-0.0328201894225925,63.4706156595306
00:00:59.9756,69.636825372841,-4.7873671679875,-14.7626473884339,-0.0330108445290647,63.3543720526493
00:01:00.0756,69.6370596111498,-4.864391856059,-15.0001582184416,-0.0331986683269368,63.2374601277136
00:01:00.1756,69.6372975521471,-4.9399365289002,-15.23310481223,-0.0333836607874652,63.1198898838228
00:01:00.2756,69.6375391240767,-5.01400479805907,-15.4614983104879,-0.0335658218846345,63.001671320173
00:01:00.3756,69.6377842553608,-5.0866004049262,-15.685350254627,-0.0337451515949418,62.8828144360478
00:01:00.4756,69.6380328746065,-5.15772721898,-15.9046725813605,-0.0339216498970762,62.7633292308098
00:01:00.5756,69.6382849106118,-5.22738923614304,-16.1194776176248,-0.0340953167718277,62.6432257038935
00:01:00.6756,69.6385402923931,-5.29559131386623,-16.3297803473158,-0.0342661523635068,62.5225138547384
00:01:00.7756,69.6387989491367,-5.36233617890423,-16.5355891842904,-0.0344341562275415,62.4012036831552
00:01:00.8756,69.6390608102436,-5.42762905130437,-16.7369202311469,-0.0345993287996833,62.2793051884997
00:01:00.9756,69.6393258053335,-5.49147432019626,-16.9337870284931,-0.0347616698427069,62.1568283703655
00:01:01.0756,69.6395938642477,-5.55387658117069,-17.1262037538569,-0.0349211793114575,62.0337832286066
00:01:01.1756,69.6398649170549,-5.614840591614,-17.3141850839433,-0.035077857300007,61.9101797629837
00:01:01.2756,69.6401388940563,-5.67437118007096,-17.4977459151312,-0.0352317037907444,61.7860279732223
00:01:01.3756,69.6404157257902,-5.73247328059225,-17.6769014693802,-0.0353827187407664,61.6613378591307
00:01:01.4756,69.6406953430375,-5.7891519526299,-17.8516673555712,-0.0355309021484344,61.5361194205654
00:01:01.5756,69.6409776768278,-5.84441236579608,-18.0220595224992,-0.0356762540169198,61.4103826573919
00:01:01.6756,69.6412626584437,-5.89825979294618,-18.1880942375341,-0.0358187743367701,61.2841375694958
00:01:01.7756,69.6415502194269,-5.95069961303731,-18.3497880954265,-0.0359584630990544,61.1573941567904
00:01:01.8756,69.6418402915826,-6.00173731054519,-18.5071580165002,-0.0360953202995678,61.0301624192099
00:01:01.9756,69.6421328069849,-6.05137847227066,-18.6602212367956,-0.0362293459342293,60.9024523567048
00:01:02.0756,69.6424276979817,-6.09962878543898,-18.8089953021996,-0.0363605399981625,60.7742739692421
00:01:02.1756,69.6427248971994,-6.14649403638228,-18.9534980643743,-0.0364889024870631,60.6456372568043
00:01:02.2756,69.6430243375477,-6.19198010885649,-19.0937476755574,-0.0366144333973866,60.5165522193877
00:01:02.3756,69.6433259522244,-6.23609298216164,-19.2297625827577,-0.0367371327258268,60.387028857001
00:01:02.4756,69.6436296747202,-6.27883872940188,-19.3615615223807,-0.0368570004692519,60.2570771696642
00:01:02.5756,69.6439354388224,-6.32022351577763,-19.4891635149537,-0.036974036624826,60.1267071574079
00:01:02.6756,69.6442431786204,-6.36025359684725,-19.6125878597573,-0.0370882411900193,59.9959288202719
00:01:02.7756,69.6445528285093,-6.39893531673191,-19.7318541292808,-0.03719961416247,59.864752158305
00:01:02.8756,69.6448643231944,-6.43627510639031,-19.8469821638943,-0.0373081555400339,59.7331871715638
00:01:02.9756,69.6451775976954,-6.47227948182533,-19.9579920663102,-0.0374138653207193,59.6012438601122
00:01:03.0756,69.6454925873503,-6.50695504235112,-20.0649041962317,-0.0375167435027376,59.4689322240207
00:01:03.1756,69.6458092278197,-6.54030846879093,-20.1677391647874,-0.0376167900844374,59.3362622633662
00:01:03.2756,69.6461274550907,-6.57234652170916,-20.2665178290717,-0.037714005064295,59.2032439782308
00:01:03.3756,69.6464472054803,-6.60307603962013,-20.3612612866139,-0.0378083884408937,59.0698873687022
00:01:03.4756,69.6467684156395,-6.63250393721477,-20.4519908699016,-0.0378999402129441,58.9362024348724
00:01:03.5756,69.6470910225571,-6.66063720357097,-20.5387281408553,-0.037988660379289,58.8021991768383
00:01:03.6756,69.6474149635627,-6.6874829003152,-20.6214948851515,-0.0380745489387881,58.6678875947003
00:01:03.7756,69.6477401763309,-6.71304815987837,-20.7003131068377,-0.0381576058904334,58.533277688563
00:01:03.8756,69.6480665988841,-6.7373401836612,-20.7752050226672,-0.0382378312333194,58.3983794585342
00:01:03.9756,69.6483941695961,-6.76036624021272,-20.8461930564758,-0.0383152249665762,58.2632029047249
00:01:04.0756,69.6487228271952,-6.78213366340985,-20.9132998335609,-0.0383897870893527,58.1277580272491
00:01:04.1756,69.6490525107674,-6.80264985068613,-20.9765481752131,-0.0384615176009463,57.9920548262236
00:01:04.2756,69.6493831597595,-6.82192226113585,-21.0359610928632,-0.0385304165006516,57.8561033017675
00:01:04.3756,69.6497147139818,-6.83995841373951,-21.0915617826033,-0.0385964837878317,57.7199134540027
00:01:04.4756,69.6500471136113,-6.85676588548975,-21.1433736194021,-0.0386597194618792,57.5834952830528
00:01:04.5756,69.6503802991941,-6.87235230957794,-21.1914201515061,-0.0387201235222415,57.4468587890438
00:01:04.6756,69.6507142116484,-6.88672537352623,-21.2357250946734,-0.0387776959683817,57.3100139721034
00:01:04.7756,69.6510487922671,-6.89989281737294,-21.2763123265726,-0.0388324367998423,57.1729708323612
00:01:04.8756,69.6513839827198,-6.91186243177178,-21.3132058809148,-0.0388843460161551,57.0357393699485
00:01:04.9756,69.651719725056,-6.92264205617444,-21.3464299418442,-0.0389334236168963,56.8983295849979
00:01:05.0756,69.6520559617068,-6.93223957694911,-21.3760088381303,-0.0389796696016833,56.7607514776438
00:01:05.1756,69.6523926354872,-6.9406629255066,-21.4019670373842,-0.0390230839701319,56.6230150480215
00:01:05.2756,69.6527296895986,-6.94792007645072,-21.4243291403497,-0.0390636667219033,56.4851302962681
00:01:05.3756,69.6530670676307,-6.95401904568417,-21.4431198750571,-0.0391014178566832,56.3471072225214
00:01:05.4756,69.6534047135631,-6.95896788852983,-21.458364091025,-0.0391363373741603,56.2089558269205
00:01:05.5756,69.6537425717677,-6.96277469785727,-21.4700867534782,-0.0391684252740564,56.0706861096057
00:01:05.6756,69.65408058701,-6.96544760217697,-21.4783129374658,-0.039197681556097,55.932308070718
00:01:05.7756,69.6544187044513,-6.96699476377659,-21.4830678221101,-0.0392241062200619,55.7938317103994
00:01:05.8756,69.6547568696497,-6.96742437678031,-21.484376684617,-0.0392476992657049,55.6552670287926
00:01:05.9756,69.6550950285621,-6.96674466529263,-21.4822648945481,-0.0392684606928168,55.5166240260415
00:01:06.0756,69.6554331275453,-6.9649638814552,-21.4767579078244,-0.039286390501185,55.3779127022902
00:01:06.1756,69.6557711133576,-6.96209030358184,-21.4678812609711,-0.0393014886906573,55.2391430576839
00:01:06.2756,69.6561089331597,-6.95813223418777,-21.4556605650365,-0.0393137552610415,55.100325092368
00:01:06.3756,69.6564465345159,-6.95309799813073,-21.4401214998561,-0.0393231902121842,54.961468806489
00:01:06.4756,69.6567838653953,-6.9469959406429,-21.4212898079797,-0.0393297935439259,54.8225842001935
00:01:06.5756,69.6571208741726,-6.93983442545454,-21.399191288882,-0.0393335652561618,54.6836812736289
00:01:06.6756,69.6574575096292,-6.93162183281012,-21.3738517928417,-0.0393345053487518,54.5447700269427
00:01:06.7756,69.6577937209534,-6.92236655759323,-21.3452972151556,-0.0393326138215971,54.4058604602832
00:01:06.8756,69.6581294577418,-6.91207700733823,-21.3135534900048,-0.039327890674581,54.2669625737987
00:01:06.9756,69.658464669999,-6.90076160034595,-21.27864658464,-0.0393203359076379,54.1280863676382
00:01:07.0756,69.658799308139,-6.88842876368325,-21.2406024932111,-0.0393099495206713,53.9892418419507
00:01:07.1756,69.6591333229849,-6.87508693129244,-21.1994472309338,-0.0392967315136191,53.8504389968857
00:01:07.2756,69.6594666657694,-6.86074454200415,-21.1552068279593,-0.0392806818864313,53.7116878325926
00:01:07.3756,69.6597992881352,-6.84541003759677,-21.1079073233883,-0.0392618006390496,53.5729983492214
00:01:07.4756,69.6601311421345,-6.82909186084657,-21.0575747592552,-0.0392400877714319,53.4343805469218
00:01:07.5756,69.6604621802298,-6.81179845356562,-21.0042351744758,-0.0392155432835609,53.2958444258441
00:01:07.6756,69.6607923552932,-6.79353825462723,-20.9479145987565,-0.0391881671754028,53.1573999861383
00:01:07.7756,69.6611216206063,-6.77431969803051,-20.8886390466234,-0.0391579594469618,53.0190572279547
00:01:07.8756,69.6614499298603,-6.7541512108884,-20.8264345112167,-0.0391249200982168,52.8808261514435
00:01:07.9756,69.661777237155,-6.7330412115072,-20.7613269583668,-0.0390890491291859,52.7427167567549
00:01:08.0756,69.6621034969989,-6.71099810736728,-20.6933423203657,-0.0390503465398833,52.6047390440391
00:01:08.1756,69.6624286643082,-6.68803029317134,-20.6225064899471,-0.0390088123303206,52.4669030134464
00:01:08.2756,69.6627526944064,-6.66414614886841,-20.5488453141916,-0.0389644465005477,52.3292186651266
00:01:08.3756,69.6630755430235,-6.63935403764138,-20.4723845883195,-0.0389172490505922,52.1916959992298
00:01:08.4756,69.6633971662949,-6.61366230396154,-20.393150049691,-0.038867219980507,52.0543450159057
00:01:08.5756,69.6637175207607,-6.58707927156122,-20.3111673715528,-0.0388143592903351,51.9171757153038
00:01:08.6756,69.6640365633647,-6.55961324148953,-20.2264621570423,-0.0387586669801716,51.7801980975735
00:01:08.7756,69.6643542514527,-6.53127249005615,-20.1390599328457,-0.0387001430500667,51.643422162864
00:01:08.8756,69.6646705427722,-6.50206526690371,-20.0489861432533,-0.0386387875001044,51.506857911324
00:01:08.9756,69.66498539547,-6.47199979295668,-19.956266143834,-0.0385746003303759,51.3705153431022
00:01:09.0756,69.6652987680916,-6.44108425844877,-19.8609251953519,-0.0385075815409756,51.2344044583467
00:01:09.1756,69.6656106195792,-6.40932682091817,-19.7629884575839,-0.0384377311320233,51.0985352572054
00:01:09.2756,69.6659209092701,-6.37673560318043,-19.6624809830686,-0.038365049103619,50.9629177398258
00:01:09.3756,69.6662295968951,-6.34331869135291,-19.559427711014,-0.0382895354558848,50.8275619063549
00:01:09.4756,69.6665366425768,-6.30908413282004,-19.4538534610229,-0.0382111901889558,50.6924777569394
00:01:09.5756,69.6668420068272,-6.27403993423251,-19.3457829269232,-0.0381300133029705,50.5576752917253
00:01:09.6756,69.6671456505462,-6.23819405948983,-19.235240670547,-0.0380460047980698,50.4231645108583
00:01:09.7756,69.6674475350189,-6.20155442772499,-19.122251115516,-0.0379591646744021,50.2889554144836
00:01:09.8756,69.667747621914,-6.16412891129177,-19.0068385410352,-0.0378694929321389,50.1550580027457
00:01:09.9756,69.6680458732811,-6.12592533372969,-18.8890270756182,-0.0377769895714432,50.0214822757887
00:01:10.0319,69.6682133198093,-6.12538430364757,-18.8873519267559,-0.0377914530693292,49.9463425513176
00:01:10.0478,69.6682604838601,-6.14248472247805,-18.9400783622699,-0.0378504494876131,49.9251845674397
00:01:10.0636,69.6683078602466,-6.17935700766895,-19.0537704420837,-0.0379724717069866,49.9039748251963
00:01:10.0794,69.6683555718014,-6.23075358311793,-19.2122474778742,-0.0381409109801498,49.8826847945612
00:01:10.0953,69.6684036918516,-6.28758698738268,-19.3874886778941,-0.0383268833961484,49.8612973789909
00:01:10.1167,69.6684693738218,-6.3583671845029,-19.6057333865625,-0.0385593396451766,49.8322386598761
00:01:10.1381,69.6685357141932,-6.41583975962149,-19.7829445684086,-0.0387496775986031,49.8030219539908
00:01:10.1676,69.6686280881136,-6.47672629127391,-19.9706813388973,-0.0389539421584627,49.7625059732862
00:01:10.1972,69.668721302335,-6.53014435438027,-20.1353893293556,-0.0391347591442975,49.7217842862544
00:01:10.2267,69.6688153410728,-6.58893333076466,-20.3166581683021,-0.0393331812727449,49.6808600976109
00:01:10.2625,69.6689305814186,-6.67105697273417,-20.5698772817594,-0.0396091371721966,49.6309439094369
00:01:10.3131,69.6690959970183,-6.79121394039012,-20.9403678401157,-0.0400136016856055,49.5597590778578
00:01:10.3637,69.6692642486034,-6.90472543714629,-21.2903670299493,-0.0403982701756704,49.487876901646
00:01:10.4144,69.6694352086127,-7.01165522459867,-21.6200714789077,-0.0407632485344323,49.4153245673467
00:01:10.4903,69.6696966217619,-7.17231476268766,-22.1154441226694,-0.0413143537596291,49.3052541479556
00:01:10.5856,69.6700331250013,-7.37455822331697,-22.7390341725474,-0.0420128370131356,49.1649990099736
00:01:10.6856,69.6703960579143,-7.58165505555469,-23.3775870436237,-0.0427350566609689,49.0153543899359
00:01:10.7856,69.6707688940304,-7.78288477277833,-23.9980474944861,-0.0434442677521502,48.8631835941317
00:01:10.8856,69.6711514086021,-7.9800517942079,-24.605979352436,-0.0441463558629576,48.7085182960139
00:01:10.9856,69.6715433988785,-8.17327781713958,-25.2017578670175,-0.0448417499900337,48.5513848519766
00:01:11.0856,69.6719446552005,-8.36201421789853,-25.783691401205,-0.045528663094363,48.3918112438193
00:01:11.1856,69.6723549632994,-8.54629683556471,-26.3518904756459,-0.0462072169830092,48.2298265396461
00:01:11.2856,69.6727741129317,-8.72631930848222,-26.9069521752801,-0.0468780583258086,48.0654588179051
00:01:11.3856,69.6732018962551,-8.90207915838726,-27.448868874984,-0.0475411836643776,47.8987355609145
00:01:11.4856,69.673638105192,-9.0735408833415,-27.9775311263235,-0.0481964744492015,47.7296843030944
00:01:11.5856,69.6740825320932,-9.24073147706271,-28.4930221838122,-0.0488440175269366,47.5583324805046
00:01:11.6856,69.6745349704416,-9.40368164768193,-28.995436757008,-0.0494839101726293,47.3847072686923
00:01:11.7856,69.6749952145419,-9.56240162469973,-29.4848064133179,-0.0501161778678791,47.2088356687902
00:01:11.8856,69.6754630592969,-9.71690173749855,-29.9611630301848,-0.0507408432299716,47.0307445728498
00:01:11.9856,69.6759383003016,-9.86719828235542,-30.4245568853828,-0.0513579462011967,46.8504607511873
00:01:12.0856,69.6764207338896,-10.0133067865802,-30.8750358874893,-0.0519675212203474,46.6680108511851
00:01:12.1856,69.6769101570934,-10.1552409317402,-31.3126422557059,-0.052569593404778,46.4834214177092
00:01:12.2856,69.6774063676332,-10.2930148681035,-31.7374196561611,-0.0531641864578481,46.2967189064348
00:01:12.3856,69.6779091639368,-10.4266434604439,-32.1494139597473,-0.0537513235481721,46.1079296895995
00:01:12.4856,69.6784183451523,-10.5561416526106,-32.5486712827658,-0.0543310251064182,45.9170800633498
00:01:12.5856,69.6789337111572,-10.6815245394862,-32.9352382087302,-0.0549033090600139,45.7241962561427
00:01:12.6856,69.679455062574,-10.8028076389587,-33.3091626268925,-0.0554681917853464,45.5293044354986
00:01:12.7856,69.6799822007901,-10.9200069175188,-33.6704938110947,-0.0560256882061242,45.332430713616
00:01:12.8856,69.6805149279787,-11.0331387670438,-34.019282348112,-0.0565758117179027,45.1336011527414
00:01:12.9856,69.6810530471208,-11.1422200545279,-34.3555802909162,-0.057118574372777,44.9328417701394
00:01:13.0856,69.6815963620299,-11.2472681734501,-34.6794413169879,-0.057653987074916,44.7301785424736
00:01:13.1856,69.6821446773777,-11.3483010661171,-34.9909207971345,-0.058182059675463,44.525637409731
00:01:13.2856,69.6826977987215,-11.4453372423687,-35.2900758530896,-0.0587028010564022,44.3192442787998
00:01:13.3856,69.6832555324391,-11.5383926059649,-35.5769555720791,-0.0592162189578454,44.1110250263236
00:01:13.4856,69.6838176859854,-11.6274930908692,-35.8516399688628,-0.0597223208741062,43.9010055031394
00:01:13.5856,69.6843840677785,-11.7126560670607,-36.1141826531888,-0.0602211136772346,43.6892115347195
00:01:13.6856,69.6849544872189,-11.7939024175472,-36.3646480674517,-0.0607126029520485,43.4756689246001
00:01:13.7856,69.6855287548358,-11.8712573331671,-36.6031139371974,-0.0611967942257934,43.26040345725
00:01:13.8856,69.6861066820694,-11.9447360610359,-36.8296273287022,-0.0616736920453084,43.0434408980109
00:01:13.9856,69.686688081469,-12.014364909153,-37.0442694132246,-0.0621433004766612,42.8248069970284
00:01:14.0856,69.6872727667368,-12.0801675381463,-37.2471131997092,-0.0626056236974235,42.6045274899107
00:01:14.1856,69.687860552748,-12.1421682235134,-37.4382335933211,-0.0630606653490488,42.3826280988009
00:01:14.2856,69.6884512555747,-12.2003918659564,-37.6177074272416,-0.0635084285339918,42.1591345339891
00:01:14.3856,69.6890446925158,-12.2548640483221,-37.7856136381642,-0.0639489161018359,41.9340724951475
00:01:14.4856,69.6896406821287,-12.3056110275317,-37.9420332413396,-0.0643821306748901,41.707467672268
00:01:14.5856,69.6902390442621,-12.3526597187237,-38.0870492816171,-0.0648080745994436,41.4793457465922
00:01:14.6856,69.6908396000876,-12.3960376954861,-38.2207468340908,-0.0652267499790583,41.2497323914977
00:01:14.7856,69.691442172132,-12.4357731890523,-38.3432130015556,-0.0656381587196873,41.018653273266
00:01:14.8856,69.692046584309,-12.4718950822977,-38.4545368959293,-0.0660423025449888,40.786134051765
00:01:14.9856,69.6926526619506,-12.504432903678,-38.5548096195002,-0.0664391830077288,40.5522003810749
00:01:15.0856,69.6932602318382,-12.5334168215959,-38.6441242474934,-0.0668288015082154,40.3168779100562
00:01:15.1856,69.6938691222339,-12.5588776378948,-38.7225758079483,-0.0672111593110238,40.0801922828591
00:01:15.2218,69.6940894103382,-12.5670303652788,-38.7476943492535,-0.0673467449917778,39.9943483068055
00:01:15.3050,69.6945966130779,-12.5563534010982,-38.7147314135123,-0.0675399244216648,39.7961816860666
00:01:15.3333,69.6947693363056,-12.5522746350037,-38.7021408561572,-0.0676046926471399,39.7284894374618
00:01:15.3617,69.6949420884454,-12.5543804914634,-38.7086192037795,-0.067695665569531,39.660706098114
00:01:15.3900,69.6951149133666,-12.5596744582665,-38.7249273606122,-0.0678004846610894,39.5928178039218
00:01:15.4184,69.6952878236154,-12.5691326605498,-38.7540749753363,-0.067923294648296,39.5248452328208
00:01:15.4750,69.6956333293685,-12.588720531595,-38.8144404789509,-0.0681733914988144,39.3888254393119
00:01:15.5316,69.6959792107776,-12.5995975560183,-38.8479479769759,-0.0683893938293799,39.2523651612287
00:01:15.6148,69.6964882739088,-12.6052887791889,-38.8654523784547,-0.0686676556526556,39.0509302359317
00:01:15.7148,69.6971001992359,-12.611838745468,-38.8855957442835,-0.0690069502840519,38.8078243006836
00:01:15.8148,69.6977124384643,-12.6178856942882,-38.9041880982003,-0.0693510339244261,38.5635084900726
00:01:15.9148,69.6983248441689,-12.619625788392,-38.9095012656073,-0.0696835210824409,38.3180045844591
00:01:16.0148,69.6989372346376,-12.6173389148704,-38.902398276761,-0.0700053749870294,38.0713456233309
00:01:16.1148,69.6995494515343,-12.6122284034983,-38.8865893552964,-0.0703216582765762,37.8235577523064
00:01:16.2148,69.7001613473225,-12.6041459893263,-38.8616174120453,-0.0706315919471299,37.5746641948347
00:01:16.3148,69.700772768723,-12.5927892871324,-38.8265501714182,-0.0709336793513055,37.3246905740031
00:01:16.4148,69.7013835621265,-12.5782826355207,-38.7817710515371,-0.0712282961083614,37.0736632090127
00:01:16.5148,69.7019935782231,-12.5607596020901,-38.7276919230791,-0.0715158699641483,36.8216076207814
00:01:16.6148,69.7026026698705,-12.5402196695967,-38.6643112405288,-0.0717962463683274,36.5685491883737
00:01:16.7148,69.7032106912393,-12.5166854385735,-38.5916987352702,-0.072069307987513,36.3145135495007
00:01:16.8148,69.7038174984322,-12.490208155051,-38.5100124582067,-0.0723351125025926,36.0595263626304
00:01:16.9148,69.7044229495052,-12.4608262141273,-38.4193708368445,-0.07259369115423,35.8036132045437
00:01:17.0148,69.7050269044665,-12.4285797341309,-38.3198976107111,-0.0728450232170656,35.5467996530134
00:01:17.1148,69.7056292253297,-12.3935107587325,-38.2117224544456,-0.0730891008768453,35.2891113110371
00:01:17.2148,69.7062297761197,-12.3556606132591,-38.0949728267279,-0.0733259312074969,35.0305737791374
00:01:17.3148,69.7068284228764,-12.3150708420322,-37.9697768602715,-0.0735555159532955,34.7712126503804
00:01:17.4148,69.7074250336849,-12.2717839538542,-37.8362656602768,-0.0737778527503119,34.51105351936
00:01:17.5148,69.7080194786992,-12.2258428175714,-37.694571440802,-0.0739929412477952,34.2501219829231
00:01:17.6148,69.708611630158,-12.1772904794066,-37.5448269615426,-0.0742007821787044,33.9884436373374
00:01:17.7148,69.7092013624011,-12.1261704184785,-37.3871663156266,-0.0744013755577367,33.7260440783246
00:01:17.8148,69.7097885518903,-12.0725265538305,-37.2217249512623,-0.0745947211304196,33.46294890193
00:01:17.9148,69.7103730772262,-12.0164031270358,-37.0486393097711,-0.074780818887661,33.1991837044354
00:01:18.0148,69.7109548191652,-11.9578446979597,-36.8680468125053,-0.0749596688809258,32.9347740820987
00:01:18.1148,69.7115336606349,-11.8968961699711,-36.6800859385625,-0.0751312710804413,32.6697456312058
00:01:18.2148,69.7121094867507,-11.8336027696051,-36.4848961620706,-0.0752956254449395,32.4041239481461
00:01:18.3148,69.7126821848305,-11.7680100215315,-36.2826178749981,-0.075452731959058,32.1379346293907
00:01:18.4148,69.7132516444089,-11.7001637403564,-36.0733923618675,-0.0756025906084574,31.8712032714715
00:01:18.5148,69.7138177572513,-11.6301100220225,-35.8573617732316,-0.0757452013705989,31.6039554709905
00:01:18.6148,69.7143804173671,-11.5578952292511,-35.6346690807822,-0.0758805642231905,31.3362168246259
00:01:18.7148,69.7149395210222,-11.4835659778269,-35.4054580350597,-0.0760086791463363,31.0680129291288
00:01:18.8148,69.7154949667511,-11.407169124742,-35.1698731288928,-0.0761295461196909,30.7993693813229
00:01:18.9148,69.716046655368,-11.3287517558727,-34.9280595594039,-0.0762431651220968,30.5303117781051
00:01:19.0148,69.7165944899782,-11.2483611729769,-34.6801631879196,-0.0763495361324991,30.2608657164467
00:01:19.1148,69.7171383759874,-11.1660448809108,-34.4263305005568,-0.0764486591299562,29.9910567933931
00:01:19.2148,69.7176782211119,-11.0818505750171,-34.1667085693422,-0.0765405340933841,29.720910606064
00:01:19.3148,69.7182139353873,-10.9958261283707,-33.9014450128924,-0.0766251610015872,29.4504527516536
00:01:19.4148,69.7187454312366,-10.9080216418239,-33.6306943169372,-0.0767025404051527,29.1797088281149
00:01:19.5148,69.7192726233299,-10.8184812385409,-33.3545925359437,-0.0767726715528126,28.9087044315737
00:01:19.6148,69.7197954286856,-10.7272551813251,-33.0732946522402,-0.0768355541398904,28.6374651597078
00:01:19.7148,69.7203137666844,-10.6343919888134,-32.7869502693317,-0.0768911885188569,28.3660166104064
00:01:19.8148,69.7208275590686,-10.5399402514468,-32.4957092107608,-0.0769395748474522,28.0943843811751
00:01:19.9148,69.7213367299416,-10.4439486261255,-32.1997215036412,-0.0769807130040824,27.8225940695642
00:01:20.0148,69.7218412057715,-10.3464658679281,-31.8991374764661,-0.0770146029212909,27.5506712733278
00:01:20.1148,69.7223409153941,-10.2475408124201,-31.5941077045747,-0.0770412446116293,27.2786415902906
00:01:20.2148,69.7228357900169,-10.147222353848,-31.2847829429388,-0.0770606380646688,27.0065306183144
00:01:20.3148,69.7233257632213,-10.0455594349602,-30.9713140947962,-0.0770727832474305,26.7343639553424
00:01:20.4148,69.7238107709652,-9.94260103518671,-30.6538521752236,-0.0770776801359662,26.4621671994057
00:01:20.5148,69.7242907515836,-9.83839615661203,-30.3325482679085,-0.0770753287124426,26.1899659486087
00:01:20.6148,69.7247656457903,-9.73299381104816,-30.0075534853135,-0.0770657289556824,25.9177858011288
00:01:20.7148,69.7252353966772,-9.62644300727925,-29.6790189293707,-0.0770488808429182,25.6456523552206
00:01:20.8148,69.7256999497145,-9.51879273784945,-29.3470956507682,-0.0770247843525915,25.3735912092159
00:01:20.9148,69.726159252749,-9.41009196592909,-29.01193460848,-0.0769934394635163,25.101627961522
00:01:21.0148,69.726613256003,-9.30038961233484,-28.6736866297706,-0.0769548461541354,24.8297882106223
00:01:21.1148,69.7270619120711,-9.18973454242961,-28.3325023698299,-0.0769090044028327,24.5580975550761
00:01:21.2148,69.7275051759179,-9.07817555299055,-27.9885322713115,-0.0768559141881729,24.2865815935188
00:01:21.3148,69.7279430048739,-8.96576135908894,-27.6419265239067,-0.0767955754887404,24.0152659246614
00:01:21.4148,69.7283753586313,-8.85254058099309,-27.2928350239914,-0.0767279882831304,23.7441761472906
00:01:21.5148,69.7288021992393,-8.7385617310193,-26.9414073341134,-0.0766531525499886,23.4733378602686
00:01:21.6148,69.729223491098,-8.62387320038873,-26.587792642498,-0.0765710682680114,23.202776662533
00:01:21.7148,69.7296392009593,-8.5085234688409,-26.2321404093221,-0.0764817358387253,22.932518153345
00:01:21.8148,69.7300492979036,-8.3925602053962,-25.8745975943568,-0.076385154493683,22.6625879314597
00:01:21.9148,69.7304537533428,-8.27603157663961,-25.5153126904886,-0.0762813244807211,22.3930115959658
00:01:22.0148,69.7308525410125,-8.15898534590752,-25.1544329465028,-0.0761702457800776,22.1238147462116
00:01:22.1148,69.7312456369628,-8.04146911439673,-24.7921051104624,-0.076051918415417,21.8550229815914
00:01:22.2148,69.7316330195486,-7.92353027269049,-24.4284752802906,-0.0759263424016028,21.5866619014654
00:01:22.3148,69.7320146694192,-7.80521599254971,-24.0636888784926,-0.0757935176936098,21.3187571052672
00:01:22.4148,69.7323905695076,-7.68657322271602,-23.6978906392466,-0.0756534442597343,21.051334192538
00:01:22.5148,69.7327607050188,-7.56764867265599,-23.3312245583173,-0.0755061220884721,20.7844187628895
00:01:22.6148,69.7331250634187,-7.44848879834747,-22.9638338492649,-0.0753515511620448,20.518036415996
00:01:22.7148,69.7334836344204,-7.32913979000443,-22.5958609056319,-0.0751897314569611,20.2522127516056
00:01:22.8148,69.7338364099721,-7.20964755876242,-22.2274472599242,-0.0750206629523317,19.986973369541
00:01:22.9148,69.7341833842424,-7.0900577232678,-21.8587335422966,-0.0748443456289775,19.7223438696962
00:01:23.0148,69.734524553606,-6.97041559665172,-21.4898594404244,-0.0746607794669139,19.458349852035
00:01:23.1148,69.7348599166286,-6.85076617341038,-21.1209636590856,-0.0744699644458852,19.1950169165924
00:01:23.2148,69.7351894740513,-6.73115411614928,-20.7521838793243,-0.0742719005460796,18.9323706634738
00:01:23.3148,69.7355132287739,-6.61162374242128,-20.3836567179031,-0.0740665877479277,18.670436692854
00:01:23.4148,69.7358311858377,-6.49221901159445,-20.0155176868469,-0.0738540260318772,18.4092406049772
00:01:23.5148,69.7361433524082,-6.37298351170318,-19.6479011529353,-0.0736342153785162,18.1488080001565
00:01:23.6148,69.7364497377566,-6.25396044628429,-19.2809402971491,-0.0734071557686231,17.8891644787727
00:01:23.7148,69.7367503532284,-6.13519220428117,-18.9147657887164,-0.0731728474672758,17.6303356416463
00:01:23.8148,69.737045212255,-6.01672203147967,-18.5495109381707,-0.0729312901133161,17.3723470886282
00:01:23.9148,69.7373343303118,-5.89859144389695,-18.18530372287,-0.0726824835041474,17.1152244204441
00:01:24.0148,69.7376177248976,-5.78084199597715,-17.8222722383662,-0.0724264278255436,16.8589932379599
00:01:24.1148,69.7378954155145,-5.66351477664731,-17.4605431447761,-0.0721631231596958,16.6036791418502
00:01:24.2148,69.7381674236466,-5.54665040337429,-17.1002416484871,-0.0718925694311241,16.3493077328399
00:01:24.3148,69.7384337727374,-5.43028902117946,-16.7414914991478,-0.0716147665964771,16.0959046117898
00:01:24.4148,69.7386944881662,-5.31447028601892,-16.3844149384567,-0.0713297146574547,15.8434953796205
00:01:24.5148,69.7389495972244,-5.19923335063088,-16.0291326565569,-0.0710374136024443,15.5921056372929
00:01:24.6148,69.7391991290905,-5.08461685290503,-15.6757637562056,-0.0707378634074523,15.3417609858335
00:01:24.7148,69.7394431148051,-4.97065890245288,-15.3244257113964,-0.0704310640540113,15.0924870263363
00:01:24.8148,69.7396815872443,-4.85739706718559,-14.9752343260048,-0.0701170155272158,14.8443093599542
00:01:24.9148,69.7399145810941,-4.74486836069204,-14.6283036948999,-0.0697957178104668,14.597253587898
00:01:25.0148,69.7401421328221,-4.63310922934079,-14.2837461642037,-0.0694671708865006,14.3513453114383
00:01:25.1148,69.7403642806506,-4.52215553917529,-13.9416722909136,-0.0691313747389745,14.1066101319041
00:01:25.2148,69.7405810645274,-4.41204256297572,-13.602190803037,-0.0687883293519707,13.8630736506817
00:01:25.3148,69.7407925260971,-4.30280496742397,-13.2654085600438,-0.0684380347095911,13.6207614692136
00:01:25.4148,69.7409987086714,-4.19447680019668,-12.9314305130959,-0.0680804907961269,13.3796991889982
00:01:25.5148,69.7411996571984,-4.08709147707891,-12.6003596653404,-0.0677156975962136,13.1399124115887
00:01:25.6148,69.741395418232,-3.98068176911299,-12.2722970323096,-0.0673436550947172,12.9014267385921
00:01:25.7148,69.7415860399001,-3.8752797897924,-11.9473416024603,-0.0669643632767582,12.6642677716686
00:01:25.8148,69.7417715718725,-3.7709169822404,-11.625590297664,-0.0665778221277037,12.4284611125302
00:01:25.9148,69.7419520653279,-3.66762410643851,-11.3071379338512,-0.0661840316332111,12.1940323629404
00:01:26.0148,69.7421275729207,-3.56543122645971,-10.9920771816689,-0.0657829917792039,11.9610071247127
00:01:26.1148,69.7422981487465,-3.46436769774049,-10.6804985272575,-0.0653747025518665,11.7294109997099
00:01:26.2148,69.74246384827,-3.3644608548104,-10.3724862265944,-0.0649591643033347,11.4992695901969
00:01:26.3148,69.7426247283844,-3.26574120300495,-10.0681343113323,-0.0645363764779612,11.2706084975549
00:01:26.4148,69.7427808473122,-3.16823458294303,-9.76752243223688,-0.0641063390626645,11.0434533238393
00:01:26.5148,69.7429322645665,-3.07196739190868,-9.47073195649623,-0.06366905216982,10.8178296712929
00:01:26.6148,69.7430790409185,-2.97696525715491,-9.17784187758537,-0.0632245158741801,10.5937631420265
00:01:26.7148,69.7432212383629,-2.88325301522837,-8.88892875153664,-0.0627727301449397,10.3712793381311
00:01:26.8148,69.7433589200797,-2.79085470641844,-8.60406667983773,-0.0623136949419876,10.1504038617865
00:01:26.9148,69.7434921503956,-2.699793561941,-8.32332726992962,-0.061847410260714,9.93116231522823
00:01:27.0148,69.7436209947447,-2.61009199039265,-8.04677959345503,-0.0613738760980283,9.71358030071753
00:01:27.1148,69.743745519628,-2.5217715662019,-7.77449015066249,-0.0608930924397845,9.49768342055292
00:01:27.2148,69.7438657925726,-2.43485301707156,-7.50652283169956,-0.0604050592723578,9.2834972770778
00:01:27.3148,69.7439818820904,-2.34935621066343,-7.24293887556931,-0.0599097765765653,9.07104747269499
00:01:27.4148,69.744093857636,-2.2653001431978,-6.98379683498931,-0.0594072443281284,8.86035960988393
00:01:27.5148,69.7442017895644,-2.18270292718277,-6.72915253856723,-0.0588974625035836,8.65145929120623
00:01:27.6148,69.7443057490873,-2.10158177898877,-6.47905905249814,-0.0583804310796792,8.44437211930611
00:01:27.7148,69.7444058082297,-2.02195300691963,-6.23356664379238,-0.0578561500308601,8.23912369691513
00:01:27.8148,69.7445020397857,-1.94383199922897,-5.99272274333365,-0.0573246193286253,8.03573962686059
00:01:27.9148,69.744594517273,-1.86723321216716,-5.75657190903105,-0.0567858389409824,7.83424551207679
00:01:28.0148,69.744683314888,-1.79217015826706,-5.5251557897061,-0.0562398088307198,7.63466695562082
00:01:28.1148,69.7447685074593,-1.71865539486542,-5.29851308970614,-0.0556865289528663,7.43702956069578
00:01:28.2148,69.7448501704012,-1.6467005128699,-5.07667953427371,-0.0551259992516122,7.24135893068383
00:01:28.3148,69.7449283796669,-1.57631612583699,-4.85968783587427,-0.0545582196559579,7.04768066919256
00:01:28.4148,69.7450032117001,-1.50751185950812,-4.64756766193554,-0.0539831900736385,6.85602038011999
00:01:28.5148,69.7450747433875,-1.44029634189035,-4.44034560426513,-0.0534009103829271,6.6664036677449
00:01:28.6148,69.7451430520099,-1.37467719401235,-4.23804515054963,-0.0528113804215226,6.47885613685148
00:01:28.7148,69.745208215193,-1.31066102155023,-4.04068665853472,-0.0522145999716419,6.29340339290037
00:01:28.8148,69.7452703108582,-1.24825340751118,-3.84828733346573,-0.051610568740078,6.11007104226153
00:01:28.9148,69.7453294171728,-1.18745890623167,-3.66086120958065,-0.0509992863318007,5.92888469252956
00:01:29.0148,69.7453856124999,-1.12828103895671,-3.47841913647668,-0.0503807522152496,5.74986995294757
00:01:29.1148,69.7454389753482,-1.0707222913158,-3.30096877132373,-0.0497549656769721,5.57305243497324
00:01:29.2148,69.7454895843217,-1.01478411305265,-3.12851457802576,-0.049121925762989,5.39845775302962
00:01:29.3148,69.7455375180699,-0.960466920331387,-2.96105783432472,-0.0484816312033519,5.22611152549382
00:01:29.3497,69.7455535850943,-0.93973696475857,-2.89714861113384,-0.0481645392318578,5.16663587645421
00:01:29.3845,69.7455692943616,-0.917920103865303,-2.82988853555691,-0.0477879593031746,5.10758324456948
00:01:29.4194,69.745584653548,-0.897724636285458,-2.76762711763866,-0.047466865565115,5.04894484732801
00:01:29.4542,69.7455996950586,-0.880145964415653,-2.71343311779168,-0.0472478033879318,4.99063306787485
00:01:29.5016,69.7456196689697,-0.857918209711382,-2.64490627166579,-0.0470094859292879,4.91180830205573
00:01:29.5489,69.7456391200226,-0.835201230922945,-2.57487118834108,-0.046734447383341,4.8334333834525
00:01:29.5963,69.7456580388419,-0.811667982031779,-2.5023196062135,-0.0464048865475789,4.75556722804396
00:01:29.6590,69.7456822680943,-0.781103938106925,-2.40809251921557,-0.0459667487832836,4.65331434819469
00:01:29.7217,69.745705589642,-0.751803296650381,-2.3177604339923,-0.0455556346362962,4.551991681638
00:01:29.8093,69.7457367284013,-0.712002031897147,-2.19505558678524,-0.0449831554900058,4.41185150690351
00:01:29.8970,69.7457661904723,-0.673092877558058,-2.07510108154732,-0.0443896351675929,4.27352608931379
00:01:29.9970,69.7457978171922,-0.630104742513255,-1.94257135405829,-0.0437015920430733,4.11797939642158
00:01:30.0970,69.7458273988792,-0.588768513391207,-1.81513436956057,-0.0430108424961814,3.96486303497676
00:01:30.1970,69.7458550117001,-0.548987583043886,-1.69249229165738,-0.042312723700867,3.81420055453038
00:01:30.2970,69.7458807302951,-0.510717471996354,-1.57450799038629,-0.0416049098026822,3.66602181077615
00:01:30.3970,69.7459046290438,-0.473981745143202,-1.46125411226489,-0.040889175484928,3.52035615965807
00:01:30.4970,69.7459267823577,-0.438780732364791,-1.35273167198649,-0.0401661480818336,3.37723074733485
00:01:30.5970,69.7459472641466,-0.405095748236852,-1.24888306151482,-0.0394352650428579,3.23667285706961
00:01:30.6970,69.7459661477163,-0.372914797038751,-1.1496712969038,-0.0386964200710178,3.09871028689519
00:01:30.7970,69.7459835058657,-0.342229098618264,-1.05506930775795,-0.0379498282165606,2.96337062283596
00:01:30.8970,69.7459994108333,-0.313026044832693,-0.965038222403743,-0.0371955225959139,2.8306812232626
00:01:30.9970,69.7460139341935,-0.285290707475476,-0.879532016719065,-0.0364334419002185,2.70066948383062
00:01:31.0970,69.7460271467918,-0.259007542841076,-0.798502769183921,-0.0356635811159201,2.57336285222662
00:01:31.1970,69.7460391186822,-0.234159586787332,-0.721898179303388,-0.0348859522021073,2.44878877308307
00:01:31.2970,69.7460499190391,-0.210727729370594,-0.649659331348664,-0.0341005424070356,2.32697471132212
00:01:31.3970,69.7460596160538,-0.188690595715515,-0.581720327078763,-0.0333073329683437,2.20794818207203
00:01:31.4970,69.746068276824,-0.168024479467357,-0.518008080570618,-0.032506314063345,2.09173674437544
00:01:31.5970,69.7460759672011,-0.148701984552549,-0.458438130851176,-0.0316974821312522,1.97836798171535
00:01:31.6970,69.7460827516355,-0.130692642468598,-0.402916544952789,-0.0308808409518173,1.86786947741177
00:01:31.7970,69.7460886929893,-0.113961674524114,-0.351336101975648,-0.0300564087680619,1.76026877360293
00:01:31.8970,69.7460938523222,-0.0984696479756595,-0.303575232973717,-0.0292242242977514,1.65559330981111
00:01:31.9970,69.7460982886547,-0.0841720228354375,-0.259496623786374,-0.0283843510692307,1.55387034375479
00:01:32.0970,69.7461020587136,-0.0710188466450681,-0.218946274039617,-0.0275368816319372,1.45512685640361
00:01:32.1970,69.7461052166684,-0.0589546764123141,-0.181753256475317,-0.0266819407132436,1.35938944424092
00:01:32.2970,69.7461078138717,-0.0479188099893878,-0.147730430268002,-0.0258196857993342,1.26668420547492
00:01:32.3970,69.7461098986212,-0.0378459068383284,-0.116676354795708,-0.0249503044392167,1.17703663021611
00:01:32.4970,69.7461115159141,-0.0286654006997982,-0.0883734789315858,-0.0240740075970514,1.09047150635345
00:01:32.5970,69.7461127074264,-0.0203094196117638,-0.062612557916398,-0.0231910203374388,1.00701285626957
00:01:32.6970,69.7461135114528,-0.0127075198849163,-0.0391764185576837,-0.0223015679496249,0.926683913198581
00:01:32.7970,69.7461139628056,-0.00578676798311013,-0.0178402116567726,-0.0214058583624619,0.84950714904548
00:01:32.8970,69.7461140930687,0.000515538703857442,0.0015893707192527,-0.0205040671729965,0.775504363111855
00:01:32.9970,69.7461139308721,0.00625735704606957,0.019291005695661,-0.0195963230828739,0.704696821816895
00:01:33.0970,69.7461135022494,0.0114882332696969,0.035417440944177,-0.0186826956404401,0.637105445028771
00:01:33.1970,69.7461128310681,0.0162481191157171,0.0500918449832021,-0.0177631888977753,0.572751024042204
00:01:33.2970,69.7461119394999,0.0205669713107147,0.0634065723752151,-0.0168377415556549,0.511654450410893
00:01:33.3970,69.7461108484908,0.0244652049029895,0.07542456133226,-0.0159062328322865,0.453836934607115
00:01:33.4970,69.7461095781903,0.027954961438121,0.0861832434156063,-0.0149684932588803,0.399320195634035
00:01:33.5970,69.7461081483024,0.0310420552888966,0.0957005439389136,-0.0140243190066507,0.348126606773287
00:01:33.6970,69.7461065783332,0.0337283916682784,0.103982336538014,-0.0130734877615346,0.300279288667045
00:01:33.7970,69.7461048877148,0.0360146180242308,0.111030617241137,-0.0121157742234566,0.255802147611512
00:01:33.8970,69.7461030958033,0.0379027778796899,0.116851686077493,-0.0111509637382367,0.214719862837234
00:01:33.9970,69.7461012217518,0.0393987749823042,0.121463743883997,-0.0101788630683266,0.177057830938965
00:01:34.0970,69.7460992842732,0.0405145132638551,0.124903489655511,-0.00919930782533223,0.142842078232424
00:01:34.1970,69.7460973013082,0.0412696413351199,0.127231498704944,-0.00821216656862253,0.112099152674774
00:01:34.2970,69.7460952896192,0.0416928880830642,0.128536340219785,-0.00721734193037526,0.0848560063903312
00:01:34.3970,69.7460932643279,0.0418230213425179,0.128937532782953,-0.00621476932516181,0.0611398782768557
00:01:34.4970,69.7460912384131,0.0417094979797493,0.128587548537503,-0.00520441017782129,0.0409781919415945
00:01:34.5970,69.7460892221654,0.0414135009559077,0.127675010383923,-0.00418584202253665,0.0243993298694685
00:01:34.6970,69.7460872224663,0.041013285068151,0.126441172538097,-0.00315480260698998,0.0114411671264216
00:01:34.7970,69.7460852424908,0.0405868665935968,0.125126553880182,-0.00212197425968148,0.00212359340019314
00:01:34.8276,69.7460846412231,0.0404626611519634,0.124743637100555,-0.00180980626442884,6.90182774213538e-17
00:01:34.8276,69.7460846412231,0.0404627941927823,0.124744047256366,-0.00181010457253765,-5.8072656790786e-14
00:01:34.8298,69.7460845980312,0.0404541229778396,0.124717314501173,-0.0017877222154297,-0.000138906331778766
00:01:34.8326,69.7460845417217,0.0404429467124243,0.124682858849011,-0.00175868825956175,-0.000317107284181109
00:01:34.8355,69.7460844854276,0.0404319148327822,0.124648848328372,-0.00172980369547217,-0.000492381477504629
00:01:34.8384,69.7460844291441,0.0404209928915665,0.124615176740426,-0.0017009638409526,-0.000665609657619723
00:01:34.8438,69.7460843233439,0.0404006036875371,0.124552318237424,-0.00164659508832417,-0.000984104739046883
00:01:34.8574,69.7460840566045,0.0403497973687091,0.124395685878192,-0.00150792381217514,-0.00174175687985628
00:01:34.8710,69.7460837901928,0.0403002651811168,0.124242981578789,-0.00136700984157847,-0.00243284647284874
00:01:34.8846,69.7460835241015,0.0402526356958971,0.124096143181365,-0.00122414188345522,-0.00305576215944284
00:01:34.9025,69.7460831755651,0.0401943791331952,0.123916542247588,-0.00103518684632494,-0.00376806739282099
00:01:34.9261,69.746082715508,0.0401268888515472,0.123708474414905,-0.000785028300303971,-0.00452677048125217
00:01:34.9566,69.746082122395,0.0400587773951994,0.123498491578177,-0.00046355701740629,-0.00519904437596654
00:01:34.9926,69.7460814225987,0.0400096579372361,0.123347059811527,-8.54500621506366e-05,-0.00554847000238371
00:01:35.0037,69.7460812058713,0.0400020625902912,0.123323643930663,3.09013599977241e-05,-0.0055592284250172
00:01:35.0077,69.74608112947,0.0400003185442401,0.123318267175591,7.10520546086048e-05,-0.00555214862571722
00:01:35.0116,69.7460810530708,0.0399990829885883,0.123314458061905,0.000109396011796203,-0.00553963067594351
00:01:35.0173,69.746080942213,0.0399981098576515,0.123311457995063,0.000159790975237876,-0.00551259394388174
00:01:35.0257,69.7460807792302,0.0399979444056839,0.123310947961671,0.000219335985734381,-0.00545683915963136
00:01:35.0341,69.7460806162471,0.0399984835888284,0.123312610270506,0.000259468232965196,-0.00538640285533029
00:01:35.0425,69.746080453262,0.0399990205535746,0.123314265740172,0.000279572020755568,-0.00530701753717481
00:01:35.0509,69.7460802902756,0.0399992023628307,0.123314826289566,0.000281268504982646,-0.00522432401839941
00:01:35.0593,69.7460801272892,0.0399990200117331,0.123314264157304,0.000267878483516215,-0.00514325371033737
00:01:35.0677,69.7460799643038,0.0399986688721007,0.123313181661444,0.000243723071611715,-0.00506762366144067
00:01:35.0761,69.7460798013195,0.0399983803217221,0.123312292124004,0.000213443968353297,-0.00499993880804408
00:01:35.0845,69.746079638336,0.039998301523446,0.123312049238061,0.000181428185613885,-0.00494137891087831
00:01:35.0929,69.7460794753523,0.0399984534383147,0.123312517625087,0.000151378707008016,-0.00489193350347073
00:01:35.1041,69.746079257867,0.0399988656951593,0.123313788643404,0.000119171429673188,-0.00483805754698612
00:01:35.1178,69.7460789910194,0.0399993344187656,0.123315233758181,9.53675614431879e-05,-0.00478517608238382
00:01:35.1288,69.7460787773787,0.0399994779760695,0.123315676393016,8.90291289858586e-05,-0.00474893657390378
00:01:35.1399,69.7460785637379,0.0399993963863361,0.123315424914813,9.22707379710382e-05,-0.0047134099725053
00:01:35.1509,69.7460783500977,0.0399991870877357,0.123314779718838,0.000101953081784716,-0.00467549320431877
00:01:35.1619,69.7460781364586,0.0399989655484655,0.123314096785707,0.0001145427636266,-0.00463337390623537
00:01:35.1729,69.7460779228205,0.0399988046871029,0.123313600918448,0.000126854818566405,-0.00458652095201757
00:01:35.1868,69.7460776531344,0.0399987127831683,0.123313317657321,0.000138328042706591,-0.00452169766317948
00:01:35.2100,69.7460772012145,0.0399987248809244,0.123313355075318,0.000144108800211821,-0.00440680101695364
00:01:35.2262,69.7460768868973,0.0399987885619777,0.123313551484146,0.000139324331033615,-0.0043261292469242
00:01:35.2424,69.7460765725795,0.0399988782936057,0.123313828205128,0.000130352781261995,-0.00424916213667729
00:01:35.2586,69.746076258261,0.0399989819145278,0.123314147745862,0.00012076197516918,-0.0041773090309345
00:01:35.2748,69.7460759439417,0.0399990742147559,0.123314432385666,0.00011327602416244,-0.00411021109544517
00:01:35.3015,69.7460754265209,0.0399991579698296,0.123314690735914,0.000107696832458889,-0.00400547477739548
00:01:35.3281,69.7460749090994,0.0399991769970733,0.123314749534654,0.000107900636680161,-0.00390345806491234
00:01:35.3548,69.7460743916776,0.0399991867901241,0.123314779865004,0.000109460954266088,-0.00380109516206369
00:01:35.3814,69.7460738742555,0.0399992183161353,0.123314877196597,0.000108950018737223,-0.00369857580148041
00:01:35.4203,69.7460731205367,0.0399992945490091,0.123315112419912,0.000103983102140344,-0.00355327165778559
00:01:35.4591,69.7460723668165,0.039999378210376,0.123315370544768,9.75561348824432e-05,-0.00341527957694805
00:01:35.4979,69.7460716130949,0.0399994451400028,0.123315577086806,9.276028855874e-05,-0.00328449136111123
00:01:35.5516,69.7460705711091,0.039999512337023,0.123315784530661,8.87047011681952e-05,-0.00311188379534027
00:01:35.6053,69.7460695291216,0.0399995711817946,0.123315966225102,8.49840181504171e-05,-0.00294718427161
00:01:35.6590,69.7460684871326,0.0399996310827269,0.123316151175615,8.03881720969868e-05,-0.0027906558898956
00:01:35.7590,69.7460665460427,0.0399997295599065,0.123316455295689,7.21138900250336e-05,-0.0025214216121803
00:01:35.8590,69.7460646049486,0.039999808434003,0.12331669898079,6.51746936407757e-05,-0.00227851776361485
00:01:35.9590,69.7460626638509,0.0399998710143791,0.123316892433459,5.90703509131629e-05,-0.00205882155633326
00:01:36.0590,69.7460607227505,0.039999922411791,0.123317051409808,5.33538350084691e-05,-0.00186020919531977
00:01:36.1590,69.7460587816477,0.0399999647818854,0.123317182555551,4.81541899027141e-05,-0.00168083583330516
00:01:36.2590,69.7460568405431,0.0399999992627612,0.123317289379368,4.35219149870674e-05,-0.00151878919141839
00:01:36.3590,69.746054899437,0.0400000272874482,0.123317376299195,3.93416170690441e-05,-0.00137233989377199
00:01:36.4590,69.7460529583296,0.0400000501934799,0.123317447438554,3.5543407833089e-05,-0.00124000484967556
00:01:36.5590,69.7460510172212,0.0400000689299363,0.123317505723396,3.21114911317446e-05,-0.00112043929214354
00:01:36.6590,69.746049076112,0.0400000842178784,0.123317553376702,2.90170125974924e-05,-0.00101240412877365
00:01:36.7590,69.746047135002,0.0400000966867324,0.12331759233895,2.62203668270275e-05,-0.000914783194350151
00:01:36.8590,69.7460451938915,0.0400001068674405,0.123317624247001,2.36914051362588e-05,-0.000826575103647896
00:01:36.9590,69.7460432527806,0.0400001151813012,0.123317650399687,2.14066296396396e-05,-0.000746873359797931
00:01:37.0590,69.7460413116693,0.0400001219669786,0.123317671841088,1.93427498702459e-05,-0.000674856783678137
00:01:37.1590,69.7460393705577,0.040000127504806,0.123317689435452,1.74777265046268e-05,-0.000609784066649006
00:01:37.2590,69.7460374294458,0.0400001320252589,0.12331770389332,1.57923663972233e-05,-0.000550985973045371
00:01:37.3590,69.7460354883337,0.0400001357152444,0.123317715790912,1.42695770360077e-05,-0.000497857534990256
00:01:37.4590,69.7460335472214,0.0400001387268782,0.123317725597193,1.2893669491773e-05,-0.000449851955416782
00:01:37.5590,69.746031606109,0.0400001411847612,0.123317733696297,1.16504099899334e-05,-0.000406475256683292
00:01:37.6590,69.7460296649965,0.0400001431907486,0.123317740402238,1.05270179415677e-05,-0.000367281135336434
00:01:37.7590,69.7460277238839,0.0400001448278543,0.123317745970941,9.51195640827906e-06,-0.00033186628938547
00:01:37.8590,69.7460257827712,0.0400001461638124,0.123317750611227,8.59477488603973e-06,-0.000299866294352154
00:01:37.9590,69.7460238416584,0.040000147253964,0.123317754493708,7.76602917277848e-06,-0.000270951876254644
00:01:38.0590,69.7460219005456,0.0400001481434948,0.123317757757689,7.0171939091739e-06,-0.00024482551350344
00:01:38.1590,69.7460199594327,0.0400001488692769,0.123317760516844,6.34056554404469e-06,-0.000221218369172381
00:01:38.2590,69.7460180183198,0.0400001494614075,0.12331776286396,5.72918080925597e-06,-0.000199887528314392
00:01:38.3590,69.7460160772069,0.0400001499444604,0.123317764874797,5.17674814713611e-06,-0.000180613500064649
00:01:38.4590,69.7460141360939,0.040000150338495,0.123317766611197,4.67758342071643e-06,-0.000163197957860416
00:01:38.5590,69.7460121949809,0.040000150659884,0.123317768123635,4.22655043175463e-06,-0.000147461698280404
00:01:38.6590,69.7460102538679,0.0400001509219914,0.123317769453312,3.81900801198295e-06,-0.000133242797493751
00:01:38.7590,69.7460083127549,0.040000151135726,0.123317770633859,3.45076257968709e-06,-0.000120394945182572
00:01:38.8590,69.7460063716418,0.0400001513099918,0.123317771692727,3.11802498085357e-06,-0.000108785938892219
00:01:38.9590,69.7460044305287,0.0400001514520557,0.123317772652318,2.81737140263733e-06,-9.82963236708285e-05
00:01:39.0590,69.7460024894156,0.0400001515678487,0.123317773530918,2.54570815317134e-06,-8.88181629409251e-05
00:01:39.1590,69.7460005483025,0.0400001516622115,0.123317774343449,2.3002398571938e-06,-8.02539278503134e-05
00:01:39.2590,69.7459986071894,0.0400001517390942,0.123317775102092,2.07844068648489e-06,-7.25154937009642e-05
00:01:39.3590,69.7459966660763,0.0400001518017205,0.123317775816782,1.87802836086589e-06,-6.55232331598107e-05
00:01:39.4590,69.7459947249632,0.0400001518527208,0.123317776495631,1.69694066633342e-06,-5.92051969098353e-05
00:01:39.5590,69.74599278385,0.0400001518942416,0.123317777145254,1.53331423767332e-06,-5.34963733019029e-05
00:01:39.6590,69.7459908427368,0.040000151928034,0.123317777771052,1.38546538375479e-06,-4.83380193933734e-05
00:01:39.7590,69.7459889016237,0.0400001519555267,0.123317778377428,1.25187276191355e-06,-4.36770564923177e-05
00:01:39.8590,69.7459869605105,0.0400001519778853,0.123317778967976,1.13116172392224e-06,-3.94655239861208e-05
00:01:39.9590,69.7459850193973,0.0400001519960605,0.123317779545627,1.02209017125365e-06,-3.56600858338484e-05
00:01:40.0000,69.7459842241299,0.0400001519524903,0.123317779625008,9.8056657483262e-07,-3.42116546641386e-05
